date,code,open,high,low,close,preclose,volume,amount,adjustflag,turn,tradestatus,pctChg,isST
2010-01-26,sz.002344,23.0000,23.9700,21.9500,21.9600,20.0000,31938858,717815204.9300,3,57.033675,1,9.799995,0
2010-01-27,sz.002344,21.6000,23.4700,21.0000,22.5900,21.9600,22283365,501964558.0700,3,39.791723,1,2.868900,0
2010-01-28,sz.002344,22.0000,22.2700,20.8100,21.2000,22.5900,13649745,291731004.1400,3,24.374545,1,-6.153200,0
2010-01-29,sz.002344,21.3900,22.2400,21.3500,21.6300,21.2000,11124053,242351441.4900,3,19.864380,1,2.028300,0
2010-02-01,sz.002344,21.0500,21.2900,20.4000,20.7500,21.6300,6805864,141345388.0500,3,12.153329,1,-4.068400,0
2010-02-02,sz.002344,20.8100,21.1900,20.1600,20.4000,20.7500,6743360,139123112.6100,3,12.041714,1,-1.686700,0
2010-02-03,sz.002344,20.3400,20.7300,19.6600,20.5800,20.4000,6055206,122567512.1400,3,10.812868,1,0.882400,0
2010-02-04,sz.002344,20.2700,20.8100,20.0000,20.6700,20.5800,5824533,119231590.0800,3,10.400952,1,0.437300,0
2010-02-05,sz.002344,20.3300,21.1800,20.0500,20.7300,20.6700,4486459,92261184.3400,3,8.011534,1,0.290300,0
2010-02-08,sz.002344,20.7300,21.0000,20.4100,20.7000,20.7300,3348825,69595770.8800,3,5.980045,1,-0.144700,0
2010-02-09,sz.002344,20.5300,20.8500,20.1600,20.5100,20.7000,2416483,49582018.4600,3,4.315148,1,-0.917900,0
2010-02-10,sz.002344,20.5800,20.6800,20.3100,20.5800,20.5100,1595483,32704536.7700,3,2.849077,1,0.341300,0
2010-02-11,sz.002344,20.5200,20.7000,20.2500,20.2500,20.5800,2090997,42849458.1700,3,3.733923,1,-1.603500,0
2010-02-12,sz.002344,20.3900,20.6600,20.1500,20.5400,20.2500,2282940,46686597.9700,3,4.076679,1,1.432100,0
2010-02-22,sz.002344,20.4500,20.7300,20.3800,20.5000,20.5400,1616138,33215524.2700,3,2.885961,1,-0.194700,0
2010-02-23,sz.002344,20.4000,20.7500,20.0100,20.7300,20.5000,3438402,69780725.5000,3,6.140004,1,1.122000,0
2010-02-24,sz.002344,20.5500,21.7000,20.5100,21.4500,20.7300,6354761,134796203.0200,3,11.347788,1,3.473200,0
2010-02-25,sz.002344,21.4800,21.8800,21.3100,21.6700,21.4500,4711427,102175916.6700,3,8.413263,1,1.025600,0
2010-02-26,sz.002344,21.6000,22.6000,21.5000,22.0000,21.6700,8826058,196184289.3600,3,15.760818,1,1.522800,0
2010-03-01,sz.002344,21.8500,22.2100,21.6800,21.7700,22.0000,4990420,109219411.8400,3,8.911464,1,-1.045500,0
2010-03-02,sz.002344,21.7700,21.9500,20.9700,21.2000,21.7700,5252141,112288225.0800,3,9.378823,1,-2.618300,0
2010-03-03,sz.002344,21.1900,21.4500,21.1200,21.4000,21.2000,2804986,59833754.1400,3,5.008904,1,0.943400,0
2010-03-04,sz.002344,21.4000,21.8500,20.9000,20.9900,21.4000,3574998,76586591.8700,3,6.383925,1,-1.915900,0
2010-03-05,sz.002344,21.0400,21.8500,21.0100,21.8000,20.9900,2927486,62665290.9200,3,5.227654,1,3.859000,0
2010-03-08,sz.002344,21.8000,22.3400,21.7000,21.9700,21.8000,3702892,81692083.1000,3,6.612307,1,0.779800,0
2010-03-09,sz.002344,21.8300,22.2500,21.5900,22.0500,21.9700,2498447,54961293.4400,3,4.461512,1,0.364100,0
2010-03-10,sz.002344,22.2500,22.2500,21.6200,21.6500,22.0500,2121446,46283513.1200,3,3.788296,1,-1.814100,0
2010-03-11,sz.002344,21.7500,21.9800,21.5500,21.7400,21.6500,1546250,33721946.9600,3,2.761161,1,0.415700,0
2010-03-12,sz.002344,21.7000,22.2000,21.6200,21.7000,21.7400,3029613,66653735.8800,3,5.410023,1,-0.184000,0
2010-03-15,sz.002344,21.7500,22.2300,21.3300,22.1200,21.7000,2957479,64720677.9400,3,5.281213,1,1.935500,0
2010-03-16,sz.002344,22.1500,22.5500,21.9000,22.4800,22.1200,4373891,97738621.1100,3,7.810520,1,1.627500,0
2010-03-17,sz.002344,22.4800,24.2500,22.4800,23.8400,22.4800,12648000,297170314.6400,3,22.585714,1,6.049800,0
2010-03-18,sz.002344,23.7000,24.3900,23.5500,23.7000,23.8400,6983066,167676017.9300,3,12.469761,1,-0.587200,0
2010-03-19,sz.002344,23.6000,24.3000,23.5000,24.1800,23.7000,4470171,106579613.4000,3,7.982448,1,2.025300,0
2010-03-22,sz.002344,24.1800,24.1800,24.1800,24.1800,24.1800,0,0.0000,3,,0,0.000000,0
2010-03-23,sz.002344,24.3800,24.4800,23.5000,23.9500,24.1800,3873552,93119555.3200,3,6.917057,1,-0.951200,0
2010-03-24,sz.002344,23.9300,26.1400,23.7600,25.8100,23.9500,8971625,225758254.2400,3,16.020759,1,7.766200,0
2010-03-25,sz.002344,25.8500,27.4400,25.3100,26.3500,25.8100,7739315,206534238.2800,3,13.820205,1,2.092200,0
2010-03-26,sz.002344,26.0000,27.4800,25.4600,27.2600,26.3500,5357508,142661242.5500,3,9.566979,1,3.453500,0
2010-03-29,sz.002344,27.2600,29.2000,27.0000,28.4800,27.2600,6044496,171331448.3500,3,10.793743,1,4.475400,0
2010-03-30,sz.002344,28.5000,30.4100,28.1200,29.7600,28.4800,5307411,155450232.9600,3,9.477520,1,4.494400,0
2010-03-31,sz.002344,29.8000,30.8100,29.0900,29.6700,29.7600,5012947,149358009.7900,3,8.951691,1,-0.302400,0
2010-04-01,sz.002344,29.3300,30.0000,28.8900,29.0500,29.6700,5397839,158017051.9000,3,9.638998,1,-2.089700,0
2010-04-02,sz.002344,28.9000,28.9600,28.1000,28.7400,29.0500,5900238,168440455.6500,3,10.536139,1,-1.067100,0
2010-04-06,sz.002344,28.5800,29.3000,28.1100,29.1000,28.7400,4846688,139182457.7000,3,8.654800,1,1.252600,0
2010-04-07,sz.002344,28.7000,29.8900,28.3800,29.6100,29.1000,4582290,133606654.8600,3,8.182661,1,1.752600,0
2010-04-08,sz.002344,29.3800,31.5800,29.1300,30.5400,29.6100,6816344,208578700.5800,3,12.172043,1,3.140800,0
2010-04-09,sz.002344,30.4600,31.3300,30.2000,30.7000,30.5400,2885152,88364996.9400,3,5.152057,1,0.523900,0
2010-04-12,sz.002344,30.6500,31.2500,30.1500,30.5500,30.7000,3577223,109393324.9200,3,6.387898,1,-0.488600,0
2010-04-13,sz.002344,30.4800,30.9400,27.8500,29.6500,30.5500,6160712,180227417.3500,3,11.001271,1,-2.946000,0
2010-04-14,sz.002344,29.1200,31.0000,28.6000,30.3000,29.6500,3226905,96973042.9900,3,5.762330,1,2.192200,0
2010-04-15,sz.002344,30.4500,31.5000,29.3500,30.1000,30.3000,2421803,73756265.9000,3,4.324648,1,-0.660100,0
2010-04-16,sz.002344,29.2600,33.1100,29.2600,33.1100,30.1000,5994440,189890788.2500,3,10.704357,1,10.000000,0
2010-04-19,sz.002344,33.1100,34.8800,31.5000,32.2600,33.1100,5791451,194126337.8100,3,10.341877,1,-2.567200,0
2010-04-20,sz.002344,32.2600,35.1000,31.8100,35.1000,32.2600,4770768,160133671.4600,3,8.519229,1,8.803500,0
2010-04-21,sz.002344,34.8000,35.4800,34.0000,35.2500,35.1000,3917793,136974603.9300,3,6.996059,1,0.427400,0
2010-04-22,sz.002344,35.2700,36.9600,34.5600,35.8000,35.2500,4156017,149876394.6100,3,7.421459,1,1.560300,0
2010-04-23,sz.002344,35.8000,35.8000,33.6000,33.8900,35.8000,3598698,124179260.8200,3,6.426246,1,-5.335200,0
2010-04-26,sz.002344,33.0100,34.8000,32.4500,33.8600,33.8900,7531357,251432736.8500,3,10.759081,1,-0.088500,0
2010-04-27,sz.002344,33.8700,34.7500,33.0300,34.3100,33.8600,5717451,193597680.6400,3,8.167787,1,1.329000,0
2010-04-28,sz.002344,34.0000,37.7400,33.7500,37.0000,34.3100,6323021,231707891.8100,3,9.032887,1,7.840300,0
2010-04-29,sz.002344,36.5100,37.4500,35.2000,35.2300,37.0000,4442792,159358455.3300,3,6.346846,1,-4.783800,0
2010-04-30,sz.002344,34.3800,35.7700,33.0000,34.9000,35.2300,5871595,201522087.4300,3,8.387993,1,-0.936700,0
2010-05-04,sz.002344,33.7800,35.2800,33.1300,33.8800,34.9000,2565281,87334295.7100,3,3.664687,1,-2.922600,0
2010-05-05,sz.002344,33.7300,36.4700,33.3000,35.9800,33.8800,3551192,125303334.3500,3,5.073131,1,6.198300,0
2010-05-06,sz.002344,35.9800,35.9800,35.9800,35.9800,35.9800,0,0.0000,3,,0,0.000000,0
2010-05-07,sz.002344,34.5000,39.4800,34.5000,36.6400,35.9800,6689598,249892538.0500,3,9.556569,1,1.834400,0
2010-05-10,sz.002344,37.5000,38.5900,34.6900,38.0800,36.6400,3443618,127614809.5500,3,4.919454,1,3.930100,0
2010-05-11,sz.002344,38.6000,39.3000,35.1300,35.5000,38.0800,3761886,140437299.9700,3,5.374123,1,-6.775200,0
2010-05-12,sz.002344,35.0000,36.9300,33.2500,34.8800,35.5000,3099586,108330465.7200,3,4.427980,1,-1.746500,0
2010-05-13,sz.002344,34.8000,35.6900,32.3800,35.1200,34.8800,3140513,106370849.4000,3,4.486447,1,0.688100,0
2010-05-14,sz.002344,34.8400,35.4800,34.1300,34.6000,35.1200,1520186,52658719.5000,3,2.171694,1,-1.480600,0
2010-05-17,sz.002344,34.6000,35.5000,33.5400,33.5900,34.6000,1656198,57040424.0700,3,2.365997,1,-2.919100,0
2010-05-18,sz.002344,33.5000,34.3600,32.0900,33.8300,33.2900,1900377,63139561.2100,3,2.714824,1,1.622100,0
2010-05-19,sz.002344,33.8900,36.6000,33.5100,36.1500,33.8300,3041168,107621705.7200,3,4.344526,1,6.857800,0
2010-05-20,sz.002344,36.1000,37.5000,35.7100,36.4500,36.1500,2380410,87315100.4000,3,3.400586,1,0.829900,0
2010-05-21,sz.002344,35.3800,37.7900,35.1600,37.3000,36.4500,2660372,97107368.2900,3,3.800531,1,2.332000,0
2010-05-24,sz.002344,37.6600,38.8000,37.1200,38.3500,37.3000,2896328,109914157.0300,3,4.137611,1,2.815000,0
2010-05-25,sz.002344,38.2300,38.2800,37.4000,37.6000,38.3500,1581199,59701515.7800,3,2.258856,1,-1.955700,0
2010-05-26,sz.002344,37.2000,38.3500,37.0000,37.3000,37.6000,1345707,50765866.7700,3,1.922439,1,-0.797900,0
2010-05-27,sz.002344,37.1300,39.0000,37.0100,38.6900,37.3000,1938888,74376168.4000,3,2.769840,1,3.726500,0
2010-05-28,sz.002344,39.0200,39.2000,37.0800,37.7200,38.6900,2225856,84337202.2800,3,3.179794,1,-2.507100,0
2010-05-31,sz.002344,37.7800,38.1700,37.0100,37.0100,37.7200,1238372,46490518.3900,3,1.769103,1,-1.882300,0
2010-06-01,sz.002344,36.8800,37.1900,33.9900,35.0600,37.0100,1983218,69925721.6800,3,2.833169,1,-5.268800,0
2010-06-02,sz.002344,34.8600,36.1800,34.0900,36.0400,35.0600,1674842,59331941.3100,3,2.392631,1,2.795200,0
2010-06-03,sz.002344,36.1400,37.2500,35.8000,35.8500,36.0400,1488134,54562347.4300,3,2.125906,1,-0.527200,0
2010-06-04,sz.002344,35.2100,35.8500,35.0200,35.4800,35.8500,764624,27032267.9700,3,1.092320,1,-1.032100,0
2010-06-07,sz.002344,34.9900,36.4000,34.9000,35.8500,35.4800,1013102,36228990.4100,3,1.447289,1,1.042800,0
2010-06-08,sz.002344,35.8000,36.6000,35.1000,35.8700,35.8500,1062702,38092342.1200,3,1.518146,1,0.055800,0
2010-06-09,sz.002344,36.1200,36.2300,34.7500,35.4000,35.8700,2144169,75497358.9500,3,3.063099,1,-1.310280,0
2010-06-10,sz.002344,35.4800,37.4000,34.3000,37.3500,35.4000,3223221,116578510.2600,3,4.604601,1,5.508500,0
2010-06-11,sz.002344,37.3500,38.2800,37.0800,37.9800,37.3500,2660885,100623953.2800,3,3.801264,1,1.686700,0
2010-06-17,sz.002344,38.1700,38.9000,36.7900,36.7900,37.9800,1579683,59677360.7300,3,2.256690,1,-3.133200,0
2010-06-18,sz.002344,36.5900,36.5900,34.6500,35.1500,36.7900,1892853,66971137.1200,3,2.704076,1,-4.457700,0
2010-06-21,sz.002344,35.1500,35.1500,35.1500,35.1500,35.1500,0,0.0000,3,,0,0.000000,0
2010-06-22,sz.002344,36.0700,37.5000,35.8800,36.6000,35.1500,1850430,68181680.6100,3,2.643471,1,4.125200,0
2010-06-23,sz.002344,35.9800,37.2000,35.5000,36.3800,36.6000,1231350,44460903.1600,3,1.759071,1,-0.601100,0
2010-06-24,sz.002344,36.3600,36.9600,35.8200,36.7200,36.3800,892300,32544508.8600,3,1.274714,1,0.934600,0
2010-06-25,sz.002344,37.1700,37.1700,35.5000,36.2000,36.7200,982311,35560742.9500,3,1.403301,1,-1.416100,0
2010-06-28,sz.002344,36.4000,36.4000,33.7000,33.8300,36.2000,3503111,121042444.0700,3,5.004444,1,-6.547000,0
2010-06-29,sz.002344,34.0700,34.0700,32.0000,32.2000,33.8300,1863854,61155375.3100,3,2.662649,1,-4.818200,0
2010-06-30,sz.002344,31.9000,33.0600,31.3200,33.0200,32.2000,802124,25876085.3900,3,1.145891,1,2.546600,0
2010-07-01,sz.002344,32.8400,33.1500,32.3000,32.6200,33.0200,547006,17954802.6500,3,0.781437,1,-1.211400,0
2010-07-02,sz.002344,32.6200,32.7900,30.5000,32.6900,32.6200,1140354,36270038.6900,3,1.629077,1,0.214600,0
2010-07-05,sz.002344,32.3700,33.6900,31.8100,32.4100,32.6900,820216,27076731.6600,3,1.171737,1,-0.856500,0
2010-07-06,sz.002344,32.6700,33.7800,31.9000,33.7500,32.4100,749798,24988151.6200,3,1.071140,1,4.134500,0
2010-07-07,sz.002344,33.5100,35.0000,33.4500,34.7000,33.7500,1592213,54787253.8500,3,2.274590,1,2.814800,0
2010-07-08,sz.002344,35.0800,35.6500,34.7100,35.2300,34.7000,1562787,54868739.9900,3,2.232553,1,1.527400,0
2010-07-09,sz.002344,35.2200,36.0000,34.6000,35.0000,35.2300,1341223,47203948.7800,3,1.916033,1,-0.652900,0
2010-07-12,sz.002344,35.0100,35.8200,34.8000,34.9800,35.0000,869334,30550275.1100,3,1.241906,1,-0.057100,0
2010-07-13,sz.002344,34.8400,35.4000,34.2500,34.6000,34.9800,807755,27999955.6400,3,1.153936,1,-1.086300,0
2010-07-14,sz.002344,34.8700,35.2900,34.2100,34.2100,34.6000,921051,31910148.3800,3,1.315787,1,-1.127200,0
2010-07-15,sz.002344,34.4900,34.6400,32.5000,32.5000,34.2100,1359125,45812231.8200,3,1.941607,1,-4.998500,0
2010-07-16,sz.002344,32.4900,32.4900,31.5000,32.0000,32.5000,1270905,40637810.0400,3,1.815579,1,-1.538462,0
2010-07-19,sz.002344,32.0000,33.5900,31.5000,33.5800,32.0000,1135031,37287024.5000,3,1.621473,1,4.937500,0
2010-07-20,sz.002344,33.5800,34.2600,33.5800,34.1800,33.5800,987042,33557432.7700,3,1.410060,1,1.786800,0
2010-07-21,sz.002344,34.1900,34.3900,33.2200,33.3700,34.1800,1062225,35677493.1400,3,1.517464,1,-2.369800,0
2010-07-22,sz.002344,33.1800,34.1000,32.7000,33.9500,33.3700,1167872,39037626.6200,3,1.668389,1,1.738100,0
2010-07-23,sz.002344,33.9500,34.4300,33.6200,34.4000,33.9500,1254047,42871546.7400,3,1.791496,1,1.325500,0
2010-07-26,sz.002344,34.4000,35.3600,34.0800,35.2700,34.4000,1298458,45562133.7500,3,1.854940,1,2.529100,0
2010-07-27,sz.002344,35.2000,35.2500,34.5500,35.1200,35.2700,767229,26832891.9100,3,1.096041,1,-0.425300,0
2010-07-28,sz.002344,34.8500,35.5000,34.7500,35.2000,35.1200,723228,25483134.9800,3,1.033183,1,0.227800,0
2010-07-29,sz.002344,35.8500,37.1000,35.5000,36.7900,35.2000,2317423,84759564.8700,3,3.310604,1,4.517000,0
2010-07-30,sz.002344,36.7000,36.7000,35.7000,36.2000,36.7900,1073435,38835556.5400,3,1.533479,1,-1.603700,0
2010-08-02,sz.002344,35.6200,36.8200,35.6200,36.5200,36.2000,489941,17844514.8000,3,0.699916,1,0.884000,0
2010-08-03,sz.002344,36.7000,36.9200,35.5100,35.7200,36.5200,622401,22427855.9500,3,0.889144,1,-2.190600,0
2010-08-04,sz.002344,35.6000,35.9800,35.3000,35.9600,35.7200,559300,19890218.3300,3,0.799000,1,0.671900,0
2010-08-05,sz.002344,35.8800,36.3600,35.6000,35.7700,35.9600,634800,22834115.5300,3,0.906857,1,-0.528400,0
2010-08-06,sz.002344,35.7800,36.5000,35.4000,36.4400,35.7700,940217,33992218.9900,3,1.343167,1,1.873100,0
2010-08-09,sz.002344,36.4400,38.6500,36.4300,38.6500,36.4400,2598937,99125090.6200,3,3.712767,1,6.064800,0
2010-08-10,sz.002344,38.6100,39.5000,37.1000,37.1900,38.6500,1697285,64749921.5200,3,2.424693,1,-3.777500,0
2010-08-11,sz.002344,37.0000,37.6900,36.7900,37.0600,37.1900,1155386,42946574.0800,3,1.650551,1,-0.349600,0
2010-08-12,sz.002344,36.6800,37.5600,36.2000,36.2000,37.0600,1126140,41499497.6200,3,1.608771,1,-2.320600,0
2010-08-13,sz.002344,36.2200,37.4500,35.8200,37.3900,36.2000,827901,30275987.6700,3,1.182716,1,3.287300,0
2010-08-16,sz.002344,37.4000,38.4000,36.8000,38.0700,37.3900,1201340,45421598.9900,3,1.716200,1,1.818700,0
2010-08-17,sz.002344,38.0700,39.2600,37.7500,39.1100,38.0700,2218641,85728481.7400,3,3.169487,1,2.731800,0
2010-08-18,sz.002344,39.1000,43.0000,38.5100,41.9900,39.1100,2766152,112222149.3000,3,3.951646,1,7.363800,0
2010-08-19,sz.002344,42.0000,42.9000,40.8000,41.6500,41.9900,1893448,79512789.7900,3,2.704926,1,-0.809700,0
2010-08-20,sz.002344,41.0100,42.0000,39.9000,40.0100,41.6500,1565575,63937201.7900,3,2.236536,1,-3.937600,0
2010-08-23,sz.002344,40.1000,41.0900,39.5000,40.6800,40.0100,1221051,48920303.0700,3,1.744359,1,1.674600,0
2010-08-24,sz.002344,40.5600,42.5000,40.0500,42.0000,40.6800,1223532,50564122.0400,3,1.747903,1,3.244800,0
2010-08-25,sz.002344,42.0000,42.0700,40.6100,40.7600,42.0000,770139,31747396.8900,3,1.100199,1,-2.952400,0
2010-08-26,sz.002344,40.6800,42.6500,40.6800,42.4700,40.7600,1049261,43772142.5400,3,1.498944,1,4.195300,0
2010-08-27,sz.002344,42.4700,45.5900,42.0200,44.9000,42.4700,1781748,79321368.9000,3,2.545354,1,5.721700,0
2010-08-30,sz.002344,45.5000,48.5000,44.9000,47.7800,44.9000,1677507,78906545.8400,3,2.396439,1,6.414300,0
2010-08-31,sz.002344,47.1100,50.0000,47.0100,47.1800,47.7800,2179521,105511914.6000,3,3.113601,1,-1.255800,0
2010-09-01,sz.002344,47.3500,48.0000,46.0200,47.6500,47.1800,1586295,74200862.9300,3,2.266136,1,0.996200,0
2010-09-02,sz.002344,47.9000,49.8000,47.1900,48.1700,47.6500,1387002,67783784.9300,3,1.981431,1,1.091300,0
2010-09-03,sz.002344,48.0000,48.4100,46.1100,46.8300,48.1700,1416921,66417219.2900,3,2.024173,1,-2.781800,0
2010-09-06,sz.002344,46.8600,47.4800,45.4000,45.7800,46.8300,1014889,46658059.6400,3,1.449841,1,-2.242200,0
2010-09-07,sz.002344,45.3000,46.7900,45.3000,46.6300,45.7800,569090,26439378.1400,3,0.812986,1,1.856700,0
2010-09-08,sz.002344,46.8100,49.0000,46.4800,48.1000,46.6300,1253040,60223450.3900,3,1.790057,1,3.152471,0
2010-09-09,sz.002344,47.5000,48.3500,46.5000,46.6000,48.1000,1002486,47119687.2500,3,1.432123,1,-3.118500,0
2010-09-10,sz.002344,46.6000,47.0600,45.2000,46.3000,46.6000,947606,43529685.9200,3,1.353723,1,-0.643800,0
2010-09-13,sz.002344,46.0100,47.5000,45.9600,46.8200,46.3000,599743,28131990.9500,3,0.856776,1,1.123100,0
2010-09-14,sz.002344,46.9000,49.1600,46.9000,49.1000,46.8200,1578456,76640384.6300,3,2.254937,1,4.869700,0
2010-09-15,sz.002344,49.1100,49.9900,48.0100,48.4200,49.1000,948646,46462911.2600,3,1.355209,1,-1.384900,0
2010-09-16,sz.002344,48.4200,51.7000,48.0600,50.8000,48.4200,2098906,105792013.0300,3,2.998437,1,4.915300,0
2010-09-17,sz.002344,50.8500,53.4900,50.2000,53.3500,50.8000,1780078,93783226.8000,3,2.542969,1,5.019700,0
2010-09-20,sz.002344,54.4100,54.4100,50.8000,51.2000,53.3500,1889831,98898044.4600,3,2.699759,1,-4.030000,0
2010-09-21,sz.002344,50.8700,54.7000,49.2200,54.4000,51.2000,1457207,75382958.9700,3,2.081724,1,6.250000,0
2010-09-27,sz.002344,54.1200,57.5000,53.5000,55.8500,54.4000,1434763,80221504.7000,3,2.049661,1,2.665400,0
2010-09-28,sz.002344,55.8600,56.8900,54.8600,56.3700,55.8500,1257342,69965926.4400,3,1.796203,1,0.931100,0
2010-09-29,sz.002344,56.0500,56.8000,53.1100,54.7700,56.3700,1153300,63538142.2100,3,1.647571,1,-2.838400,0
2010-09-30,sz.002344,53.1000,58.0000,53.1000,56.3000,54.7700,1284546,72828993.9300,3,1.835066,1,2.793500,0
2010-10-08,sz.002344,55.4000,57.8000,54.0000,55.0000,56.3000,1666035,92867604.7500,3,2.380050,1,-2.309100,0
2010-10-11,sz.002344,55.0200,55.6200,50.9700,52.1400,55.0000,3275572,173490092.6200,3,4.679389,1,-5.200000,0
2010-10-12,sz.002344,51.0100,52.8000,50.0900,51.2500,52.1400,1980324,101498112.5800,3,2.829034,1,-1.706900,0
2010-10-13,sz.002344,50.5000,52.5000,50.3500,52.0100,51.2500,1070862,55267635.2900,3,1.529803,1,1.482900,0
2010-10-14,sz.002344,52.0200,52.0200,46.8100,48.4000,52.0100,3169963,156520817.6400,3,4.528519,1,-6.941000,0
2010-10-15,sz.002344,47.7400,47.9500,44.7700,45.6000,48.4000,3295811,151505860.0500,3,4.708301,1,-5.785100,0
2010-10-18,sz.002344,45.0500,45.9600,43.6000,44.9500,45.6000,2172193,97511444.0600,3,3.103133,1,-1.425400,0
2010-10-19,sz.002344,44.8800,47.8500,44.8800,47.2900,44.9500,2236300,104415657.3100,3,3.194714,1,5.205800,0
2010-10-20,sz.002344,46.1700,49.2800,46.1500,47.6800,47.2900,2039468,97959866.1500,3,2.913526,1,0.824700,0
2010-10-21,sz.002344,47.7100,48.1400,46.5000,47.9000,47.6800,1064548,50206709.5900,3,1.520783,1,0.461400,0
2010-10-22,sz.002344,47.4000,50.3800,47.4000,49.9200,47.9000,1932863,95576592.8600,3,2.761233,1,4.217100,0
2010-10-25,sz.002344,49.9000,50.7600,49.2500,50.3800,49.9200,2183468,108849349.8300,3,3.119240,1,0.921500,0
2010-10-26,sz.002344,50.4000,52.9900,50.2500,50.9500,50.3800,1604924,82882175.4500,3,2.292749,1,1.131400,0
2010-10-27,sz.002344,50.9000,54.1000,49.5200,53.8000,50.9500,2827764,147345095.5400,3,4.039663,1,5.593700,0
2010-10-28,sz.002344,53.0000,55.5700,52.0800,54.2000,53.8000,1932723,104067522.4900,3,2.761033,1,0.743500,0
2010-10-29,sz.002344,54.2600,55.3600,53.5400,55.3100,54.2000,1669284,91113246.2500,3,2.384691,1,2.048000,0
2010-11-01,sz.002344,55.4600,58.0000,54.5500,56.3700,55.3100,2315140,132215506.8400,3,3.307343,1,1.916500,0
2010-11-02,sz.002344,55.9100,57.2700,53.5500,53.5500,56.3700,2059791,113811539.2700,3,2.942559,1,-5.002700,0
2010-11-03,sz.002344,53.3000,54.4400,52.7000,53.3400,53.5500,976827,52254797.5700,3,1.395467,1,-0.392200,0
2010-11-04,sz.002344,53.9800,54.2800,52.0200,53.5000,53.3400,1258968,66906703.5100,3,1.798526,1,0.300000,0
2010-11-05,sz.002344,53.5000,54.9900,53.5000,54.6000,53.5000,1457619,79185583.9600,3,2.082313,1,2.056100,0
2010-11-08,sz.002344,54.6100,55.5000,52.8000,52.8800,54.6000,2055265,109345865.7300,3,2.936093,1,-3.150200,0
2010-11-09,sz.002344,52.8800,53.5000,52.3300,53.3700,52.8800,1150073,60990161.3300,3,1.642961,1,0.926600,0
2010-11-10,sz.002344,53.3700,58.7100,53.3700,57.2200,53.3700,3639127,205881651.7500,3,5.198753,1,7.213800,0
2010-11-11,sz.002344,56.5000,57.8900,55.9000,55.9800,57.2200,1976767,112465386.4900,3,2.823953,1,-2.167100,0
2010-11-12,sz.002344,55.7900,57.1900,53.0000,54.6700,55.9800,1909061,105248877.3300,3,2.727230,1,-2.340100,0
2010-11-15,sz.002344,54.3000,60.1400,54.2000,60.1400,54.6700,2975481,175410610.7200,3,4.250687,1,10.005500,0
2010-11-16,sz.002344,60.8900,64.8800,60.4000,61.5500,60.1400,3905482,243976775.6700,3,5.579260,1,2.344500,0
2010-11-17,sz.002344,60.5000,61.5500,56.0000,58.9000,61.5500,2427648,142749015.4200,3,3.468069,1,-4.305400,0
2010-11-18,sz.002344,57.5000,59.8800,56.1000,57.7800,58.9000,1681974,97033300.1600,3,2.402820,1,-1.901500,0
2010-11-19,sz.002344,57.8000,63.3800,56.9900,63.0100,57.7800,2149277,128366026.3400,3,3.070396,1,9.051600,0
2010-11-22,sz.002344,62.3900,63.5000,61.1000,61.9900,63.0100,2023052,126088130.9100,3,2.890074,1,-1.618800,0
2010-11-23,sz.002344,61.5100,64.8600,60.0600,62.8800,61.9900,2187965,136702871.8500,3,3.125664,1,1.435700,0
2010-11-24,sz.002344,62.6700,66.1100,62.2300,63.9800,62.8800,1771620,114143899.1700,3,2.530886,1,1.749400,0
2010-11-25,sz.002344,64.2800,64.3000,62.3200,62.9000,63.9800,1263604,79858997.7600,3,1.805149,1,-1.688000,0
2010-11-26,sz.002344,62.9200,63.4000,61.8000,62.5200,62.9000,869030,54328524.8500,3,1.241471,1,-0.604100,0
2010-11-29,sz.002344,62.5200,63.0000,60.0000,61.6900,62.5200,1403963,85840445.8500,3,2.005661,1,-1.327600,0
2010-11-30,sz.002344,61.5800,61.6800,58.6200,59.9000,61.6900,1774679,105729684.5500,3,2.535256,1,-2.901600,0
2010-12-01,sz.002344,59.8000,63.4400,59.0100,62.1000,59.9000,1258548,77270463.3100,3,1.797926,1,3.672800,0
2010-12-02,sz.002344,62.7500,63.0000,60.8000,60.8100,62.1000,910661,56069649.7500,3,1.300944,1,-2.077300,0
2010-12-03,sz.002344,60.8100,61.8500,59.5000,60.1100,60.8100,755245,45768143.9000,3,1.078921,1,-1.151100,0
2010-12-06,sz.002344,59.9400,59.9400,57.2100,57.2800,60.1100,981419,57018139.0300,3,1.402027,1,-4.708000,0
2010-12-07,sz.002344,57.0000,59.4900,56.4000,59.1000,57.2800,693801,40647686.7800,3,0.991144,1,3.177400,0
2010-12-08,sz.002344,58.9500,60.1500,58.6600,59.3100,59.1000,510599,30368334.5000,3,0.729427,1,0.355300,0
2010-12-09,sz.002344,59.3100,59.3100,59.3100,59.3100,59.3100,0,0.0000,3,,0,0.000000,0
2010-12-10,sz.002344,58.1000,59.8000,58.0000,59.3100,59.3100,500285,29512941.8600,3,0.714693,1,0.000000,0
2010-12-13,sz.002344,59.6400,61.6000,59.4100,61.5200,59.3100,1017997,61968566.5300,3,1.454281,1,3.726200,0
2010-12-14,sz.002344,62.0000,62.0500,60.7500,61.5800,61.5200,682564,41869200.1100,3,0.975091,1,0.097500,0
2010-12-15,sz.002344,61.1000,61.9900,60.5000,60.5300,61.5800,595310,36343200.3800,3,0.850443,1,-1.705100,0
2010-12-16,sz.002344,60.0900,60.7000,59.5100,59.9000,60.5300,629184,37757317.8100,3,0.898834,1,-1.040800,0
2010-12-17,sz.002344,59.9800,61.2700,59.0500,61.1000,59.9000,675579,40679172.5800,3,0.965113,1,2.003300,0
2010-12-20,sz.002344,61.4600,64.9300,61.0200,63.2000,61.1000,2078627,130976194.2500,3,2.969467,1,3.437000,0
2010-12-21,sz.002344,63.2100,63.9800,61.0100,63.2500,63.2000,1243552,77500287.3500,3,1.776503,1,0.079100,0
2010-12-22,sz.002344,63.0200,63.1800,60.0000,62.3500,63.2500,1312165,80851666.3400,3,1.874521,1,-1.422900,0
2010-12-23,sz.002344,61.1100,62.0000,60.0800,60.5100,62.3500,545113,33281815.3400,3,0.778733,1,-2.951100,0
2010-12-24,sz.002344,60.2000,60.4500,56.5000,59.2500,60.5100,1300447,76112237.3100,3,1.857781,1,-2.082300,0
2010-12-27,sz.002344,58.7500,60.2800,57.5200,58.8900,59.2500,773558,45345216.5900,3,1.105083,1,-0.607600,0
2010-12-28,sz.002344,58.0500,58.6600,53.0000,53.0000,58.8900,3740988,202265573.9100,3,5.344269,1,-10.001700,0
2010-12-29,sz.002344,51.9800,54.6400,50.2000,53.0000,53.0000,2224433,117421566.5100,3,3.177761,1,0.000000,0
2010-12-30,sz.002344,53.0000,53.5800,51.5100,52.8000,53.0000,1400313,73175975.6200,3,2.000447,1,-0.377400,0
2010-12-31,sz.002344,52.3700,55.0900,52.3700,54.8800,52.8000,1125454,60916076.3000,3,1.607791,1,3.939400,0
2011-01-04,sz.002344,55.0000,55.3000,54.0000,54.2000,54.8800,1136531,61935400.7400,3,1.623616,1,-1.239100,0
2011-01-05,sz.002344,54.2500,54.9800,51.4900,52.0500,54.2000,1708744,90202073.7000,3,2.441063,1,-3.966800,0
2011-01-06,sz.002344,51.8100,52.5900,50.6500,51.1100,52.0500,1976619,101212193.7000,3,2.823741,1,-1.806000,0
2011-01-07,sz.002344,51.2000,51.5000,49.9700,50.2000,51.1100,2512088,126231600.2800,3,3.588697,1,-1.780500,0
2011-01-10,sz.002344,50.7900,50.8000,48.0200,48.6000,50.2000,2076244,102076838.0900,3,2.966063,1,-3.187300,0
2011-01-11,sz.002344,48.0000,49.8000,48.0000,49.1500,48.6000,3721244,181807956.8300,3,5.316063,1,1.131700,0
2011-01-12,sz.002344,49.4000,49.5800,47.2900,47.8000,49.1500,1195485,57638173.6400,3,1.707836,1,-2.746700,0
2011-01-13,sz.002344,47.7000,49.4800,47.7000,49.3000,47.8000,1289927,63085928.1700,3,1.842753,1,3.138100,0
2011-01-14,sz.002344,49.3000,52.4000,49.0000,50.3800,49.3000,2382433,120745834.1700,3,3.403476,1,2.190700,0
2011-01-17,sz.002344,49.9200,51.3500,45.5000,47.0200,50.3800,1698141,81778399.7200,3,2.425916,1,-6.669300,0
2011-01-18,sz.002344,45.8000,47.4800,45.8000,47.0000,47.0200,670807,31300060.0500,3,0.958296,1,-0.042500,0
2011-01-19,sz.002344,46.7000,49.3300,46.5300,48.8000,47.0000,1608919,77910761.0200,3,2.298456,1,3.829800,0
2011-01-20,sz.002344,48.7900,48.8000,47.5800,47.9900,48.8000,763448,36682565.3700,3,1.090640,1,-1.659800,0
2011-01-21,sz.002344,47.7700,48.0700,45.6000,46.6000,47.9900,1436555,66979089.7500,3,2.052221,1,-2.896400,0
2011-01-24,sz.002344,46.0900,46.7600,43.5000,43.9000,46.6000,1673122,74343165.2900,3,2.390174,1,-5.794000,0
2011-01-25,sz.002344,43.9000,43.9000,43.9000,43.9000,43.9000,0,0.0000,3,,0,0.000000,0
2011-01-26,sz.002344,43.7000,45.5600,43.0500,45.0000,43.9000,1758411,79297274.1800,3,2.266993,1,2.505700,0
2011-01-27,sz.002344,44.5100,47.5800,44.5100,46.7200,45.0000,1828129,84618756.0700,3,2.356876,1,3.822200,0
2011-01-28,sz.002344,46.8600,48.5100,46.4600,46.8500,46.7200,1659468,78912510.2000,3,2.139433,1,0.278300,0
2011-01-31,sz.002344,46.7000,47.7700,46.6100,47.0100,46.8500,1035778,48895629.9900,3,1.335354,1,0.341500,0
2011-02-01,sz.002344,47.6900,47.6900,46.1000,46.7700,47.0100,713711,33351685.7500,3,0.920136,1,-0.510500,0
2011-02-09,sz.002344,46.5000,47.2500,44.5100,45.0500,46.7700,858438,39225482.6700,3,1.106723,1,-3.677600,0
2011-02-10,sz.002344,44.8900,47.6000,44.8800,47.3100,45.0500,868688,40375188.3700,3,1.119937,1,5.016600,0
2011-02-11,sz.002344,47.3100,48.7000,47.2800,48.6800,47.3100,1512151,73000213.1000,3,1.949508,1,2.895800,0
2011-02-14,sz.002344,48.7100,49.5300,48.0000,49.0400,48.6800,1469650,71967066.7500,3,1.894715,1,0.739500,0
2011-02-15,sz.002344,49.1200,49.6500,47.9000,48.1000,49.0400,1571349,76310979.5800,3,2.025828,1,-1.916800,0
2011-02-16,sz.002344,48.1900,49.7300,47.6900,49.7100,48.1000,2002783,97650256.7500,3,2.582045,1,3.347200,0
2011-02-17,sz.002344,49.7200,50.0000,48.9900,49.5000,49.7100,1463048,72353357.3200,3,1.886203,1,-0.422500,0
2011-02-18,sz.002344,49.1100,49.4200,47.2000,47.7000,49.5000,1336572,64268029.5100,3,1.723147,1,-3.636400,0
2011-02-21,sz.002344,47.7800,48.0000,46.9000,47.9800,47.7000,1365677,64848987.7900,3,1.760670,1,0.587000,0
2011-02-22,sz.002344,48.0000,48.0000,46.3900,46.5000,47.9800,1704903,79893618.9800,3,2.198009,1,-3.084600,0
2011-02-23,sz.002344,46.2000,49.9000,46.2000,49.9000,46.5000,2276053,110070417.8300,3,2.934352,1,7.311800,0
2011-02-24,sz.002344,50.0000,51.9900,50.0000,51.0900,49.9000,3050317,156174917.4400,3,3.932555,1,2.384800,0
2011-02-25,sz.002344,51.1500,51.9800,48.9000,49.4500,51.0900,2807728,140870507.0300,3,3.619803,1,-3.210000,0
2011-02-28,sz.002344,50.2400,51.1600,49.5100,50.5000,49.4500,2615057,132087981.0400,3,3.371406,1,2.123400,0
2011-03-01,sz.002344,50.5100,51.9000,50.0100,51.4600,50.5000,2161944,110329271.7700,3,2.787240,1,1.900988,0
2011-03-02,sz.002344,51.1000,51.1200,49.0000,49.2300,51.4600,2976155,147693821.0000,3,3.836944,1,-4.333500,0
2011-03-03,sz.002344,49.2500,49.4900,46.0000,46.3000,49.2300,4734210,223710315.3700,3,6.103478,1,-5.951700,0
2011-03-04,sz.002344,46.3800,47.0800,46.3400,46.7800,46.3000,1667445,77772152.9100,3,2.149717,1,1.036700,0
2011-03-07,sz.002344,47.3700,47.6400,46.5300,47.0300,46.7800,1431919,67120218.9600,3,1.846071,1,0.534400,0
2011-03-08,sz.002344,47.1200,47.2200,45.6900,45.8100,47.0300,3193911,146905392.9500,3,4.117681,1,-2.594100,0
2011-03-09,sz.002344,45.8100,47.6900,45.8100,47.4500,45.8100,2402586,112691865.2900,3,3.097482,1,3.580000,0
2011-03-10,sz.002344,47.4600,47.7800,46.6000,47.1100,47.4500,1653573,78010961.8800,3,2.131833,1,-0.716500,0
2011-03-11,sz.002344,46.6000,48.7300,46.6000,47.9000,47.1100,2411854,115640676.1400,3,3.109431,1,1.676900,0
2011-03-14,sz.002344,47.5100,48.9000,47.5100,48.0700,47.9000,2505800,121249937.5700,3,3.230549,1,0.354900,0
2011-03-15,sz.002344,47.9000,48.3000,46.3000,46.6800,48.0700,2215557,103770122.0300,3,2.856359,1,-2.891600,0
2011-03-16,sz.002344,47.0000,47.9000,46.6900,47.3500,46.6800,1862364,88263989.0300,3,2.401013,1,1.435300,0
2011-03-17,sz.002344,47.3800,47.3800,45.7800,45.8400,47.3500,1941652,89867369.6500,3,2.503233,1,-3.189000,0
2011-03-18,sz.002344,46.6000,46.8500,46.0000,46.2500,45.8400,863928,39991525.3000,3,1.113801,1,0.894400,0
2011-03-21,sz.002344,46.3500,46.7500,45.9000,46.7000,46.2500,1389687,64425586.3600,3,1.791624,1,0.973000,0
2011-03-22,sz.002344,46.7000,46.7000,45.6900,45.9500,46.7000,1033363,47452162.5300,3,1.332241,1,-1.606000,0
2011-03-23,sz.002344,46.0000,46.7000,45.6200,46.2000,45.9500,822471,37934156.4700,3,1.060353,1,0.544100,0
2011-03-24,sz.002344,46.2000,46.3100,45.8800,45.9600,46.2000,934305,43001652.1000,3,1.204533,1,-0.519500,0
2011-03-25,sz.002344,45.9600,46.0500,45.3800,45.4800,45.9600,1782674,81254346.1800,3,2.298274,1,-1.044400,0
2011-03-28,sz.002344,45.6000,45.8500,44.2000,44.3600,45.4800,1978936,88616093.3000,3,2.551300,1,-2.462600,0
2011-03-29,sz.002344,44.2000,45.6100,43.7700,44.0000,44.3600,1884685,83391904.5200,3,2.429789,1,-0.811500,0
2011-03-30,sz.002344,44.0300,44.8400,43.5100,43.5100,44.0000,1234974,54438803.2200,3,1.592164,1,-1.113600,0
2011-03-31,sz.002344,43.8600,43.9700,43.2000,43.6800,43.5100,621244,27100863.6000,3,0.800925,1,0.390700,0
2011-04-01,sz.002344,43.8000,44.4900,43.7000,44.1900,43.6800,439737,19396674.6000,3,0.566921,1,1.167600,0
2011-04-06,sz.002344,44.3000,44.9800,43.5100,43.7000,44.1900,1102778,48443675.7000,3,1.421733,1,-1.108800,0
2011-04-07,sz.002344,43.6000,43.7500,43.0200,43.5400,43.7000,962712,41649380.0700,3,1.241156,1,-0.366100,0
2011-04-08,sz.002344,43.3600,44.4400,43.3600,44.2900,43.5400,1242620,54903618.3200,3,1.602021,1,1.722600,0
2011-04-11,sz.002344,44.2900,44.8600,44.0900,44.1200,44.2900,771153,34165199.0200,3,0.994192,1,-0.383800,0
2011-04-12,sz.002344,44.1200,44.4700,43.2200,43.3000,44.1200,1188838,51741828.6600,3,1.532684,1,-1.858600,0
2011-04-13,sz.002344,43.0500,44.2800,43.0500,44.1300,43.3000,710338,31061616.5000,3,0.915788,1,1.916900,0
2011-04-14,sz.002344,44.1300,44.6000,43.8800,44.3500,44.1300,770024,34110662.0500,3,0.992737,1,0.498500,0
2011-04-15,sz.002344,44.3200,44.4700,43.8100,44.1200,44.3500,471755,20782480.1200,3,0.608200,1,-0.518600,0
2011-04-18,sz.002344,44.1400,45.8900,43.8500,45.8300,44.1200,1858378,83593613.1900,3,2.395874,1,3.875800,0
2011-04-19,sz.002344,46.4800,48.5800,46.0000,47.8800,45.8300,4747493,225859314.6200,3,6.120603,1,4.473100,0
2011-04-20,sz.002344,47.9000,48.4700,47.0000,47.9000,47.8800,2408448,115422343.5400,3,3.105040,1,0.041800,0
2011-04-21,sz.002344,48.5000,48.9900,47.9000,47.9000,47.9000,2350291,114064940.0100,3,3.030062,1,0.000000,0
2011-04-22,sz.002344,47.6100,47.9500,47.0300,47.0300,47.9000,1391266,65986940.9900,3,1.793660,1,-1.816300,0
2011-04-25,sz.002344,46.8500,49.3800,46.6000,49.1000,47.0300,3158413,153579313.8200,3,4.071916,1,4.401400,0
2011-04-26,sz.002344,49.1000,49.1000,47.4400,48.6900,49.1000,1599576,76988109.6100,3,2.062219,1,-0.835000,0
2011-04-27,sz.002344,48.6100,48.9400,46.0000,47.0100,48.6900,1502735,71801182.8500,3,1.937369,1,-3.450400,0
2011-04-28,sz.002344,47.0300,47.3800,45.6000,45.6000,47.0100,1304582,60283685.9200,3,1.681904,1,-2.999400,0
2011-04-29,sz.002344,45.6000,46.4300,44.2500,46.0900,45.6000,852870,38780134.8800,3,1.099544,1,1.074600,0
2011-05-03,sz.002344,46.2200,46.4000,44.8000,46.2100,46.0900,612298,28064303.5700,3,0.789392,1,0.260400,0
2011-05-04,sz.002344,45.7000,47.1000,45.3500,46.3200,46.2100,1053391,48804787.0500,3,1.358062,1,0.238000,0
2011-05-05,sz.002344,46.1600,49.3800,46.0000,48.6800,46.3200,3061380,148215216.9700,3,3.946818,1,5.095000,0
2011-05-06,sz.002344,48.4000,50.0000,47.9000,48.9500,48.6800,2605334,128265736.5400,3,3.358871,1,0.554600,0
2011-05-09,sz.002344,48.9900,49.6900,48.5000,49.2300,48.9500,1027731,50363232.0400,3,1.324980,1,0.572000,0
2011-05-10,sz.002344,49.2300,49.4700,48.3800,48.6500,49.2300,914306,44538591.7300,3,1.178749,1,-1.178100,0
2011-05-11,sz.002344,48.4100,49.4500,48.1600,48.7100,48.6500,1161397,56855764.3900,3,1.497306,1,0.123300,0
2011-05-12,sz.002344,48.5100,49.2800,48.1600,48.6100,48.7100,1032328,50386709.5000,3,1.330907,1,-0.205300,0
2011-05-13,sz.002344,48.2600,49.1000,48.2600,49.0900,48.6100,1174845,57322212.7800,3,1.514644,1,0.987500,0
2011-05-16,sz.002344,49.1100,50.5000,48.6100,49.9200,49.0900,1861231,92966554.4700,3,2.399552,1,1.690800,0
2011-05-17,sz.002344,49.9200,49.9200,49.9200,49.9200,49.9200,0,0.0000,3,,0,0.000000,0
2011-05-18,sz.002344,49.9200,49.9300,48.2000,49.1000,49.9200,1466340,71589919.8600,3,1.890447,1,-1.642600,0
2011-05-19,sz.002344,49.0000,49.8900,48.6500,49.5000,49.1000,872095,43163231.5500,3,1.124330,1,0.814700,0
2011-05-20,sz.002344,49.8500,52.4800,49.5500,51.8900,49.5000,4317017,222694254.0600,3,5.565621,1,4.828300,0
2011-05-23,sz.002344,51.8800,51.8800,48.4300,48.5200,51.8900,2725599,136544182.5900,3,3.513920,1,-6.494500,0
2011-05-24,sz.002344,48.0800,48.8100,47.0600,48.2700,48.5200,2045595,98300459.6300,3,2.637239,1,-0.515300,0
2011-05-25,sz.002344,48.3000,48.3800,46.0000,46.0900,48.2700,1639321,76541932.9300,3,2.113459,1,-4.516300,0
2011-05-26,sz.002344,22.3800,23.0000,21.4500,21.5300,22.8000,4279298,93603506.8000,3,2.758496,1,-5.570200,0
2011-05-27,sz.002344,21.5300,21.5400,19.9000,20.3000,21.5300,3907262,80074185.8000,3,2.518677,1,-5.713000,0
2011-05-30,sz.002344,20.0300,21.0900,19.7100,20.3300,20.3000,2181413,45029110.5100,3,1.406170,1,0.147800,0
2011-05-31,sz.002344,20.3700,20.9800,19.9000,20.8300,20.3300,1711326,34910765.8100,3,1.103145,1,2.459400,0
2011-06-01,sz.002344,20.8000,21.0900,20.3800,20.8700,20.8300,1140057,23663647.1000,3,0.734897,1,0.192000,0
2011-06-02,sz.002344,20.4500,20.8700,20.1800,20.6600,20.8700,1662390,34084626.6900,3,1.071600,1,-1.006200,0
2011-06-03,sz.002344,20.3800,21.5500,20.3800,21.3800,20.6600,1886013,39712169.6800,3,1.215751,1,3.485000,0
2011-06-07,sz.002344,21.3400,22.0400,21.2000,21.4900,21.3800,1897042,40994457.1600,3,1.222860,1,0.514500,0
2011-06-08,sz.002344,22.3000,22.3000,21.1800,21.7700,21.4900,1140922,24691597.9200,3,0.735455,1,1.302900,0
2011-06-09,sz.002344,21.7600,21.7600,20.8600,20.9500,21.7700,1661073,35243532.7300,3,1.070751,1,-3.766700,0
2011-06-10,sz.002344,20.8200,21.2000,19.9000,20.5300,20.9500,2369295,48252702.3500,3,1.527281,1,-2.004800,0
2011-06-13,sz.002344,20.3000,20.6500,20.0800,20.3200,20.5300,600689,12193673.7800,3,0.387213,1,-1.022900,0
2011-06-14,sz.002344,20.3000,21.2000,20.2100,20.9000,20.3200,1432157,29954300.3800,3,0.923189,1,2.854300,0
2011-06-15,sz.002344,20.9600,21.4000,20.6200,20.6500,20.9000,1321808,27673897.8500,3,0.852056,1,-1.196200,0
2011-06-16,sz.002344,20.7900,21.2500,20.6700,20.8600,20.6500,1014508,21208904.3800,3,0.653966,1,1.016900,0
2011-06-17,sz.002344,20.7700,20.9900,20.1800,20.2100,20.8600,1020727,21000076.0200,3,0.657975,1,-3.116000,0
2011-06-20,sz.002344,20.2100,20.4800,19.7400,19.9800,20.2100,883804,17707890.5500,3,0.569713,1,-1.138100,0
2011-06-21,sz.002344,20.3600,20.4000,19.8000,20.3500,19.9800,816705,16454626.5000,3,0.526460,1,1.851900,0
2011-06-22,sz.002344,20.4200,20.9700,20.2600,20.5800,20.3500,1260216,25993759.1200,3,0.812353,1,1.130200,0
2011-06-23,sz.002344,20.3100,21.0500,20.0800,21.0000,20.5800,2500142,52152456.8200,3,1.611627,1,2.040800,0
2011-06-24,sz.002344,20.8100,21.8800,20.8100,21.6600,21.0000,3036238,65259007.3400,3,1.957202,1,3.142900,0
2011-06-27,sz.002344,21.5800,22.0800,21.5100,21.5300,21.6600,1850396,40375675.1100,3,1.192792,1,-0.600200,0
2011-06-28,sz.002344,21.5000,22.0500,21.3300,21.9500,21.5300,1771590,38646577.3800,3,1.141992,1,1.950800,0
2011-06-29,sz.002344,22.0000,22.1000,21.5800,21.5800,21.9500,1556063,33996959.0700,3,1.003060,1,-1.685600,0
2011-06-30,sz.002344,21.4200,22.1700,21.4200,21.8500,21.5800,1915406,42011829.3900,3,1.234698,1,1.251200,0
2011-07-01,sz.002344,21.8900,22.3800,21.8900,22.0800,21.8500,2256011,49996181.2900,3,1.454257,1,1.052600,0
2011-07-04,sz.002344,22.0300,23.6800,21.9500,23.3800,22.0800,3917043,89464572.1800,3,2.524982,1,5.887700,0
2011-07-05,sz.002344,23.2200,24.7000,23.2200,24.0000,23.3800,4911532,117940796.5300,3,3.166043,1,2.651800,0
2011-07-06,sz.002344,23.9800,24.1700,23.4600,23.9600,24.0000,1968314,46998485.1700,3,1.268803,1,-0.166700,0
2011-07-07,sz.002344,24.0000,24.6400,23.8000,23.9500,23.9600,4726300,114946297.6500,3,3.046640,1,-0.041700,0
2011-07-08,sz.002344,24.0000,24.1800,23.5100,23.9100,23.9500,2294857,54671275.8400,3,1.479297,1,-0.167018,0
2011-07-11,sz.002344,23.8400,24.5500,23.4800,24.4100,23.9100,3980727,95884309.5400,3,2.566033,1,2.091200,0
2011-07-12,sz.002344,24.2000,24.4900,23.6800,23.8100,24.4100,3057701,73634313.0300,3,1.971037,1,-2.458000,0
2011-07-13,sz.002344,23.7200,24.5800,23.7000,24.4100,23.8100,3612692,88187223.6100,3,2.328793,1,2.519900,0
2011-07-14,sz.002344,24.6000,25.0500,24.3000,24.9700,24.4100,4196508,103946090.4800,3,2.705129,1,2.294100,0
2011-07-15,sz.002344,25.0800,25.2800,24.7100,24.9000,24.9700,2227633,55598299.8800,3,1.435964,1,-0.280300,0
2011-07-18,sz.002344,24.8800,26.0700,24.8000,25.4800,24.9000,4918632,126133440.1300,3,3.170620,1,2.329300,0
2011-07-19,sz.002344,25.4800,25.9400,24.8300,25.7700,25.4800,2968762,75444709.8200,3,1.913706,1,1.138100,0
2011-07-20,sz.002344,25.7000,26.0000,24.9600,25.6200,25.7700,3301512,83761808.8900,3,2.128202,1,-0.582100,0
2011-07-21,sz.002344,25.5000,26.0000,25.1000,25.5000,25.6200,2550350,65009494.3000,3,1.643992,1,-0.468400,0
2011-07-22,sz.002344,25.5700,25.7800,24.5800,24.6800,25.5000,2283571,57256544.4600,3,1.472022,1,-3.215700,0
2011-07-25,sz.002344,24.4000,24.6900,23.4700,23.8400,24.6800,3675902,87895060.6100,3,2.369539,1,-3.403600,0
2011-07-26,sz.002344,23.8400,24.5800,23.8000,24.2800,23.8400,2413050,58156770.8400,3,1.555486,1,1.845600,0
2011-07-27,sz.002344,24.6100,25.2900,24.5200,25.1200,24.2800,4867499,121472783.0500,3,3.137659,1,3.459600,0
2011-07-28,sz.002344,25.0100,25.6000,24.8500,25.5000,25.1200,3823922,96620538.6500,3,2.464954,1,1.512700,0
2011-07-29,sz.002344,25.4200,26.2900,25.2500,25.2600,25.5000,4409654,113976745.5200,3,2.842526,1,-0.941200,0
2011-08-01,sz.002344,25.1200,26.1000,25.0100,25.6500,25.2600,2398299,61673962.8300,3,1.545978,1,1.543900,0
2011-08-02,sz.002344,25.4600,25.8400,25.0500,25.8000,25.6500,2597928,65926892.0200,3,1.674661,1,0.584800,0
2011-08-03,sz.002344,25.5000,25.8800,25.3100,25.5000,25.8000,2420226,61961390.2300,3,1.560112,1,-1.162800,0
2011-08-04,sz.002344,25.7000,25.7000,25.0500,25.4100,25.5000,1980788,50211063.9700,3,1.276844,1,-0.352900,0
2011-08-05,sz.002344,24.7000,25.7200,24.2900,25.3100,25.4100,3447176,87339809.6500,3,2.222099,1,-0.393500,0
2011-08-08,sz.002344,24.9000,25.4200,23.9600,24.8800,25.3100,3370759,83710472.1400,3,2.172839,1,-1.698900,0
2011-08-09,sz.002344,24.1500,25.2600,23.5000,24.8400,24.8800,3343986,81716946.5900,3,2.155581,1,-0.160800,0
2011-08-10,sz.002344,25.2000,25.7500,25.0100,25.4500,24.8400,3091767,78631861.1000,3,1.992997,1,2.455700,0
2011-08-11,sz.002344,25.1000,26.5500,24.8600,26.5500,25.4500,8155131,212927691.0200,3,5.256913,1,4.322200,0
2011-08-12,sz.002344,26.7000,27.4700,26.5100,26.6500,26.5500,5122163,138026196.4700,3,3.301819,1,0.376600,0
2011-08-15,sz.002344,26.6600,27.7600,26.6600,27.4400,26.6500,5386744,147788329.7000,3,3.472372,1,2.964400,0
2011-08-16,sz.002344,27.4800,27.6500,26.6900,26.9900,27.4400,3884338,105019734.3700,3,2.503899,1,-1.639900,0
2011-08-17,sz.002344,26.9500,27.1300,26.7000,26.8300,26.9900,1600719,43044345.0700,3,1.031846,1,-0.592800,0
2011-08-18,sz.002344,26.8900,27.0500,26.3000,26.9600,26.8300,2288477,61259131.4200,3,1.475185,1,0.484500,0
2011-08-19,sz.002344,26.5000,27.3800,26.3600,27.3000,26.9600,2995220,81293068.9700,3,1.930761,1,1.261100,0
2011-08-22,sz.002344,27.3000,27.7000,26.7500,26.7500,27.3000,2739530,74742631.6400,3,1.765940,1,-2.014700,0
2011-08-23,sz.002344,26.6600,27.0000,26.5000,27.0000,26.7500,1590499,42478215.6800,3,1.025258,1,0.934600,0
2011-08-24,sz.002344,26.8400,27.7800,26.8400,27.4200,27.0000,2843032,78275844.6800,3,1.832659,1,1.555600,0
2011-08-25,sz.002344,27.4200,27.8900,27.2800,27.6900,27.4200,2193260,60516206.7100,3,1.413807,1,0.984700,0
2011-08-26,sz.002344,27.6800,27.6800,26.9800,27.2800,27.6900,3082412,83835818.8000,3,1.986967,1,-1.480678,0
2011-08-29,sz.002344,27.0800,27.6600,26.9000,27.3900,27.2800,1932366,52710243.3400,3,1.245631,1,0.403200,0
2011-08-30,sz.002344,27.5300,27.5300,26.7300,26.7900,27.3900,1566471,42478332.1800,3,1.009769,1,-2.190600,0
2011-08-31,sz.002344,26.7800,26.9400,26.2000,26.5000,26.7900,2275541,60110184.1400,3,1.466846,1,-1.082500,0
2011-09-01,sz.002344,26.4400,26.6800,25.6500,25.8300,26.5000,1973203,51468305.7700,3,1.271955,1,-2.528300,0
2011-09-02,sz.002344,25.8300,25.9300,24.9000,25.1300,25.8300,3463407,87154715.0000,3,2.232561,1,-2.710000,0
2011-09-05,sz.002344,24.8900,25.3100,24.7000,25.2300,25.1300,2044773,51386242.4200,3,1.318090,1,0.397900,0
2011-09-06,sz.002344,25.1300,25.8000,24.8500,25.5900,25.2300,1333571,33947445.0900,3,0.859639,1,1.426900,0
2011-09-07,sz.002344,25.7000,26.5000,25.3800,26.3800,25.5900,1886784,48955554.5100,3,1.216248,1,3.087100,0
2011-09-08,sz.002344,26.3800,26.4900,25.8300,25.8500,26.3800,1014541,26563749.8700,3,0.653988,1,-2.009093,0
2011-09-09,sz.002344,25.8400,26.3000,25.6100,25.6200,25.8500,926561,24008805.9700,3,0.597274,1,-0.889700,0
2011-09-13,sz.002344,25.5100,25.5100,24.6800,24.9800,25.6200,2143708,53491978.9700,3,1.381865,1,-2.498000,0
2011-09-14,sz.002344,24.9900,25.3800,24.2000,25.3300,24.9800,1873139,46269211.7700,3,1.207452,1,1.401100,0
2011-09-15,sz.002344,25.3000,25.4500,25.0000,25.0000,25.3300,1534888,38641377.1300,3,0.989411,1,-1.302800,0
2011-09-16,sz.002344,25.0100,25.1900,24.6600,24.7000,25.0000,642225,16082242.6800,3,0.413987,1,-1.200000,0
2011-09-19,sz.002344,24.6000,24.8800,24.0100,24.4600,24.7000,893277,21843968.6400,3,0.575819,1,-0.971700,0
2011-09-20,sz.002344,24.3000,24.8100,24.1500,24.3800,24.4600,746530,18234646.6400,3,0.481224,1,-0.327100,0
2011-09-21,sz.002344,24.3900,25.1800,24.2800,25.0600,24.3800,842128,20970359.5000,3,0.542848,1,2.789200,0
2011-09-22,sz.002344,24.9000,25.1800,24.0300,24.0600,25.0600,1082692,26523200.1000,3,0.697919,1,-3.990400,0
2011-09-23,sz.002344,23.9000,23.9900,23.2800,23.3700,24.0600,1416625,33370315.8900,3,0.913177,1,-2.867800,0
2011-09-26,sz.002344,23.3700,24.6000,23.2000,24.5600,23.3700,2472062,59563124.5800,3,1.593526,1,5.092000,0
2011-09-27,sz.002344,24.3600,25.4500,24.3600,25.2800,24.5600,2542226,63524736.3300,3,1.638755,1,2.931600,0
2011-09-28,sz.002344,25.2500,25.3700,24.8500,24.9100,25.2800,1346538,33834414.0600,3,0.867998,1,-1.463600,0
2011-09-29,sz.002344,24.8600,24.8600,23.2500,23.8600,24.9100,1855107,44162074.3400,3,1.195828,1,-4.215200,0
2011-09-30,sz.002344,23.6500,23.8500,22.8000,23.5900,23.8600,1152785,26797751.0800,3,0.743102,1,-1.131600,0
2011-10-10,sz.002344,23.5800,23.8600,23.0500,23.1400,23.5900,469818,11021079.4800,3,0.302851,1,-1.907600,0
2011-10-11,sz.002344,23.7100,24.0600,23.0800,23.3000,23.1400,729344,17205171.0600,3,0.470145,1,0.691400,0
2011-10-12,sz.002344,23.1100,24.1400,23.1000,24.1000,23.3000,1141633,27270818.5000,3,0.735913,1,3.433500,0
2011-10-13,sz.002344,24.0500,24.5900,24.0000,24.1100,24.1000,1038257,25282689.5200,3,0.669275,1,0.041500,0
2011-10-14,sz.002344,24.1100,24.5800,24.1100,24.3400,24.1100,1522961,37104838.4400,3,0.981722,1,0.954000,0
2011-10-17,sz.002344,24.5000,25.3900,24.4000,25.1300,24.3400,1833153,45984369.5000,3,1.181676,1,3.245700,0
2011-10-18,sz.002344,25.0000,25.6900,24.8500,24.8800,25.1300,2823627,71596224.6700,3,1.820150,1,-0.994800,0
2011-10-19,sz.002344,24.9300,25.5000,24.8500,25.1000,24.8800,1594113,40127770.8600,3,1.027588,1,0.884200,0
2011-10-20,sz.002344,24.9000,25.1500,23.8100,24.8100,25.1000,1552245,38021294.9600,3,1.000599,1,-1.155400,0
2011-10-21,sz.002344,24.7100,25.0000,23.8400,23.8400,24.8100,770584,18801198.5700,3,0.496729,1,-3.909700,0
2011-10-24,sz.002344,24.1400,24.2000,23.2000,23.7800,23.8400,2066178,48830830.6100,3,1.331888,1,-0.251700,0
2011-10-25,sz.002344,23.9600,24.7000,23.5500,24.5800,23.7800,1651251,39876130.0600,3,1.064420,1,3.364200,0
2011-10-26,sz.002344,24.4500,25.2500,24.3000,24.8500,24.5800,2149155,53675550.9800,3,1.385376,1,1.098500,0
2011-10-27,sz.002344,25.0000,25.3000,24.6500,24.8000,24.8500,1303899,32554050.1000,3,0.840512,1,-0.201200,0
2011-10-28,sz.002344,25.3000,25.3800,24.4600,25.1500,24.8000,2081417,52014083.1400,3,1.341711,1,1.411300,0
2011-10-31,sz.002344,25.0500,25.8800,25.0500,25.8600,25.1500,2525297,64590516.6200,3,1.627842,1,2.823100,0
2011-11-01,sz.002344,25.6700,26.4700,25.6500,25.9300,25.8600,2514633,65602190.3200,3,1.620968,1,0.270700,0
2011-11-02,sz.002344,25.6100,26.1600,25.2800,26.1000,25.9300,1883379,48337545.0100,3,1.214053,1,0.655600,0
2011-11-03,sz.002344,26.1900,26.6400,25.8300,25.9500,26.1000,2645225,69593455.8400,3,1.705150,1,-0.574700,0
2011-11-04,sz.002344,25.9700,26.4100,25.8800,26.1700,25.9500,1227610,32059864.1700,3,0.791335,1,0.847800,0
2011-11-07,sz.002344,26.1000,26.3700,25.6000,25.7000,26.1700,1473217,38058163.1500,3,0.949657,1,-1.795900,0
2011-11-08,sz.002344,25.7000,26.1600,25.3500,25.4300,25.7000,874070,22453259.3600,3,0.563438,1,-1.050600,0
2011-11-09,sz.002344,25.4500,26.0400,25.4500,26.0300,25.4300,1006310,25994158.5600,3,0.648682,1,2.359400,0
2011-11-10,sz.002344,25.8800,26.2600,25.7000,25.7400,26.0300,1108325,28787022.6900,3,0.714442,1,-1.114100,0
2011-11-11,sz.002344,25.7300,25.9800,25.5600,25.6600,25.7400,642621,16556651.6800,3,0.414243,1,-0.310800,0
2011-11-14,sz.002344,25.7500,26.3100,25.7500,26.0800,25.6600,1326319,34677227.7500,3,0.854964,1,1.636800,0
2011-11-15,sz.002344,26.0800,26.2600,25.7000,25.9600,26.0800,1022038,26440219.6700,3,0.658820,1,-0.460100,0
2011-11-16,sz.002344,25.9800,26.0000,25.1000,25.4500,25.9600,2114572,53601533.3200,3,1.363083,1,-1.964600,0
2011-11-17,sz.002344,25.6200,25.7200,25.1500,25.3700,25.4500,951383,24170993.2600,3,0.613275,1,-0.314300,0
2011-11-18,sz.002344,25.1000,25.2900,24.6500,24.6600,25.3700,1893157,47027861.5100,3,1.220356,1,-2.798600,0
2011-11-21,sz.002344,24.6500,24.9800,24.3200,24.5000,24.6600,1065150,26114493.6600,3,0.686611,1,-0.648800,0
2011-11-22,sz.002344,24.4600,24.6000,24.1600,24.5000,24.5000,1341056,32767258.7100,3,0.864464,1,0.000000,0
2011-11-23,sz.002344,24.5700,24.8000,24.3100,24.3800,24.5000,671313,16436889.8600,3,0.432738,1,-0.489800,0
2011-11-24,sz.002344,24.2000,24.3500,23.9300,24.0200,24.3800,1706258,41102930.8600,3,1.099878,1,-1.476600,0
2011-11-25,sz.002344,24.0500,24.3900,24.0100,24.0600,24.0200,679723,16449237.5100,3,0.438159,1,0.166500,0
2011-11-28,sz.002344,24.0900,24.3000,23.5100,23.5600,24.0600,2044645,48511273.7800,3,1.318007,1,-2.078100,0
2011-11-29,sz.002344,23.7000,24.8000,23.6100,24.7000,23.5600,1922976,46501534.8900,3,1.239578,1,4.838700,0
2011-11-30,sz.002344,24.6300,24.6300,23.5800,23.7300,24.7000,1297045,31052993.8300,3,0.836094,1,-3.927100,0
2011-12-01,sz.002344,24.5000,24.6900,24.0200,24.0600,23.7300,1381565,33722829.3100,3,0.890576,1,1.390600,0
2011-12-02,sz.002344,24.0600,24.0600,24.0600,24.0600,24.0600,0,0.0000,3,,0,0.000000,0
2011-12-05,sz.002344,23.9000,23.9500,23.0100,23.0200,24.0600,1291583,30317555.8300,3,0.832573,1,-4.322500,0
2011-12-06,sz.002344,23.0400,23.1900,22.0800,22.8400,23.0200,1466524,33176633.9800,3,0.945342,1,-0.781900,0
2011-12-07,sz.002344,22.8400,23.1500,22.4400,22.5300,22.8400,878096,19858856.9000,3,0.566033,1,-1.357300,0
2011-12-08,sz.002344,22.5300,22.8100,22.1000,22.3300,22.5300,927786,20776648.1100,3,0.598064,1,-0.887700,0
2011-12-09,sz.002344,22.3800,22.5200,22.1100,22.4500,22.3300,605848,13546290.8000,3,0.390538,1,0.537400,0
2011-12-12,sz.002344,22.4500,22.6300,21.8900,22.0400,22.4500,1040584,23098031.5600,3,0.670775,1,-1.826300,0
2011-12-13,sz.002344,21.8100,22.1700,21.1000,21.4000,22.0400,1955596,41985889.9900,3,1.260605,1,-2.903800,0
2011-12-14,sz.002344,21.3400,21.6500,20.8900,20.9000,21.4000,1489843,31530324.5400,3,0.960374,1,-2.336400,0
2011-12-15,sz.002344,20.3500,20.9000,19.9800,20.4400,20.9000,1773845,36083608.7800,3,1.143446,1,-2.201000,0
2011-12-16,sz.002344,20.4500,21.5600,20.4500,21.5000,20.4400,1777455,37296045.3200,3,1.145773,1,5.185900,0
2011-12-19,sz.002344,21.3500,21.8300,21.1500,21.7900,21.5000,1285007,27714102.6500,3,0.828334,1,1.348800,0
2011-12-20,sz.002344,21.7800,22.6900,21.6500,22.0000,21.7900,1219238,26991795.1700,3,0.785938,1,0.963700,0
2011-12-21,sz.002344,22.0800,22.4700,21.8000,21.8300,22.0000,1113708,24653140.8200,3,0.717912,1,-0.772700,0
2011-12-22,sz.002344,21.8000,22.2400,21.0100,22.0200,21.8300,1090586,23617152.2400,3,0.703007,1,0.870400,0
2011-12-23,sz.002344,21.8500,22.8000,21.5100,22.3500,22.0200,1191558,26733402.3700,3,0.768095,1,1.498600,0
2011-12-26,sz.002344,22.3500,23.0700,22.3500,22.3500,22.3500,1088963,24659288.4500,3,0.701961,1,0.000000,0
2011-12-27,sz.002344,22.4900,22.8500,21.8100,21.8500,22.3500,1335155,29861829.0200,3,0.860660,1,-2.237100,0
2011-12-28,sz.002344,21.8900,21.9000,21.2000,21.8500,21.8500,739356,15990616.9800,3,0.476599,1,0.000000,0
2011-12-29,sz.002344,21.6000,22.1700,21.6000,21.7500,21.8500,599873,13102469.0700,3,0.386687,1,-0.457700,0
2011-12-30,sz.002344,21.7000,22.6500,21.7000,22.6300,21.7500,1632259,36494480.0000,3,1.052177,1,4.046000,0
2012-01-04,sz.002344,22.6300,22.9400,21.2500,21.2500,22.6300,1470044,32368854.2300,3,0.947611,1,-6.098100,0
2012-01-05,sz.002344,21.2000,21.4500,20.2500,20.3000,21.2500,1184376,24632841.8900,3,0.763466,1,-4.470600,0
2012-01-06,sz.002344,20.4700,20.9200,19.8600,20.3000,20.3000,1733549,34909932.0600,3,1.117470,1,0.000000,0
2012-01-09,sz.002344,20.3000,20.9900,20.1200,20.9800,20.3000,1408318,29093957.1100,3,0.907822,1,3.349800,0
2012-01-10,sz.002344,21.0500,21.9900,20.8600,21.7200,20.9800,1204163,25946419.1400,3,0.776221,1,3.527200,0
2012-01-11,sz.002344,21.8000,22.7600,21.8000,22.0800,21.7200,1926003,43110744.5500,3,1.241529,1,1.657500,0
2012-01-12,sz.002344,22.2500,22.2500,21.7200,21.8900,22.0800,685349,15079349.1600,3,0.441786,1,-0.860500,0
2012-01-13,sz.002344,22.0000,22.1600,21.2000,21.5800,21.8900,836163,18040446.8300,3,0.539003,1,-1.416200,0
2012-01-16,sz.002344,21.3000,21.7600,20.3000,20.4000,21.5800,1355424,28072805.8100,3,0.873726,1,-5.468000,0
2012-01-17,sz.002344,20.6500,21.6500,20.2600,21.4500,20.4000,1047630,22062090.9700,3,0.675317,1,5.147100,0
2012-01-18,sz.002344,21.8000,21.8500,21.1000,21.2200,21.4500,805234,17215573.7600,3,0.519065,1,-1.072300,0
2012-01-19,sz.002344,21.2700,21.5900,20.9500,21.2400,21.2200,760113,16166021.9900,3,0.489980,1,0.094300,0
2012-01-20,sz.002344,21.2400,21.5500,21.1600,21.3800,21.2400,662265,14174454.8700,3,0.426905,1,0.659100,0
2012-01-30,sz.002344,21.4000,21.4800,20.5100,20.9800,21.3800,696798,14646699.5300,3,0.449166,1,-1.870900,0
2012-01-31,sz.002344,20.9800,21.2000,20.4400,20.6400,20.9800,1035324,21371476.8100,3,0.667385,1,-1.620600,0
2012-02-01,sz.002344,20.6400,20.6400,20.6400,20.6400,20.6400,0,0.0000,3,,0,0.000000,0
2012-02-02,sz.002344,20.7800,21.0000,20.4000,20.9100,20.6400,990420,20484769.9800,3,0.638439,1,1.308100,0
2012-02-03,sz.002344,20.9100,21.4800,20.6800,21.3900,20.9100,1341536,28236960.0700,3,0.864773,1,2.295600,0
2012-02-06,sz.002344,21.3900,21.7000,20.9600,21.7000,21.3900,2457757,52222788.2700,3,1.584305,1,1.449300,0
2012-02-07,sz.002344,21.5200,21.6000,21.0000,21.3000,21.7000,1064015,22590923.8700,3,0.685879,1,-1.843300,0
2012-02-08,sz.002344,21.1000,21.6700,21.1000,21.6300,21.3000,1204433,25822703.9900,3,0.776395,1,1.549300,0
2012-02-09,sz.002344,21.6500,22.0000,21.5000,21.7000,21.6300,1392296,30318360.0800,3,0.897494,1,0.323600,0
2012-02-10,sz.002344,21.5900,22.1000,21.5900,21.8700,21.7000,983965,21530157.0300,3,0.634278,1,0.783400,0
2012-02-13,sz.002344,21.8600,22.1600,21.5000,21.8900,21.8700,1608200,35178142.3300,3,1.036669,1,0.091400,0
2012-02-14,sz.002344,21.8100,22.1400,21.8100,22.0500,21.8900,1154500,25400104.7500,3,0.744207,1,0.730900,0
2012-02-15,sz.002344,21.9600,22.3900,21.8200,22.3000,22.0500,1308722,29011661.0300,3,0.843621,1,1.133800,0
2012-02-16,sz.002344,22.1500,22.7700,22.1100,22.3900,22.3000,1846578,41594758.7900,3,1.190330,1,0.403600,0
2012-02-17,sz.002344,22.4800,22.7000,22.1200,22.3000,22.3900,863874,19346074.9000,3,0.556865,1,-0.402000,0
2012-02-20,sz.002344,22.5000,22.9000,22.1000,22.1000,22.3000,1108366,24982515.1300,3,0.714468,1,-0.896900,0
2012-02-21,sz.002344,22.0900,22.2800,21.6400,22.1600,22.1000,939631,20652350.5100,3,0.605699,1,0.271500,0
2012-02-22,sz.002344,22.2300,22.6600,22.1000,22.6100,22.1600,1801700,40323082.3700,3,1.161401,1,2.030700,0
2012-02-23,sz.002344,22.7000,23.1800,22.5500,22.8900,22.6100,1881585,43094486.2000,3,1.212896,1,1.238400,0
2012-02-24,sz.002344,23.0900,23.2300,22.7700,23.1600,22.8900,1346161,31052646.3200,3,0.867754,1,1.179600,0
2012-02-27,sz.002344,23.2800,23.2800,22.8200,22.8900,23.1600,2490271,57222934.3200,3,1.605264,1,-1.165800,0
2012-02-28,sz.002344,22.9000,23.0500,22.4100,22.7900,22.8900,1290019,29307150.0200,3,0.831565,1,-0.436900,0
2012-02-29,sz.002344,22.6100,23.1000,22.4300,22.4300,22.7900,1154247,26290142.1600,3,0.744044,1,-1.579600,0
2012-03-01,sz.002344,22.3100,22.7800,22.3100,22.4800,22.4300,906327,20478388.7300,3,0.584231,1,0.222900,0
2012-03-02,sz.002344,22.5000,22.7700,22.4000,22.7100,22.4800,1356514,30635217.4100,3,0.874428,1,1.023100,0
2012-03-05,sz.002344,22.8000,22.9600,22.2800,22.3200,22.7100,2612491,58906168.9100,3,1.684049,1,-1.717300,0
2012-03-06,sz.002344,22.2800,22.4600,21.4100,21.8300,22.3200,3032145,65841051.0200,3,1.954564,1,-2.195300,0
2012-03-07,sz.002344,21.5800,21.9700,21.4400,21.5300,21.8300,1252969,27105001.4000,3,0.807682,1,-1.374300,0
2012-03-08,sz.002344,21.6700,21.7000,21.4500,21.6300,21.5300,2136602,46081766.0600,3,1.377284,1,0.464500,0
2012-03-09,sz.002344,22.0000,23.7900,22.0000,23.7900,21.6300,9285561,216775072.6800,3,5.985604,1,9.986100,0
2012-03-12,sz.002344,24.0000,24.7500,23.7900,24.4000,23.7900,8825131,214642974.7300,3,5.688805,1,2.564100,0
2012-03-13,sz.002344,24.4000,24.8900,24.2100,24.7200,24.4000,3928575,96820015.9300,3,2.532415,1,1.311500,0
2012-03-14,sz.002344,24.7900,25.0600,23.7000,24.1900,24.7200,6661769,163047412.9000,3,4.294271,1,-2.144000,0
2012-03-15,sz.002344,24.1600,25.7200,24.1600,25.4000,24.1900,7319892,184100242.3100,3,4.718506,1,5.002100,0
2012-03-16,sz.002344,25.2000,26.0900,25.2000,25.9500,25.4000,5655410,145392028.1000,3,3.645558,1,2.165400,0
2012-03-19,sz.002344,25.9500,26.0700,25.3100,25.8500,25.9500,4921806,126696324.9900,3,3.172666,1,-0.385400,0
2012-03-20,sz.002344,25.5500,25.9800,25.2000,25.2000,25.8500,2799427,71408995.3600,3,1.804550,1,-2.514500,0
2012-03-21,sz.002344,25.1100,25.3300,24.5200,24.9000,25.2000,2540911,63266721.0800,3,1.637907,1,-1.190500,0
2012-03-22,sz.002344,24.8800,25.1400,24.6000,25.0600,24.9000,1749719,43588245.0100,3,1.127894,1,0.642600,0
2012-03-23,sz.002344,24.9800,24.9800,24.4600,24.6900,25.0600,2273160,56007722.8000,3,1.465311,1,-1.476500,0
2012-03-26,sz.002344,24.7300,25.9800,24.4000,25.7000,24.6900,4043306,103338751.7700,3,2.606372,1,4.090700,0
2012-03-27,sz.002344,25.6900,25.9900,25.3000,25.5400,25.7000,2032310,52130860.2900,3,1.310056,1,-0.622600,0
2012-03-28,sz.002344,25.2000,25.5900,24.4100,24.5500,25.5400,2149060,53186785.5700,3,1.385315,1,-3.876300,0
2012-03-29,sz.002344,24.3000,24.5400,23.7000,24.4000,24.5500,1710095,41293556.9300,3,1.102352,1,-0.611000,0
2012-03-30,sz.002344,24.2000,24.5300,23.4100,23.5200,24.4000,1752164,41888452.0600,3,1.129470,1,-3.606600,0
2012-04-05,sz.002344,23.6000,25.8700,23.6000,25.8700,23.5200,5585130,142916491.2000,3,3.600254,1,9.991500,0
2012-04-06,sz.002344,25.9500,26.4800,25.8100,26.2300,25.8700,5194981,136108433.6400,3,3.348759,1,1.391600,0
2012-04-09,sz.002344,26.2400,26.7700,25.8600,26.1800,26.2300,3584115,94507341.3300,3,2.310371,1,-0.190600,0
2012-04-10,sz.002344,25.9000,26.6500,25.6800,26.5000,26.1800,2875090,75319246.7100,3,1.853324,1,1.222300,0
2012-04-11,sz.002344,26.1000,27.5800,26.0500,26.6600,26.5000,3656513,98459245.3300,3,2.357040,1,0.603800,0
2012-04-12,sz.002344,26.6300,26.9200,26.1200,26.6500,26.6600,2108206,55752985.5400,3,1.358980,1,-0.037500,0
2012-04-13,sz.002344,26.6700,27.2700,26.6500,27.1500,26.6500,2547476,68779498.4200,3,1.642139,1,1.876200,0
2012-04-16,sz.002344,27.0500,27.3500,26.7500,26.8100,27.1500,2435454,65958056.5600,3,1.569928,1,-1.252300,0
2012-04-17,sz.002344,26.8100,26.9700,26.1700,26.3000,26.8100,1638904,43292841.4400,3,1.056461,1,-1.902300,0
2012-04-18,sz.002344,26.3500,26.8600,26.0600,26.8200,26.3000,3058919,81189071.8600,3,1.971823,1,1.977200,0
2012-04-19,sz.002344,26.8200,27.6600,26.6600,27.1800,26.8200,2412335,65910205.3900,3,1.555025,1,1.342300,0
2012-04-20,sz.002344,27.0000,27.0000,26.4000,26.7000,27.1800,2366963,63016435.7300,3,1.525778,1,-1.766000,0
2012-04-23,sz.002344,26.5600,27.2800,26.3500,27.1800,26.7000,2544462,68554970.1100,3,1.640196,1,1.797800,0
2012-04-24,sz.002344,26.9500,27.7000,26.8000,27.5200,27.1800,2546450,69519930.4700,3,1.641478,1,1.250900,0
2012-04-25,sz.002344,28.1200,28.6600,26.8900,27.0000,27.5200,3317130,91614520.9200,3,2.138269,1,-1.889500,0
2012-04-26,sz.002344,26.3100,26.8700,26.1000,26.4000,27.0000,2104749,55660182.6000,3,1.356751,1,-2.222200,0
2012-04-27,sz.002344,26.2900,27.5500,26.2800,27.2400,26.4000,1793414,48422638.8700,3,1.156060,1,3.181800,0
2012-05-02,sz.002344,27.6500,27.8000,27.2500,27.5000,27.2400,2868538,78940634.5400,3,1.849100,1,0.954500,0
2012-05-03,sz.002344,27.7000,28.4700,27.7000,28.3200,27.5000,3692404,103712486.8700,3,2.380176,1,2.981800,0
2012-05-04,sz.002344,28.4000,28.5000,28.0200,28.2400,28.3200,2530724,71536928.5200,3,1.631341,1,-0.282500,0
2012-05-07,sz.002344,28.2000,28.4000,27.9200,28.2300,28.2400,2465772,69139001.5600,3,1.589472,1,-0.035400,0
2012-05-08,sz.002344,28.2200,28.2200,27.5900,28.1100,28.2300,2711619,75789808.7000,3,1.747948,1,-0.425100,0
2012-05-09,sz.002344,27.9100,28.0600,27.3000,27.3000,28.1100,1336607,36905127.1400,3,0.861596,1,-2.881500,0
2012-05-10,sz.002344,27.2800,27.7500,27.2500,27.3000,27.3000,864530,23756067.5700,3,0.557288,1,0.000000,0
2012-05-11,sz.002344,27.3600,27.4900,26.6800,26.8000,27.3000,1776565,47774100.6400,3,1.145199,1,-1.831500,0
2012-05-14,sz.002344,27.0200,27.3000,26.7200,26.8700,26.8000,1669925,45195102.9800,3,1.076457,1,0.261200,0
2012-05-15,sz.002344,26.8700,26.8700,26.8700,26.8700,26.8700,0,0.0000,3,,0,0.000000,0
2012-05-16,sz.002344,26.8500,27.3500,26.6100,26.9700,26.8700,1143641,30976812.6200,3,0.737207,1,0.372200,0
2012-05-17,sz.002344,27.1100,28.0400,27.1100,27.7200,26.9700,3160028,87510520.5700,3,2.036999,1,2.780900,0
2012-05-18,sz.002344,27.5100,27.8700,26.9900,27.1000,27.7200,1425921,39209901.1500,3,0.919169,1,-2.236700,0
2012-05-21,sz.002344,26.9500,27.3000,26.8100,27.0400,27.1000,1217239,32880439.5200,3,0.784650,1,-0.221400,0
2012-05-22,sz.002344,27.3300,27.5000,26.6000,26.9700,27.0400,1651981,44523256.4500,3,1.064890,1,-0.258900,0
2012-05-23,sz.002344,26.8100,27.1000,26.5800,26.9200,26.9700,1106371,29675788.6200,3,0.713182,1,-0.185400,0
2012-05-24,sz.002344,26.8000,26.9000,26.2000,26.3000,26.9200,1266979,33591426.5800,3,0.816713,1,-2.303100,0
2012-05-25,sz.002344,26.3000,26.6600,26.2000,26.3500,26.3000,1156253,30494186.2200,3,0.745337,1,0.190100,0
2012-05-28,sz.002344,26.3300,26.9000,26.0600,26.7800,26.3500,1145359,30421540.5300,3,0.738315,1,1.631900,0
2012-05-29,sz.002344,26.7800,27.1500,26.4200,26.9000,26.7800,1083296,29269707.7400,3,0.698308,1,0.448100,0
2012-05-30,sz.002344,26.8500,27.7500,26.6500,27.3600,26.9000,1479285,40400884.3300,3,0.953568,1,1.710000,0
2012-05-31,sz.002344,27.0500,27.1900,26.2700,27.0500,27.3600,2170394,57923772.2100,3,1.399067,1,-1.133000,0
2012-06-01,sz.002344,26.9900,27.1500,26.7200,26.8100,27.0500,906584,24398580.4400,3,0.584397,1,-0.887200,0
2012-06-04,sz.002344,26.3300,26.8700,25.3400,25.5300,26.8100,3273369,84639672.0000,3,2.110060,1,-4.774300,0
2012-06-05,sz.002344,25.7800,25.7800,25.4000,25.5100,25.5300,950362,24285092.9400,3,0.612617,1,-0.078300,0
2012-06-06,sz.002344,25.7800,25.9500,25.2400,25.3100,25.5100,1217635,31041966.0900,3,0.784905,1,-0.784000,0
2012-06-07,sz.002344,25.4800,25.8200,25.0000,25.3100,25.3100,944535,23894368.8100,3,0.608861,1,0.000000,0
2012-06-08,sz.002344,25.4800,25.5300,25.0200,25.1500,25.0600,908671,22892723.4500,3,0.585742,1,0.359100,0
2012-06-11,sz.002344,25.2000,26.1200,25.1100,26.0100,25.1500,877587,22628141.6200,3,0.565705,1,3.419500,0
2012-06-12,sz.002344,25.6900,26.3000,25.6900,25.9100,26.0100,1038673,26982914.3400,3,0.669543,1,-0.384500,0
2012-06-13,sz.002344,25.9100,26.4700,25.9100,26.3500,25.9100,1250235,32841807.7500,3,0.805919,1,1.698200,0
2012-06-14,sz.002344,26.4800,26.9800,26.3500,26.3800,26.3500,1106306,29492434.3400,3,0.713141,1,0.113900,0
2012-06-15,sz.002344,26.4000,26.8000,26.2600,26.4900,26.3800,779386,20667028.2500,3,0.502403,1,0.417000,0
2012-06-18,sz.002344,26.5500,27.0200,26.5500,26.8100,26.4900,897441,24123415.6200,3,0.578503,1,1.208000,0
2012-06-19,sz.002344,26.7000,27.2000,26.6800,26.9600,26.8100,769667,20688979.6300,3,0.496138,1,0.559500,0
2012-06-20,sz.002344,27.0600,27.2000,26.8300,27.0100,26.9600,1183180,32046714.9300,3,0.762695,1,0.185500,0
2012-06-21,sz.002344,27.0000,27.0000,26.2700,26.5900,27.0100,1805642,48258175.9200,3,1.163942,1,-1.555000,0
2012-06-25,sz.002344,26.4000,26.9400,26.2000,26.6500,26.5900,1405796,37592728.4500,3,0.906196,1,0.225600,0
2012-06-26,sz.002344,26.6500,26.6500,25.8000,26.1800,26.6500,958254,25177632.7800,3,0.617704,1,-1.763600,0
2012-06-27,sz.002344,25.8800,26.4000,25.8200,25.9000,26.1800,1122571,29209628.2000,3,0.723625,1,-1.069500,0
2012-06-28,sz.002344,25.8200,26.3500,25.8200,25.9000,25.9000,662097,17282127.1200,3,0.426797,1,0.000000,0
2012-06-29,sz.002344,25.9200,26.1000,25.2200,26.0800,25.9000,1541716,39384432.4000,3,0.993812,1,0.695000,0
2012-07-02,sz.002344,25.9300,26.2800,25.4100,26.0700,26.0800,934829,24186376.1700,3,0.591673,1,-0.038300,0
2012-07-03,sz.002344,25.8100,27.0900,25.8100,26.8700,26.0700,2319350,62009179.9400,3,1.467967,1,3.068700,0
2012-07-04,sz.002344,26.8800,27.1100,26.5800,26.7500,26.8700,726688,19490805.4600,3,0.459937,1,-0.446600,0
2012-07-05,sz.002344,26.8500,26.8500,26.3200,26.5000,26.7500,1146279,30396976.7600,3,0.725505,1,-0.934600,0
2012-07-06,sz.002344,26.6800,27.2100,26.5100,27.1800,26.5000,1792891,48341367.2100,3,1.134759,1,2.566000,0
2012-07-09,sz.002344,27.1500,27.2700,26.6200,26.7500,27.1800,1372711,36959479.5300,3,0.868818,1,-1.582000,0
2012-07-10,sz.002344,26.7500,26.8500,25.6500,26.2100,26.7500,1274797,33386110.2400,3,0.806847,1,-2.018700,0
2012-07-11,sz.002344,25.8100,26.9800,25.8000,26.6500,26.2100,1176000,31245109.3500,3,0.744316,1,1.678700,0
2012-07-12,sz.002344,26.3300,27.2000,26.3300,27.1000,26.6500,1912619,51588124.7400,3,1.210538,1,1.688600,0
2012-07-13,sz.002344,27.3000,27.3200,26.7900,27.1500,27.1000,930222,25113405.7000,3,0.588758,1,0.184500,0
2012-07-16,sz.002344,27.1500,27.4500,26.5800,27.0100,27.1500,2153516,58440422.2400,3,1.363007,1,-0.515700,0
2012-07-17,sz.002344,26.8200,27.1300,26.2500,26.4400,27.0100,1312176,34976029.9800,3,0.830505,1,-2.110300,0
2012-07-18,sz.002344,26.4000,26.7600,26.3600,26.6500,26.4400,1233893,32812723.3100,3,0.780958,1,0.794300,0
2012-07-19,sz.002344,26.4600,27.0500,26.4600,26.6000,26.6500,1008435,26999611.2100,3,0.638260,1,-0.187600,0
2012-07-20,sz.002344,26.6000,26.9700,26.2000,26.6000,26.6000,908107,24137840.1000,3,0.574761,1,0.000000,0
2012-07-23,sz.002344,26.5000,26.5000,25.8700,26.1000,26.6000,1129487,29332649.8000,3,0.714877,1,-1.879700,0
2012-07-24,sz.002344,26.0000,26.3800,25.3900,25.8200,26.1000,1217848,31439221.2700,3,0.770802,1,-1.072800,0
2012-07-25,sz.002344,25.8100,25.9700,25.6900,25.7600,25.8200,263007,6787860.5400,3,0.166463,1,-0.232400,0
2012-07-26,sz.002344,25.7900,26.1700,25.5000,25.9500,25.7600,543855,14114043.3100,3,0.344218,1,0.737600,0
2012-07-27,sz.002344,25.9100,26.3000,25.4700,25.6000,25.9500,609396,15633489.2800,3,0.385700,1,-1.348700,0
2012-07-30,sz.002344,25.4000,25.8400,25.3000,25.4000,25.6000,1050707,26786858.9000,3,0.665015,1,-0.781200,0
2012-07-31,sz.002344,25.4500,25.9000,25.1200,25.3900,25.4000,1734567,44360947.4600,3,1.097845,1,-0.039400,0
2012-08-01,sz.002344,25.5100,25.7400,25.3900,25.6000,25.3900,1073581,27485858.3100,3,0.679493,1,0.827100,0
2012-08-02,sz.002344,25.7000,25.8700,25.0500,25.2100,25.6000,793387,20174387.6200,3,0.502152,1,-1.523400,0
2012-08-03,sz.002344,25.2000,25.4600,24.6000,25.1700,25.2100,1986203,49409257.3700,3,1.257111,1,-0.158700,0
2012-08-06,sz.002344,25.1500,25.7300,25.0500,25.3000,25.1700,3316176,84071977.6700,3,2.098879,1,0.516500,0
2012-08-07,sz.002344,25.2100,25.5900,24.7200,24.8900,25.3000,2543442,63687331.6500,3,1.609799,1,-1.620600,0
2012-08-08,sz.002344,24.8500,24.8500,24.0100,24.1900,24.8900,2948363,71564491.4500,3,1.866083,1,-2.812400,0
2012-08-09,sz.002344,24.2100,25.1800,24.2100,25.0500,24.1900,2215398,55132334.5700,3,1.402173,1,3.555200,0
2012-08-10,sz.002344,25.0700,25.2500,24.9800,25.1400,25.0500,1380894,34671179.0800,3,0.873998,1,0.359300,0
2012-08-13,sz.002344,25.3200,25.4300,25.0600,25.2600,25.1400,1993820,50367045.7600,3,1.261932,1,0.477300,0
2012-08-14,sz.002344,25.4000,25.5200,25.0000,25.4800,25.2600,1480372,37374389.3100,3,0.936959,1,0.870900,0
2012-08-15,sz.002344,25.2800,25.4800,24.6700,24.9500,25.4800,1630371,40408556.6000,3,1.031897,1,-2.080100,0
2012-08-16,sz.002344,24.6200,24.9600,24.2200,24.6000,24.9500,1386657,33860243.8400,3,0.877645,1,-1.402800,0
2012-08-17,sz.002344,24.4000,24.4600,23.5000,23.7800,24.6000,1451057,34500735.8700,3,0.918405,1,-3.333300,0
2012-08-20,sz.002344,23.5000,23.9800,23.2800,23.8200,23.7800,798372,18787420.1700,3,0.505307,1,0.168200,0
2012-08-21,sz.002344,23.8400,24.1500,23.5000,23.6800,23.8200,1469634,34902617.9000,3,0.930163,1,-0.587700,0
2012-08-22,sz.002344,23.7900,24.0700,23.4100,23.4900,23.6800,1307432,31117917.8300,3,0.827502,1,-0.802400,0
2012-08-23,sz.002344,23.7200,23.9800,23.5100,23.8100,23.4900,825844,19626380.2000,3,0.522695,1,1.362300,0
2012-08-24,sz.002344,23.5500,23.8900,23.5500,23.7000,23.8100,483857,11468079.8400,3,0.306244,1,-0.462000,0
2012-08-27,sz.002344,24.0100,24.0100,23.4200,23.5400,23.7000,285948,6738271.2100,3,0.180983,1,-0.675100,0
2012-08-28,sz.002344,23.3400,24.2000,22.6000,24.1500,23.5400,1620800,37492906.1100,3,1.025839,1,2.591300,0
2012-08-29,sz.002344,23.6700,23.8500,21.8000,22.7300,24.1500,4145163,94145271.8500,3,2.623563,1,-5.879900,0
2012-08-30,sz.002344,22.4200,22.8800,22.1000,22.4300,22.7300,1445310,32495318.0600,3,0.914768,1,-1.319838,0
2012-08-31,sz.002344,22.1900,22.7300,22.1900,22.4700,22.4300,457624,10281346.3600,3,0.289640,1,0.178300,0
2012-09-03,sz.002344,22.7500,23.6000,22.7500,23.2800,22.4700,1363337,31827963.3600,3,0.862885,1,3.604800,0
2012-09-04,sz.002344,23.4500,23.6900,23.1000,23.1200,23.2800,995593,23311194.4600,3,0.630132,1,-0.687300,0
2012-09-05,sz.002344,23.0900,23.6000,22.8500,23.4800,23.1200,857854,19995547.6300,3,0.542954,1,1.557100,0
2012-09-06,sz.002344,23.6700,23.9400,23.4800,23.5800,23.4800,668436,15859044.0900,3,0.423068,1,0.425900,0
2012-09-07,sz.002344,23.9600,24.7500,23.7000,24.1700,23.5800,2188344,53238770.1700,3,1.385050,1,2.502100,0
2012-09-10,sz.002344,24.1700,25.0000,24.1700,24.6000,24.1700,1585434,39261098.7500,3,1.003455,1,1.779100,0
2012-09-11,sz.002344,24.6300,24.6500,24.2800,24.6300,24.6000,742237,18176112.3800,3,0.469778,1,0.122000,0
2012-09-12,sz.002344,24.8900,25.0800,24.5100,24.7900,24.6300,1297825,32305278.0100,3,0.821421,1,0.649600,0
2012-09-13,sz.002344,24.7900,25.3800,24.6700,25.1000,24.7900,1846880,46496404.7800,3,1.168930,1,1.250500,0
2012-09-14,sz.002344,24.9900,25.2500,24.6000,24.6600,25.1000,1158391,28859694.4400,3,0.733171,1,-1.753000,0
2012-09-17,sz.002344,24.6800,24.8800,23.7200,23.7600,24.6600,1011283,24375129.7100,3,0.640063,1,-3.649600,0
2012-09-18,sz.002344,23.7500,24.0800,23.4000,23.5000,23.7600,643473,15277107.6600,3,0.407268,1,-1.094300,0
2012-09-19,sz.002344,23.7300,23.7300,23.1600,23.2000,23.5000,1264151,29532951.4400,3,0.800108,1,-1.276600,0
2012-09-20,sz.002344,23.2500,23.9900,23.1900,23.5700,23.2000,1182559,27895034.0300,3,0.748467,1,1.594800,0
2012-09-21,sz.002344,23.5000,24.3800,23.4200,24.3500,23.5700,1473100,35370105.1700,3,0.932357,1,3.309300,0
2012-09-24,sz.002344,24.3300,25.2800,24.0000,25.0800,24.3500,2164930,53920715.5500,3,1.370231,1,2.997900,0
2012-09-25,sz.002344,25.1500,25.3800,24.6300,24.9300,25.0800,1600800,40011186.1900,3,1.013181,1,-0.598100,0
2012-09-26,sz.002344,25.0500,25.0500,23.9500,24.2100,24.9300,1157873,28201503.8700,3,0.732843,1,-2.888100,0
2012-09-27,sz.002344,24.2100,25.0000,24.1000,24.9500,24.2100,1189027,29502594.7500,3,0.752561,1,3.056600,0
2012-09-28,sz.002344,24.7700,25.4700,24.4000,25.1100,24.9500,1842790,46448327.7400,3,1.166342,1,0.641300,0
2012-10-08,sz.002344,25.1100,25.3900,25.0900,25.2900,25.1100,1020304,25741440.2300,3,0.645772,1,0.716800,0
2012-10-09,sz.002344,25.4200,25.6800,25.2400,25.6800,25.2900,1664521,42478153.8500,3,1.053511,1,1.542100,0
2012-10-10,sz.002344,25.5800,25.9000,25.2600,25.7300,25.6800,1316172,33874788.3700,3,0.833034,1,0.194700,0
2012-10-11,sz.002344,25.5200,25.9900,25.3200,25.6600,25.7300,837592,21606975.1800,3,0.530130,1,-0.272100,0
2012-10-12,sz.002344,25.8400,26.1600,25.5200,25.7600,25.6600,949150,24601002.0000,3,0.600738,1,0.389700,0
2012-10-15,sz.002344,25.9800,25.9800,25.0400,25.2900,25.7600,758412,19316132.8900,3,0.480015,1,-1.824500,0
2012-10-16,sz.002344,25.1400,25.6600,25.1400,25.5800,25.2900,939671,23872426.5800,3,0.594738,1,1.146700,0
2012-10-17,sz.002344,25.6000,25.7500,25.2100,25.4000,25.5800,1411637,35933000.7300,3,0.893456,1,-0.703700,0
2012-10-18,sz.002344,25.5500,25.9700,25.2300,25.9500,25.4000,1344231,34519319.4900,3,0.850793,1,2.165400,0
2012-10-19,sz.002344,25.9500,26.0000,25.6100,25.9800,25.9500,676952,17531837.7000,3,0.428458,1,0.115602,0
2012-10-22,sz.002344,25.8000,26.4800,25.6500,26.4800,25.9800,1197071,31329038.7200,3,0.757652,1,1.924600,0
2012-10-23,sz.002344,26.4700,26.7600,26.1600,26.4900,26.4800,741286,19691173.9400,3,0.469176,1,0.037800,0
2012-10-24,sz.002344,26.3600,26.6900,25.8300,25.8300,26.4900,1400438,36467613.9500,3,0.886367,1,-2.491500,0
2012-10-25,sz.002344,25.7100,25.9600,25.5000,25.7500,25.8300,494505,12741381.4200,3,0.312983,1,-0.309700,0
2012-10-26,sz.002344,25.6800,26.5000,25.6500,26.5000,25.7500,1016858,26282071.1500,3,0.643591,1,2.912600,0
2012-10-29,sz.002344,26.0800,26.3100,25.8100,26.0200,26.5000,1438312,37473957.9200,3,0.910339,1,-1.811300,0
2012-10-30,sz.002344,26.0200,26.2900,25.6200,25.9500,26.0200,1097501,28358953.8900,3,0.694632,1,-0.269000,0
2012-10-31,sz.002344,25.7500,26.2100,25.7500,26.0800,25.9500,395898,10322832.3500,3,0.250572,1,0.501000,0
2012-11-01,sz.002344,26.0200,26.6000,26.0200,26.3500,26.0800,1362875,36008302.0500,3,0.862593,1,1.035300,0
2012-11-02,sz.002344,26.2800,26.6100,26.1000,26.3800,26.3500,584632,15405568.8600,3,0.370026,1,0.113900,0
2012-11-05,sz.002344,26.4000,26.5000,25.9500,26.1500,26.3800,771982,20179121.7000,3,0.488604,1,-0.871900,0
2012-11-06,sz.002344,26.1800,26.2300,25.2200,25.9300,26.1500,1325723,34167279.4100,3,0.839079,1,-0.841300,0
2012-11-07,sz.002344,25.6800,26.1000,25.6800,25.9500,25.9300,286023,7412025.6500,3,0.181030,1,0.077100,0
2012-11-08,sz.002344,25.9000,25.9000,25.0300,25.0300,25.9500,437709,11144300.2600,3,0.277035,1,-3.545300,0
2012-11-09,sz.002344,25.0000,25.1600,24.5000,24.7900,25.0300,1137962,28192593.2900,3,0.720241,1,-0.958800,0
2012-11-12,sz.002344,24.8100,25.4100,24.8000,25.3000,24.7900,472543,11912586.7700,3,0.299083,1,2.057300,0
2012-11-13,sz.002344,25.1500,25.3000,24.8100,24.8800,25.3000,601611,15031219.2500,3,0.380773,1,-1.660100,0
2012-11-14,sz.002344,25.0900,25.1000,24.8800,25.1000,24.8800,683121,17062733.5200,3,0.432362,1,0.884200,0
2012-11-15,sz.002344,25.1200,25.2800,24.1500,24.7000,25.1000,491138,12125512.3300,3,0.310852,1,-1.593600,0
2012-11-16,sz.002344,24.5000,24.7300,24.1300,24.1800,24.7000,414928,10090433.7500,3,0.262617,1,-2.105300,0
2012-11-19,sz.002344,24.1500,24.9500,23.9100,24.7000,24.1800,467703,11403521.9500,3,0.296019,1,2.150500,0
2012-11-20,sz.002344,24.8500,24.8500,24.4100,24.4200,24.7000,308318,7598651.8900,3,0.195141,1,-1.133600,0
2012-11-21,sz.002344,24.6900,24.8800,24.1200,24.8000,24.4200,318309,7819598.3000,3,0.201465,1,1.556100,0
2012-11-22,sz.002344,24.6500,24.7900,24.5200,24.6300,24.8000,205125,5048233.3600,3,0.129828,1,-0.685500,0
2012-11-23,sz.002344,24.8100,24.9800,24.5300,24.7000,24.6300,236371,5827421.9100,3,0.149604,1,0.284200,0
2012-11-26,sz.002344,24.6800,24.8900,24.1000,24.1500,24.7000,528611,12861840.1000,3,0.334569,1,-2.226700,0
2012-11-27,sz.002344,24.1000,24.2300,23.1800,23.4200,24.1500,526168,12540876.6100,3,0.333023,1,-3.022800,0
2012-11-28,sz.002344,23.4200,23.9000,22.8300,23.3800,23.4200,807141,18816442.5600,3,0.510857,1,-0.170800,0
2012-11-29,sz.002344,23.3800,23.7900,23.1600,23.7000,23.3800,276791,6473899.5100,3,0.175187,1,1.368700,0
2012-11-30,sz.002344,23.6800,24.4900,23.2800,24.4900,23.7000,717268,17145246.5800,3,0.453974,1,3.333300,0
2012-12-03,sz.002344,24.4100,24.8700,24.0100,24.3000,24.4900,1317370,32138863.9800,3,0.833792,1,-0.775800,0
2012-12-04,sz.002344,24.3000,24.6000,23.1800,23.6500,24.3000,2142961,50533926.3800,3,1.356326,1,-2.674900,0
2012-12-05,sz.002344,23.8800,24.2200,22.8800,22.9000,23.6500,6740277,156530156.7200,3,4.266067,1,-3.171200,0
2012-12-06,sz.002344,22.7700,22.8200,21.7600,22.2900,22.9000,4575119,101504061.4500,3,2.895692,1,-2.663800,0
2012-12-07,sz.002344,22.2500,23.0500,22.0600,22.9800,22.2900,3122129,70568475.3500,3,1.976063,1,3.095600,0
2012-12-10,sz.002344,22.9000,23.0000,22.4800,22.8700,22.9800,2359233,53582724.4700,3,1.493210,1,-0.478700,0
2012-12-11,sz.002344,22.7600,23.1200,22.5700,22.8300,22.8700,1985257,45433914.5900,3,1.256512,1,-0.174900,0
2012-12-12,sz.002344,22.7500,22.9800,22.3000,22.6100,22.8300,1474809,33381797.6400,3,0.933438,1,-0.963600,0
2012-12-13,sz.002344,22.4100,22.6800,22.3900,22.4700,22.6100,1123259,25281354.7000,3,0.710935,1,-0.619200,0
2012-12-14,sz.002344,22.4700,23.8300,22.4700,23.7400,22.4700,4020750,93362850.6400,3,2.544820,1,5.652000,0
2012-12-17,sz.002344,23.7400,24.2000,23.4000,23.8200,23.7400,1823030,43444105.6000,3,1.153835,1,0.337000,0
2012-12-18,sz.002344,23.6000,24.2300,23.6000,23.8900,23.8200,2500120,59711326.5500,3,1.582380,1,0.293900,0
2012-12-19,sz.002344,23.8900,24.0600,23.6200,24.0000,23.8900,1876818,44697996.6100,3,1.187879,1,0.460400,0
2012-12-20,sz.002344,23.8500,24.2500,23.6800,24.2000,24.0000,1968060,47078280.2200,3,1.245628,1,0.833300,0
2012-12-21,sz.002344,24.1500,24.7300,23.9100,24.0200,24.2000,2355140,57226725.8900,3,1.490619,1,-0.743800,0
2012-12-24,sz.002344,24.2800,24.6400,24.0000,24.5500,24.0200,2118781,51805124.1700,3,1.341022,1,2.206500,0
2012-12-25,sz.002344,24.5000,25.4500,24.5000,25.0700,24.5500,1692057,42348427.8200,3,1.070939,1,2.118100,0
2012-12-26,sz.002344,25.3900,25.6700,25.0600,25.4000,25.0700,1587228,40141776.2000,3,1.004591,1,1.316300,0
2012-12-27,sz.002344,25.4200,25.7000,25.1900,25.6800,25.4000,1572826,40114382.2700,3,0.995476,1,1.102400,0
2012-12-28,sz.002344,25.5000,26.0600,25.1000,26.0000,25.6800,3802403,96680528.3100,3,2.406623,1,1.246100,0
2012-12-31,sz.002344,25.9800,26.9200,25.5300,26.5800,26.0000,3466309,90985188.3800,3,2.193902,1,2.230800,0
2013-01-04,sz.002344,26.8800,27.0000,26.0000,26.4200,26.5800,1954516,51692459.2200,3,1.237055,1,-0.602000,0
2013-01-07,sz.002344,26.1200,26.1200,25.2500,25.7900,26.4200,2651516,67932441.1000,3,1.678202,1,-2.384600,0
2013-01-08,sz.002344,25.6000,26.2900,25.6000,25.8500,25.7900,1366168,35547414.2000,3,0.864677,1,0.232600,0
2013-01-09,sz.002344,25.8500,26.4500,25.6600,25.7700,25.8500,1302614,33729268.4300,3,0.824453,1,-0.309500,0
2013-01-10,sz.002344,25.6700,25.9500,25.5000,25.6000,25.7700,1133027,29177192.9900,3,0.717117,1,-0.659700,0
2013-01-11,sz.002344,25.5900,25.9500,25.2100,25.5200,25.6000,1005553,25797793.1600,3,0.636436,1,-0.312500,0
2013-01-14,sz.002344,25.5300,26.3900,25.2800,26.1200,25.5200,1140094,29652730.9100,3,0.721590,1,2.351100,0
2013-01-15,sz.002344,26.2000,26.3400,25.9900,26.1700,26.1200,1431788,37406812.1900,3,0.906210,1,0.191400,0
2013-01-16,sz.002344,26.1700,26.2800,25.4600,25.7500,26.1700,1767650,45650933.0700,3,1.118784,1,-1.604900,0
2013-01-17,sz.002344,25.6000,26.6900,25.6000,26.6300,25.7500,1905433,50033830.8800,3,1.205990,1,3.417500,0
2013-01-18,sz.002344,26.8000,27.6000,26.3900,27.5300,26.6300,3141927,85387715.6900,3,1.988593,1,3.379600,0
2013-01-21,sz.002344,27.6500,27.9900,27.1000,27.7200,27.5300,2319594,63728297.3900,3,1.468121,1,0.690200,0
2013-01-22,sz.002344,27.7600,28.1700,26.9000,27.0200,27.7200,2256839,62282965.5600,3,1.428402,1,-2.525300,0
2013-01-23,sz.002344,27.0200,27.1000,26.3500,27.0000,27.0200,1382766,36975586.1800,3,0.875182,1,-0.074000,0
2013-01-24,sz.002344,27.0000,27.0000,25.8900,26.8100,27.0000,2328777,61742850.6400,3,1.473933,1,-0.703700,0
2013-01-25,sz.002344,26.6000,27.3100,26.3100,26.8200,26.8100,1121243,30248532.8300,3,0.709659,1,0.037300,0
2013-01-28,sz.002344,26.9300,28.2800,26.8600,27.6000,26.8200,2457440,68539048.5100,3,0.489286,1,2.908300,0
2013-01-29,sz.002344,27.5800,28.1700,26.9200,27.5000,27.6000,2342993,64243492.7300,3,0.466499,1,-0.362300,0
2013-01-30,sz.002344,27.4200,30.2500,27.3000,30.0300,27.5000,5967363,174544800.7300,3,1.188125,1,9.200000,0
2013-01-31,sz.002344,30.0000,31.2500,29.7500,30.6500,30.0300,3746447,114104457.3400,3,0.745932,1,2.064600,0
2013-02-01,sz.002344,30.0600,30.9900,29.9400,30.8000,30.6500,2565727,78392998.6300,3,0.510846,1,0.489400,0
2013-02-04,sz.002344,30.3100,31.0000,29.8000,30.0900,30.8000,2479111,75064488.4300,3,0.493601,1,-2.305200,0
2013-02-05,sz.002344,30.1800,30.3900,29.8100,30.0400,30.0900,1931846,58096575.7000,3,0.384638,1,-0.166200,0
2013-02-06,sz.002344,30.0600,31.3000,29.5600,30.5900,30.0400,1329709,41028438.1700,3,0.264750,1,1.830900,0
2013-02-07,sz.002344,30.5900,32.8100,30.4500,32.4700,30.5900,1901796,59990658.7500,3,0.378655,1,6.145800,0
2013-02-08,sz.002344,32.5000,32.9900,32.3200,32.7000,32.4700,1196860,39171848.6200,3,0.238299,1,0.708300,0
2013-02-18,sz.002344,33.0600,33.0700,32.0000,32.1800,32.7000,845309,27479101.4600,3,0.168304,1,-1.590200,0
2013-02-19,sz.002344,32.5000,33.0000,31.6000,32.4700,32.1800,2255234,72971929.5400,3,0.449026,1,0.901200,0
2013-02-20,sz.002344,32.6000,34.5000,32.5700,34.0300,32.4700,3473748,117959505.0400,3,0.691637,1,4.804400,0
2013-02-21,sz.002344,34.0800,34.4900,33.0000,33.6500,34.0300,2012894,67966468.3800,3,0.400775,1,-1.116700,0
2013-02-22,sz.002344,33.9000,35.1800,33.3300,34.8600,33.6500,1578365,54502615.1100,3,0.314259,1,3.595800,0
2013-02-25,sz.002344,34.8000,36.5000,34.8000,35.8800,34.8600,2560509,91583590.2600,3,0.509807,1,2.926000,0
2013-02-26,sz.002344,35.8800,35.8800,34.0000,35.1300,35.8800,2419308,84566119.4800,3,0.481694,1,-2.090300,0
2013-02-27,sz.002344,34.8000,35.5300,34.0000,35.0000,35.1300,1321472,45885782.2400,3,0.263110,1,-0.370100,0
2013-02-28,sz.002344,35.0900,35.5000,34.3800,34.9200,35.0000,1031424,36067228.8600,3,0.205360,1,-0.228600,0
2013-03-01,sz.002344,34.9100,36.5600,34.5500,35.9100,34.9200,1525260,54906286.8600,3,0.303685,1,2.835100,0
2013-03-04,sz.002344,35.5100,36.6200,34.8800,35.9000,35.9100,1620405,57521593.7500,3,0.322629,1,-0.027800,0
2013-03-05,sz.002344,35.9000,35.9000,34.2300,35.2700,35.9000,1773802,61709072.9700,3,0.353171,1,-1.754900,0
2013-03-06,sz.002344,35.3000,35.6900,34.0900,35.0000,35.2700,1900351,66331710.6000,3,0.378367,1,-0.765500,0
2013-03-07,sz.002344,35.0000,35.5000,34.0300,34.3800,35.0000,1778299,61719568.8600,3,0.354066,1,-1.771400,0
2013-03-08,sz.002344,35.2500,36.5000,34.2800,34.3800,34.3800,1519602,53335550.4100,3,0.302559,1,0.000000,0
2013-03-11,sz.002344,34.2900,34.3700,33.0500,33.6400,34.3800,1635047,54967424.4300,3,0.325544,1,-2.152400,0
2013-03-12,sz.002344,33.5700,34.0000,31.4400,32.4500,33.6400,1596347,52156159.5200,3,0.317839,1,-3.537500,0
2013-03-13,sz.002344,32.0300,33.6100,31.8000,33.5000,32.4500,1848625,59848677.4300,3,0.368068,1,3.235700,0
2013-03-14,sz.002344,33.2000,35.4900,32.8100,34.7900,33.5000,2044410,70079581.7900,3,0.407050,1,3.850700,0
2013-03-15,sz.002344,34.6600,35.2400,34.2900,34.6900,34.7900,1087506,37938585.5800,3,0.216527,1,-0.287400,0
2013-03-18,sz.002344,35.3000,35.3000,33.4400,34.2000,34.6900,1125049,38299324.0000,3,0.224002,1,-1.412500,0
2013-03-19,sz.002344,34.4300,34.4300,33.2300,33.7700,34.2000,1021445,34552528.0000,3,0.203374,1,-1.257300,0
2013-03-20,sz.002344,33.3900,34.4000,33.3600,34.3800,33.7700,1891635,64245440.0000,3,0.376632,1,1.806300,0
2013-03-21,sz.002344,34.3800,35.5000,34.1800,35.3500,34.3800,1625161,56818920.0000,3,0.323576,1,2.821400,0
2013-03-22,sz.002344,35.3300,35.9200,35.0500,35.4000,35.3500,1250233,44184192.0000,3,0.248926,1,0.141500,0
2013-03-25,sz.002344,35.7700,35.7700,34.5700,34.7000,35.4000,1006003,35080512.0000,3,0.200299,1,-1.977400,0
2013-03-26,sz.002344,34.4900,34.9000,33.5300,34.6400,34.7000,1080506,36774548.0000,3,0.215133,1,-0.172900,0
2013-03-27,sz.002344,34.5100,35.1100,34.1100,34.7000,34.6400,880898,30682070.0000,3,0.175390,1,0.173200,0
2013-03-28,sz.002344,34.5000,34.5000,32.8000,33.3800,34.7000,2239979,74687368.0000,3,0.445988,1,-3.804000,0
2013-03-29,sz.002344,33.8800,33.8800,32.0000,32.5000,33.3800,2184592,71235024.0000,3,0.434961,1,-2.636300,0
2013-04-01,sz.002344,32.0100,33.3000,32.0100,32.8000,32.5000,1186198,38915024.0000,3,0.236177,1,0.923100,0
2013-04-02,sz.002344,33.0200,33.3700,32.5100,32.8400,32.8000,749191,24697188.0000,3,0.149167,1,0.122000,0
2013-04-03,sz.002344,33.1900,33.1900,31.7000,31.7000,32.8400,1022678,32978434.0000,3,0.203619,1,-3.471400,0
2013-04-08,sz.002344,31.0100,32.9500,31.0000,32.9500,31.7000,1163914,37435184.0000,3,0.231740,1,3.943200,0
2013-04-09,sz.002344,32.9900,33.2800,32.6500,32.7400,32.9500,778156,25715036.0000,3,0.154934,1,-0.637300,0
2013-04-10,sz.002344,32.7600,33.2000,32.6500,33.1500,32.7400,311492,10241792.0000,3,0.062019,1,1.252300,0
2013-04-11,sz.002344,33.6400,33.6500,32.0200,32.9600,33.1500,1530083,50398188.0000,3,0.304645,1,-0.573200,0
2013-04-12,sz.002344,32.4100,32.8900,32.0700,32.6500,32.9600,414964,13469743.0000,3,0.082621,1,-0.940527,0
2013-04-15,sz.002344,32.9700,32.9700,32.4000,32.7700,32.6500,784745,25677288.0000,3,0.156246,1,0.367500,0
2013-04-16,sz.002344,32.7000,33.2800,32.2000,33.1000,32.7700,536457,17519448.0000,3,0.106811,1,1.007013,0
2013-04-17,sz.002344,32.2900,33.4900,32.2900,33.3000,33.1000,709505,23526172.0000,3,0.141265,1,0.604200,0
2013-04-18,sz.002344,33.0600,34.7000,33.0300,34.5900,33.3000,1644094,56365776.0000,3,0.327345,1,3.873900,0
2013-04-19,sz.002344,34.6000,36.1300,34.5900,35.9000,34.5900,1758249,62681368.0000,3,0.350074,1,3.787226,0
2013-04-22,sz.002344,36.5000,36.9900,35.5900,36.9000,35.9000,1878849,68419520.0000,3,0.374086,1,2.785500,0
2013-04-23,sz.002344,36.9600,37.0000,35.6000,35.7800,36.9000,1157582,41716724.0000,3,0.230479,1,-3.035200,0
2013-04-24,sz.002344,35.7900,36.4800,35.0300,36.0000,35.7800,1540511,55307324.0000,3,0.306722,1,0.614900,0
2013-04-25,sz.002344,36.0800,36.3500,35.3100,35.8900,36.0000,857024,30773148.0000,3,0.170637,1,-0.305600,0
2013-04-26,sz.002344,35.5000,38.6200,35.5000,38.4100,35.8900,3378907,127873048.0000,3,0.672753,1,7.021455,0
2013-05-02,sz.002344,38.5800,39.5400,37.7100,38.9800,38.4100,3870208,150316240.0000,3,0.770573,1,1.484000,0
2013-05-03,sz.002344,39.0300,40.1500,38.5200,39.7000,38.9800,3421510,135128096.0000,3,0.681236,1,1.847104,0
2013-05-06,sz.002344,39.8000,39.9900,39.2600,39.9000,39.7000,1795523,71283848.0000,3,0.357496,1,0.503800,0
2013-05-07,sz.002344,39.9100,39.9100,39.0200,39.1800,39.9000,1250181,49275128.0000,3,0.248916,1,-1.804500,0
2013-05-08,sz.002344,39.5500,39.5800,38.4900,39.0000,39.1800,1787189,69474120.0000,3,0.355836,1,-0.459400,0
2013-05-09,sz.002344,38.8200,39.7800,38.5000,39.0000,39.0000,1232397,48270976.0000,3,0.245375,1,0.000000,0
2013-05-10,sz.002344,38.7000,40.3800,38.6900,39.9500,39.0000,1837246,72940496.0000,3,0.365803,1,2.435900,0
2013-05-13,sz.002344,39.9900,40.6800,38.9300,39.3000,39.9500,2265404,89796656.0000,3,0.451051,1,-1.627000,0
2013-05-14,sz.002344,38.8300,39.0000,37.4100,37.4100,39.3000,1888419,71523032.0000,3,0.375991,1,-4.809200,0
2013-05-15,sz.002344,37.5100,38.2800,37.2100,37.9900,37.4100,1327573,49883632.0000,3,0.264325,1,1.550400,0
2013-05-16,sz.002344,38.2500,38.4600,37.3900,37.9300,37.9900,1722294,65238056.0000,3,0.342915,1,-0.157900,0
2013-05-17,sz.002344,38.0500,40.8400,37.9300,40.6600,37.9300,3806008,150025552.0000,3,0.757791,1,7.197500,0
2013-05-20,sz.002344,40.6000,41.4800,39.9000,40.8900,40.6600,2645324,107624360.0000,3,0.526694,1,0.565700,0
2013-05-21,sz.002344,40.6000,42.5500,40.4100,41.7800,40.8900,2540202,106507616.0000,3,0.505764,1,2.176570,0
2013-05-22,sz.002344,41.5800,42.5900,39.6000,40.9000,41.7800,3006869,123190008.0000,3,0.598679,1,-2.106300,0
2013-05-23,sz.002344,40.0500,41.1500,39.5900,40.0900,40.9000,2190391,88064144.0000,3,0.436115,1,-1.980400,0
2013-05-24,sz.002344,40.4000,41.5000,40.1000,41.0400,40.0900,2726589,111618440.0000,3,0.542874,1,2.369700,0
2013-05-27,sz.002344,41.7800,43.4400,41.7000,42.5500,41.0400,3713861,158244256.0000,3,0.733643,1,3.679300,0
2013-05-28,sz.002344,42.3500,42.9700,41.1900,41.6900,42.5500,2247542,93944856.0000,3,0.443984,1,-2.021200,0
2013-05-29,sz.002344,41.8200,43.3300,41.7700,42.7400,41.6900,2341250,99977648.0000,3,0.462495,1,2.518600,0
2013-05-30,sz.002344,42.6000,43.0000,40.2000,40.3000,42.7400,5428294,222741488.0000,3,1.072315,1,-5.708900,0
2013-05-31,sz.002344,20.0300,20.6800,20.0200,20.1500,20.0300,6333594,128732296.0000,3,0.625575,1,0.599096,0
2013-06-03,sz.002344,20.1500,20.1500,20.1500,20.1500,20.1500,0,0.0000,3,,0,0.000000,0
2013-06-04,sz.002344,20.4400,20.5000,18.8000,19.6300,20.1500,11764239,228892480.0000,3,1.161965,1,-2.580600,0
2013-06-05,sz.002344,19.8100,20.6300,19.2800,20.5000,19.6300,5889328,116757712.0000,3,0.581694,1,4.432000,0
2013-06-06,sz.002344,20.5400,20.8500,20.0700,20.6000,20.5000,5402337,110805472.0000,3,0.533594,1,0.487800,0
2013-06-07,sz.002344,20.3700,20.9800,20.2000,20.4900,20.6000,4168971,85405768.0000,3,0.411773,1,-0.534000,0
2013-06-13,sz.002344,20.1400,20.1400,19.1300,19.3500,20.4900,4072281,79180584.0000,3,0.402223,1,-5.563700,0
2013-06-14,sz.002344,19.3800,19.9000,18.9200,19.5000,19.3500,4957480,96326280.0000,3,0.489655,1,0.775200,0
2013-06-17,sz.002344,19.4800,19.7800,19.1500,19.3000,19.5000,3056422,59448984.0000,3,0.301886,1,-1.025600,0
2013-06-18,sz.002344,19.3000,19.3900,18.6000,19.0000,19.3000,5040342,95451784.0000,3,0.497839,1,-1.554400,0
2013-06-19,sz.002344,18.7500,18.9500,18.4600,18.5800,19.0000,4580989,85253792.0000,3,0.452469,1,-2.210500,0
2013-06-20,sz.002344,18.4700,18.4700,17.7800,17.8400,18.5800,4083003,73904728.0000,3,0.403282,1,-3.982800,0
2013-06-21,sz.002344,17.3000,18.3800,17.2000,18.3000,17.8400,6621915,118856168.0000,3,0.654053,1,2.578500,0
2013-06-24,sz.002344,18.3000,18.3000,17.1000,17.7800,18.3000,5389398,95858824.0000,3,0.532316,1,-2.841500,0
2013-06-25,sz.002344,17.4100,17.9600,16.4000,17.7800,17.7800,5358528,92543680.0000,3,0.529267,1,0.000000,0
2013-06-26,sz.002344,18.1400,18.2000,17.4800,18.1500,17.7800,5674084,101914264.0000,3,0.560435,1,2.081000,0
2013-06-27,sz.002344,18.1100,19.1100,18.1000,18.3600,18.1500,5124937,95515856.0000,3,0.506195,1,1.157000,0
2013-06-28,sz.002344,18.3500,19.1100,17.8000,19.1100,18.3600,5065462,95036688.0000,3,0.500320,1,4.085000,0
2013-07-01,sz.002344,19.1000,19.2600,18.7200,18.9300,19.1100,5044723,95844784.0000,3,0.498272,1,-0.941900,0
2013-07-02,sz.002344,19.0000,19.5200,18.9900,19.2400,18.9300,3644384,70101040.0000,3,0.359959,1,1.637600,0
2013-07-03,sz.002344,19.1200,19.2400,18.3500,18.5800,19.2400,5724510,106626960.0000,3,0.565415,1,-3.430400,0
2013-07-04,sz.002344,18.5000,19.0500,18.0900,18.3900,18.5800,4753221,88390224.0000,3,0.469480,1,-1.022600,0
2013-07-05,sz.002344,18.4600,18.7000,18.2500,18.2700,18.3900,2411659,44516340.0000,3,0.238202,1,-0.652500,0
2013-07-08,sz.002344,18.0000,18.5500,17.4500,18.0100,18.2700,2894827,52358756.0000,3,0.285925,1,-1.423100,0
2013-07-09,sz.002344,18.0100,18.5400,17.9500,18.1000,18.0100,3298155,60441372.0000,3,0.325762,1,0.499700,0
2013-07-10,sz.002344,18.1000,18.9700,18.0100,18.8000,18.1000,5212253,97519456.0000,3,0.514819,1,3.867400,0
2013-07-11,sz.002344,18.8100,19.5000,18.7100,19.1300,18.8000,4673052,89117088.0000,3,0.461562,1,1.755300,0
2013-07-12,sz.002344,19.1300,20.1000,18.9100,19.6700,19.1300,5241388,102992544.0000,3,0.517697,1,2.822800,0
2013-07-15,sz.002344,19.7700,20.1400,19.3600,20.1300,19.6700,4285919,84900952.0000,3,0.423324,1,2.338600,0
2013-07-16,sz.002344,20.1400,20.3600,19.6800,19.9400,20.1300,3706326,73857168.0000,3,0.366077,1,-0.943900,0
2013-07-17,sz.002344,19.7300,19.9800,19.0500,19.1900,19.9400,3954026,76638632.0000,3,0.390543,1,-3.761300,0
2013-07-18,sz.002344,19.1000,19.3700,18.9000,19.1300,19.1900,2834484,54324300.0000,3,0.279965,1,-0.312700,0
2013-07-19,sz.002344,19.1900,19.2000,18.5000,18.6500,19.1300,4832233,90789064.0000,3,0.477284,1,-2.509100,0
2013-07-22,sz.002344,18.3200,18.9400,18.2400,18.9100,18.6500,1996693,37349520.0000,3,0.197215,1,1.394100,0
2013-07-23,sz.002344,18.9100,19.2700,18.7500,19.2400,18.9100,3186303,60810268.0000,3,0.314714,1,1.745100,0
2013-07-24,sz.002344,19.1500,19.2500,18.6000,18.8100,19.2400,3464346,65143436.0000,3,0.342177,1,-2.234900,0
2013-07-25,sz.002344,18.9800,19.0700,18.5100,18.5100,18.8100,2620125,48933552.0000,3,0.258792,1,-1.594900,0
2013-07-26,sz.002344,18.4200,18.4400,17.3500,17.6800,18.5100,5330647,94731336.0000,3,0.526513,1,-4.484100,0
2013-07-29,sz.002344,17.5200,17.5200,16.7000,17.2800,17.6800,5171389,88363720.0000,3,0.510783,1,-2.262400,0
2013-07-30,sz.002344,17.4900,17.6900,17.1200,17.3900,17.2800,2802977,48835340.0000,3,0.276853,1,0.636600,0
2013-07-31,sz.002344,17.4100,17.8500,17.4100,17.5400,17.3900,2891791,50886536.0000,3,0.285625,1,0.862600,0
2013-08-01,sz.002344,17.5600,17.8900,17.5200,17.7000,17.5400,3655908,64730464.0000,3,0.361097,1,0.912200,0
2013-08-02,sz.002344,17.7800,17.9800,17.3900,17.5000,17.7000,3792781,66615728.0000,3,0.374616,1,-1.129900,0
2013-08-05,sz.002344,17.5000,18.1700,17.2000,17.9500,17.5000,5400490,95986984.0000,3,0.533411,1,2.571400,0
2013-08-06,sz.002344,18.1000,18.1800,17.9500,18.1400,17.9500,4674435,84362512.0000,3,0.461698,1,1.058500,0
2013-08-07,sz.002344,18.1200,18.4500,18.0100,18.1200,18.1400,4282654,78136640.0000,3,0.423002,1,-0.110300,0
2013-08-08,sz.002344,18.0500,18.3000,17.5700,17.7000,18.1200,4135636,74221816.0000,3,0.408481,1,-2.317900,0
2013-08-09,sz.002344,17.8900,18.3000,17.7500,18.3000,17.7000,3399574,60978088.0000,3,0.335779,1,3.389800,0
2013-08-12,sz.002344,18.2800,18.5300,18.2100,18.5000,18.3000,3928900,72265616.0000,3,0.388061,1,1.092900,0
2013-08-13,sz.002344,18.5000,18.6300,18.2100,18.4300,18.5000,2754725,50563884.0000,3,0.272087,1,-0.378400,0
2013-08-14,sz.002344,18.5000,18.5300,17.9200,18.1000,18.4300,4756730,86493088.0000,3,0.469827,1,-1.790600,0
2013-08-15,sz.002344,18.0800,18.1400,17.4800,17.4900,18.1000,4836573,85462472.0000,3,0.477713,1,-3.370200,0
2013-08-16,sz.002344,17.4500,17.6900,17.1800,17.2400,17.4900,4027681,69835600.0000,3,0.397818,1,-1.429400,0
2013-08-19,sz.002344,17.1500,17.3400,17.0100,17.1500,17.2400,7380422,126494064.0000,3,0.728971,1,-0.522000,0
2013-08-20,sz.002344,17.2300,17.3200,16.9500,17.0000,17.1500,6158865,105523512.0000,3,0.608317,1,-0.874600,0
2013-08-21,sz.002344,17.1200,17.1900,16.7500,16.7700,17.0000,6840908,115030816.0000,3,0.675683,1,-1.352900,0
2013-08-22,sz.002344,16.7500,16.9500,16.6800,16.7700,16.7700,5067039,85176040.0000,3,0.500476,1,0.000000,0
2013-08-23,sz.002344,16.8200,16.9300,16.4100,16.6100,16.7700,6356912,106176848.0000,3,0.627878,1,-0.954100,0
2013-08-26,sz.002344,16.7000,17.2000,16.6700,17.2000,16.6100,6938279,117666856.0000,3,0.685300,1,3.552100,0
2013-08-27,sz.002344,17.2900,17.3000,17.0400,17.2000,17.2000,3800767,65303900.0000,3,0.375405,1,0.000000,0
2013-08-28,sz.002344,17.1500,17.1500,16.5800,16.8100,17.2000,5460976,91723152.0000,3,0.539386,1,-2.267400,0
2013-08-29,sz.002344,16.8000,16.8000,16.4100,16.6500,16.8100,4539635,75281136.0000,3,0.448384,1,-0.951800,0
2013-08-30,sz.002344,16.6300,16.7500,16.4500,16.5000,16.6500,3056497,50686344.0000,3,0.301893,1,-0.900900,0
2013-09-02,sz.002344,16.5300,16.7000,16.4800,16.6400,16.5000,2220045,36856044.0000,3,0.219276,1,0.848500,0
2013-09-03,sz.002344,16.7900,16.9000,16.6200,16.8000,16.6400,4557532,76563760.0000,3,0.450152,1,0.961500,0
2013-09-04,sz.002344,16.8500,16.9900,16.8000,16.8400,16.8000,3219907,54301096.0000,3,0.318033,1,0.238100,0
2013-09-05,sz.002344,16.8500,16.8800,16.6200,16.7100,16.8400,2842616,47444112.0000,3,0.280768,1,-0.772000,0
2013-09-06,sz.002344,16.6100,16.8000,16.5100,16.5800,16.7100,3790605,62892332.0000,3,0.374402,1,-0.778000,0
2013-09-09,sz.002344,16.6000,16.7900,16.5000,16.7300,16.5800,4565173,76053384.0000,3,0.450906,1,0.904700,0
2013-09-10,sz.002344,16.7300,17.5400,16.6500,17.5000,16.7300,11176987,190886720.0000,3,1.103961,1,4.602500,0
2013-09-11,sz.002344,17.5500,18.0200,17.3300,17.3300,17.5000,9273231,163428835.0000,3,0.915926,1,-0.971400,0
2013-09-12,sz.002344,17.4400,18.1200,17.4400,17.7900,17.3300,10293677,183537955.0000,3,1.016716,1,2.654400,0
2013-09-13,sz.002344,18.7100,19.5700,18.7000,19.5600,17.7900,28312164,548276944.0000,3,2.796419,1,9.949400,0
2013-09-16,sz.002344,20.3700,21.5200,20.1500,21.5200,19.5600,28952865,600780592.0000,3,2.859701,1,10.020400,0
2013-09-17,sz.002344,21.0000,21.4400,20.3500,20.4900,21.5200,20730165,433026304.0000,3,2.047538,1,-4.786200,0
2013-09-18,sz.002344,20.5700,21.4500,20.4000,20.7200,20.4900,14002642,291767264.0000,3,1.383054,1,1.122500,0
2013-09-23,sz.002344,20.7400,20.7600,19.8000,20.5000,20.7200,12581631,255884154.0000,3,1.242699,1,-1.061800,0
2013-09-24,sz.002344,20.2300,22.5400,20.0200,22.1900,20.5000,20898479,444209184.0000,3,2.064162,1,8.243900,0
2013-09-25,sz.002344,21.7000,23.0300,21.2900,21.8500,22.1900,19966269,437524368.0000,3,1.972087,1,-1.532200,0
2013-09-26,sz.002344,21.6500,22.2700,21.3500,21.3900,21.8500,10098841,219001936.0000,3,0.997472,1,-2.105300,0
2013-09-27,sz.002344,21.5500,21.6900,20.7100,20.8800,21.3900,7362943,155195005.0000,3,0.727245,1,-2.384300,0
2013-09-30,sz.002344,20.9300,21.8700,20.7000,21.7000,20.8800,7961007,170448092.0000,3,0.786316,1,3.927200,0
2013-10-08,sz.002344,21.5800,22.3800,21.2100,21.9100,21.7000,10909748,240292713.0000,3,1.077566,1,0.967700,0
2013-10-09,sz.002344,21.6000,22.6100,21.5100,22.2000,21.9100,12608987,280450336.0000,3,1.245401,1,1.323600,0
2013-10-10,sz.002344,22.0800,22.6000,21.7800,21.9700,22.2000,9085126,201287481.0000,3,0.897346,1,-1.036000,0
2013-10-11,sz.002344,22.1100,22.3200,21.5600,22.0300,21.9700,8986297,196895870.0000,3,0.887585,1,0.273100,0
2013-10-14,sz.002344,21.9500,21.9800,21.2000,21.2600,22.0300,11426251,245361912.0000,3,1.128581,1,-3.495200,0
2013-10-15,sz.002344,21.1300,21.1300,20.3700,20.7700,21.2600,10741972,222233906.0000,3,1.060995,1,-2.304800,0
2013-10-16,sz.002344,20.6800,21.0700,20.0000,20.2300,20.7700,7749927,158699147.0000,3,0.765467,1,-2.599900,0
2013-10-17,sz.002344,20.3000,21.0500,20.3000,21.0300,20.2300,8266682,171709420.0000,3,0.816508,1,3.954500,0
2013-10-18,sz.002344,21.0600,21.1500,20.2200,20.5900,21.0300,5500674,113118200.0000,3,0.543307,1,-2.092200,0
2013-10-21,sz.002344,20.5700,21.5500,20.5100,21.5100,20.5900,8468997,179404950.0000,3,0.836491,1,4.468200,0
2013-10-22,sz.002344,22.0100,22.7600,21.7500,21.7700,21.5100,12991930,288776016.0000,3,1.283225,1,1.208700,0
2013-10-23,sz.002344,21.7700,22.1000,20.8000,20.9500,21.7700,7934016,168454143.0000,3,0.783650,1,-3.766700,0
2013-10-24,sz.002344,20.6700,21.1500,20.2000,20.6700,20.9500,4082163,84927652.0000,3,0.403199,1,-1.336500,0
2013-10-25,sz.002344,20.7500,21.5700,20.5900,20.7900,20.6700,4661807,97927961.0000,3,0.460451,1,0.580600,0
2013-10-28,sz.002344,20.8100,20.9900,19.4200,20.1900,20.7900,6496387,130424628.0000,3,0.641654,1,-2.886000,0
2013-10-29,sz.002344,20.3900,20.4400,19.2000,19.9600,20.1900,6008363,118300343.0000,3,0.593452,1,-1.139200,0
2013-10-30,sz.002344,19.7000,20.1800,19.6700,19.9800,19.9600,3334284,66659519.0000,3,0.329330,1,0.100200,0
2013-10-31,sz.002344,19.8600,19.9100,19.5100,19.7500,19.9800,2358415,46530737.0000,3,0.232943,1,-1.151200,0
2013-11-01,sz.002344,20.0500,20.4800,19.8600,20.1500,19.7500,3910378,79088164.0000,3,0.386232,1,2.025300,0
2013-11-04,sz.002344,20.5500,20.7100,20.2500,20.3500,20.1500,2846772,58275704.0000,3,0.281178,1,0.992600,0
2013-11-05,sz.002344,20.1900,20.5900,20.0000,20.3800,20.3500,3428573,69796511.0000,3,0.338643,1,0.147400,0
2013-11-06,sz.002344,20.3000,20.5900,19.8500,19.9500,20.3800,3647411,73865588.0000,3,0.360258,1,-2.109900,0
2013-11-07,sz.002344,19.7400,19.8600,19.2900,19.7500,19.9500,2771548,54401211.0000,3,0.273748,1,-1.002500,0
2013-11-08,sz.002344,19.5000,19.8500,19.5000,19.5300,19.7500,1972581,38806002.0000,3,0.194834,1,-1.113900,0
2013-11-11,sz.002344,19.5300,19.8700,19.5000,19.7200,19.5300,1138136,22429420.0000,3,0.112415,1,0.972900,0
2013-11-12,sz.002344,19.7200,20.0500,19.6700,19.6900,19.7200,1691402,33483655.0000,3,0.167061,1,-0.152100,0
2013-11-13,sz.002344,19.4900,19.8400,18.8100,18.8300,19.6900,4176977,80409071.0000,3,0.412564,1,-4.367700,0
2013-11-14,sz.002344,18.5500,19.1000,18.3800,18.7500,18.8300,4489065,83923686.0000,3,0.443389,1,-0.424900,0
2013-11-15,sz.002344,18.7500,19.3200,18.7400,19.2300,18.7500,3725698,71349844.0000,3,0.367991,1,2.560000,0
2013-11-18,sz.002344,19.2500,19.5500,19.2500,19.5200,19.2300,3305595,64193730.0000,3,0.326497,1,1.508100,0
2013-11-19,sz.002344,19.6000,20.0000,19.4900,19.7800,19.5200,3496704,69197485.0000,3,0.345373,1,1.332000,0
2013-11-20,sz.002344,20.0700,20.2500,19.6200,19.8000,19.7800,2098372,41650825.0000,3,0.207258,1,0.101100,0
2013-11-21,sz.002344,19.7200,19.8900,19.4700,19.6600,19.8000,2674228,52438359.0000,3,0.264136,1,-0.707100,0
2013-11-22,sz.002344,19.7300,19.9500,19.7200,19.8000,19.6600,2036631,40383970.0000,3,0.201160,1,0.712100,0
2013-11-25,sz.002344,19.6000,19.8000,19.2000,19.2100,19.8000,4064850,78880678.0000,3,0.401489,1,-2.979800,0
2013-11-26,sz.002344,19.1400,19.3800,18.9100,18.9900,19.2100,2361116,44910702.0000,3,0.233210,1,-1.145200,0
2013-11-27,sz.002344,18.9900,19.4500,18.9100,19.1900,18.9900,1814144,34858260.0000,3,0.179185,1,1.053200,0
2013-11-28,sz.002344,19.5000,19.5700,19.2100,19.4400,19.1900,2482095,48228303.0000,3,0.245159,1,1.302800,0
2013-11-29,sz.002344,19.4400,19.9500,19.3900,19.7900,19.4400,3627277,71851790.0000,3,0.358270,1,1.800400,0
2013-12-02,sz.002344,19.4600,19.5400,18.8500,19.0300,19.7900,4099529,78442758.0000,3,0.404914,1,-3.840300,0
2013-12-03,sz.002344,18.8700,19.3000,18.8100,19.1700,19.0300,4157746,79083449.0000,3,0.410664,1,0.735700,0
2013-12-04,sz.002344,19.1700,19.4300,18.8800,19.3800,19.1700,7165884,136925361.0000,3,0.707781,1,1.095500,0
2013-12-05,sz.002344,19.3500,19.3500,18.8600,18.9300,19.3800,5529714,105005101.0000,3,0.546175,1,-2.322000,0
2013-12-06,sz.002344,18.9000,19.1300,18.8600,18.9600,18.9300,1988654,37749792.0000,3,0.196421,1,0.158500,0
2013-12-09,sz.002344,19.0600,19.1400,18.7800,18.7900,18.9600,3316701,62520015.0000,3,0.327594,1,-0.896600,0
2013-12-10,sz.002344,18.8500,18.9000,18.4500,18.6200,18.7900,2843601,53034783.0000,3,0.280865,1,-0.904700,0
2013-12-11,sz.002344,18.5000,18.8300,18.2800,18.6600,18.6200,3095295,57365980.0000,3,0.305725,1,0.214800,0
2013-12-12,sz.002344,18.6600,18.8900,18.5000,18.7100,18.6600,3851100,72048788.0000,3,0.380377,1,0.268000,0
2013-12-13,sz.002344,18.5000,18.8200,18.4600,18.6500,18.7100,2216406,41491187.0000,3,0.218916,1,-0.320700,0
2013-12-16,sz.002344,18.7400,19.8500,18.6000,19.8000,18.6500,9057748,174637837.0000,3,0.894642,1,6.166200,0
2013-12-17,sz.002344,19.8900,20.2400,19.6100,20.0200,19.8000,8643552,172537923.0000,3,0.853732,1,1.111100,0
2013-12-18,sz.002344,19.9500,20.0000,19.5000,19.7300,20.0200,3620895,71596505.0000,3,0.357639,1,-1.448600,0
2013-12-19,sz.002344,19.8000,20.4000,19.5900,20.2800,19.7300,6772733,136045711.0000,3,0.668949,1,2.787600,0
2013-12-20,sz.002344,20.3000,20.6500,19.5100,19.7800,20.2800,6179089,124528438.0000,3,0.610314,1,-2.465500,0
2013-12-23,sz.002344,19.5900,19.7500,18.9500,19.4500,19.7800,3327958,64615769.0000,3,0.328705,1,-1.668400,0
2013-12-24,sz.002344,19.7500,19.9800,19.3500,19.7800,19.4500,2413382,47722135.0000,3,0.238372,1,1.696700,0
2013-12-25,sz.002344,19.8000,20.1400,19.6500,19.9900,19.7800,2749097,54931562.0000,3,0.271531,1,1.061700,0
2013-12-26,sz.002344,20.2100,20.2900,19.5000,19.6600,19.9900,4255074,84359310.0000,3,0.420278,1,-1.650800,0
2013-12-27,sz.002344,19.7900,20.3000,19.6000,20.1400,19.6600,4952369,99561450.0000,3,0.489150,1,2.441500,0
2013-12-30,sz.002344,20.1000,20.3100,19.6200,20.3000,20.1400,6054933,120952185.0000,3,0.598051,1,0.794400,0
2013-12-31,sz.002344,19.9500,20.8600,19.9500,20.7800,20.3000,8185412,167836508.0000,3,0.808481,1,2.364500,0
2014-01-02,sz.002344,20.7200,21.3800,20.4100,20.4600,20.7800,6637153,138447996.0000,3,0.655558,1,-1.539900,0
2014-01-03,sz.002344,20.3800,20.6000,19.8800,19.9400,20.4600,6179391,123866383.0000,3,0.610344,1,-2.541500,0
2014-01-06,sz.002344,19.9000,19.9400,19.5100,19.6300,19.9400,5642165,111114242.0000,3,0.557282,1,-1.554700,0
2014-01-07,sz.002344,19.2500,19.6200,18.7300,18.8100,19.6300,5707383,109119877.0000,3,0.563723,1,-4.177300,0
2014-01-08,sz.002344,18.9900,19.1500,18.8000,19.0300,18.8100,4516221,85457182.0000,3,0.446071,1,1.169600,0
2014-01-09,sz.002344,18.9000,19.0700,18.2800,18.2900,19.0300,6420403,119235221.0000,3,0.634149,1,-3.888600,0
2014-01-10,sz.002344,18.2900,18.6500,18.1600,18.3900,18.2900,3515423,64663160.0000,3,0.347222,1,0.546700,0
2014-01-13,sz.002344,18.5000,18.5000,17.9000,18.1500,18.3900,5416070,98020162.0000,3,0.534950,1,-1.305100,0
2014-01-14,sz.002344,18.2500,18.3600,17.9000,17.9700,18.1500,5631377,102213596.0000,3,0.556216,1,-0.991700,0
2014-01-15,sz.002344,18.1200,18.3300,17.9600,18.2100,17.9700,3468672,63005186.0000,3,0.342604,1,1.335600,0
2014-01-16,sz.002344,18.2100,18.9800,18.2000,18.6400,18.2100,4531629,84592296.0000,3,0.447593,1,2.361300,0
2014-01-17,sz.002344,18.4300,18.6200,17.6000,17.6000,18.6400,5634847,102184791.0000,3,0.556559,1,-5.579400,0
2014-01-20,sz.002344,17.5000,17.9800,17.3000,17.8400,17.6000,2985410,52759370.0000,3,0.294872,1,1.363600,0
2014-01-21,sz.002344,17.8500,18.0800,17.8200,17.9900,17.8400,1376570,24751949.0000,3,0.135965,1,0.840800,0
2014-01-22,sz.002344,18.0000,18.2600,17.7000,18.0000,17.9900,4990745,89428955.0000,3,0.492940,1,0.055600,0
2014-01-23,sz.002344,18.0000,18.1400,17.7100,17.7700,18.0000,4272982,76260745.0000,3,0.422046,1,-1.277800,0
2014-01-24,sz.002344,17.7000,17.7000,16.9900,17.3600,17.7700,12470937,214718599.0000,3,1.231766,1,-2.307300,0
2014-01-27,sz.002344,17.2300,17.2300,15.6700,16.1400,17.3600,22656622,368537504.0000,3,2.069005,1,-7.027600,0
2014-01-28,sz.002344,16.0500,16.2400,15.2000,15.5000,16.1400,17368055,269691008.0000,3,1.586052,1,-3.965300,0
2014-01-29,sz.002344,15.4800,16.0600,15.3700,15.9700,15.5000,8198912,129963012.0000,3,0.748725,1,3.032300,0
2014-01-30,sz.002344,15.9100,15.9100,15.2500,15.4500,15.9700,9415708,145110695.0000,3,0.859843,1,-3.256100,0
2014-02-07,sz.002344,15.2700,15.7700,15.2600,15.6900,15.4500,4600571,71712000.0000,3,0.420125,1,1.553400,0
2014-02-10,sz.002344,15.7200,16.4200,15.7200,16.2800,15.6900,10631154,171373322.0000,3,0.970838,1,3.760400,0
2014-02-11,sz.002344,16.3000,16.3900,15.9500,16.1500,16.2800,8020629,130077398.0000,3,0.732445,1,-0.798500,0
2014-02-12,sz.002344,16.2100,16.5400,16.1800,16.5400,16.1500,10233503,167621481.0000,3,0.934524,1,2.414900,0
2014-02-13,sz.002344,16.5600,16.6400,16.1100,16.2500,16.5400,11753307,191453435.0000,3,1.073313,1,-1.753300,0
2014-02-14,sz.002344,16.2400,16.2800,15.9800,16.1900,16.2500,10329749,166374126.0000,3,0.943314,1,-0.369200,0
2014-02-17,sz.002344,16.2900,16.4000,16.1500,16.3000,16.1900,11316803,184053245.0000,3,1.033451,1,0.679400,0
2014-02-18,sz.002344,16.3100,16.5400,15.8000,15.8900,16.3000,15570848,251513344.0000,3,1.421931,1,-2.515300,0
2014-02-19,sz.002344,15.9100,16.4400,15.5600,16.4200,15.8900,14151803,227794426.0000,3,1.292344,1,3.335400,0
2014-02-20,sz.002344,16.4500,16.4800,16.0200,16.0500,16.4200,8137021,131826339.0000,3,0.743073,1,-2.253300,0
2014-02-21,sz.002344,15.9600,16.1800,15.9100,16.0500,16.0500,5559711,88995152.0000,3,0.507713,1,0.000000,0
2014-02-24,sz.002344,16.0000,16.0000,15.3000,15.4000,16.0500,11803253,182681966.0000,3,1.077874,1,-4.049800,0
2014-02-25,sz.002344,15.4100,15.6500,14.8300,14.8900,15.4000,9540479,145744508.0000,3,0.871237,1,-3.311700,0
2014-02-26,sz.002344,14.8900,14.8900,13.9400,14.2300,14.8900,11621401,166253818.0000,3,1.061267,1,-4.432500,0
2014-02-27,sz.002344,14.2500,14.4200,14.0000,14.0400,14.2300,5766205,81907000.0000,3,0.526570,1,-1.335200,0
2014-02-28,sz.002344,14.0000,14.5500,13.7400,14.5000,14.0400,7153878,101518544.0000,3,0.653293,1,3.276400,0
2014-03-03,sz.002344,14.4500,14.7500,14.3500,14.4100,14.5000,5744649,83332988.0000,3,0.524602,1,-0.620700,0
2014-03-04,sz.002344,14.4200,14.4200,14.0500,14.2400,14.4100,5100750,72376197.0000,3,0.465801,1,-1.179700,0
2014-03-05,sz.002344,14.3500,14.3500,13.8600,13.9200,14.2400,7420874,104022408.0000,3,0.677675,1,-2.247200,0
2014-03-06,sz.002344,13.9100,14.2200,13.4100,14.0000,13.9200,9900700,135750616.0000,3,0.904133,1,0.574700,0
2014-03-07,sz.002344,13.8600,14.0400,13.5000,13.5800,14.0000,8290716,113824660.0000,3,0.757109,1,-3.000000,0
2014-03-10,sz.002344,13.4900,13.4900,12.5700,12.7400,13.5800,14852372,192081137.0000,3,1.356320,1,-6.185600,0
2014-03-11,sz.002344,12.7000,12.8800,12.4800,12.8300,12.7400,9148342,116366925.0000,3,0.835427,1,0.706400,0
2014-03-12,sz.002344,12.7900,12.9500,12.4600,12.7400,12.8300,11272348,142918834.0000,3,1.029392,1,-0.701500,0
2014-03-13,sz.002344,12.7300,12.9600,12.6500,12.9400,12.7400,9488882,121321791.0000,3,0.866526,1,1.569900,0
2014-03-14,sz.002344,12.8000,13.2800,12.8000,13.1200,12.9400,13620227,178175450.0000,3,1.243800,1,1.391000,0
2014-03-17,sz.002344,13.1100,13.4700,13.0100,13.3300,13.1200,11905021,157569631.0000,3,1.087168,1,1.600600,0
2014-03-18,sz.002344,13.3200,13.5200,13.2100,13.2300,13.3300,8659519,115581838.0000,3,0.790788,1,-0.750200,0
2014-03-19,sz.002344,13.2500,13.2500,12.7000,12.8200,13.2300,11480982,147884416.0000,3,1.048444,1,-3.099000,0
2014-03-20,sz.002344,12.7700,13.2500,12.5800,12.9200,12.8200,14121657,184171424.0000,3,1.289591,1,0.780000,0
2014-03-21,sz.002344,12.7600,13.5300,12.7100,13.4100,12.9200,12599822,166304064.0000,3,1.150617,1,3.792600,0
2014-03-24,sz.002344,13.4000,13.8400,13.3000,13.6000,13.4100,12469658,169718272.0000,3,1.138730,1,1.416900,0
2014-03-25,sz.002344,13.6000,13.9000,13.3500,13.5000,13.6000,10452332,142317470.0000,3,0.954508,1,-0.735300,0
2014-03-26,sz.002344,13.7500,13.9400,13.4500,13.5500,13.5000,8710980,118892292.0000,3,0.795487,1,0.370400,0
2014-03-27,sz.002344,13.4800,13.6300,13.3300,13.4000,13.5500,6717430,90741077.0000,3,0.613436,1,-1.107000,0
2014-03-28,sz.002344,13.3100,13.5600,13.0800,13.1900,13.4000,7543993,100328841.0000,3,0.688918,1,-1.567200,0
2014-03-31,sz.002344,13.2800,13.4400,13.0300,13.3100,13.1900,6129923,81268630.0000,3,0.559785,1,0.909800,0
2014-04-01,sz.002344,13.2900,13.5800,13.2200,13.3500,13.3100,6196968,83176832.0000,3,0.565908,1,0.300500,0
2014-04-02,sz.002344,13.3200,13.3900,12.9600,13.1200,13.3500,11892733,156195487.0000,3,1.086045,1,-1.722900,0
2014-04-03,sz.002344,13.1200,13.2400,13.0000,13.1700,13.1200,4339558,57026966.0000,3,0.396289,1,0.381100,0
2014-04-04,sz.002344,13.1500,13.6200,13.0500,13.6100,13.1700,10064328,134926599.0000,3,0.919075,1,3.340900,0
2014-04-08,sz.002344,13.6300,14.6900,13.5400,14.6500,13.6100,22663029,322942912.0000,3,2.069590,1,7.641400,0
2014-04-09,sz.002344,14.6500,14.7000,14.3600,14.6300,14.6500,12605983,182976882.0000,3,1.151179,1,-0.136500,0
2014-04-10,sz.002344,14.6600,14.6600,14.2600,14.4100,14.6300,12698669,183260319.0000,3,1.159644,1,-1.503800,0
2014-04-11,sz.002344,14.2800,14.4600,14.0100,14.2400,14.4100,17345213,246177009.0000,3,1.583966,1,-1.179700,0
2014-04-14,sz.002344,14.0500,14.3800,14.0500,14.2000,14.2400,10991761,156249052.0000,3,1.003769,1,-0.280900,0
2014-04-15,sz.002344,14.1500,14.4300,14.0800,14.2300,14.2000,10740693,153170231.0000,3,0.980841,1,0.211300,0
2014-04-16,sz.002344,14.1600,14.3000,14.0900,14.1700,14.2300,8365345,118557851.0000,3,0.763924,1,-0.421600,0
2014-04-17,sz.002344,14.2100,14.4900,14.2000,14.2300,14.1700,10595633,151794162.0000,3,0.967594,1,0.423400,0
2014-04-18,sz.002344,14.2900,14.4300,14.1600,14.3200,14.2300,7798441,111655076.0000,3,0.712154,1,0.632500,0
2014-04-21,sz.002344,14.3200,14.4700,13.7700,13.9700,14.3200,11046304,156149420.0000,3,1.008749,1,-2.444100,0
2014-04-22,sz.002344,13.8300,13.9900,13.3000,13.5500,13.9700,10508307,142569756.0000,3,0.959620,1,-3.006400,0
2014-04-23,sz.002344,13.5000,13.6200,13.4100,13.5300,13.5500,3910188,52841579.0000,3,0.357079,1,-0.147600,0
2014-04-24,sz.002344,13.4900,13.5300,13.1300,13.1300,13.5300,5439526,72372176.0000,3,0.496738,1,-2.956400,0
2014-04-25,sz.002344,13.1200,13.1300,12.6300,12.8300,13.1300,10113400,129863618.0000,3,0.923557,1,-2.284800,0
2014-04-28,sz.002344,12.9000,13.1900,12.6800,12.8300,12.8300,6652926,85704826.0000,3,0.607546,1,0.000000,0
2014-04-29,sz.002344,12.7500,12.9300,12.5400,12.9000,12.8300,6453995,82250385.0000,3,0.589379,1,0.545600,0
2014-04-30,sz.002344,12.9000,13.0900,12.7500,13.0100,12.9000,6107708,79155567.0000,3,0.557756,1,0.852700,0
2014-05-05,sz.002344,12.9400,13.0900,12.7300,13.0000,13.0100,6724202,86756888.0000,3,0.614055,1,-0.076900,0
2014-05-06,sz.002344,12.9800,13.0600,12.8800,12.9400,13.0000,6110653,79199330.0000,3,0.558025,1,-0.461500,0
2014-05-07,sz.002344,12.9000,12.9000,12.5600,12.5600,12.9400,4922956,62562870.0000,3,0.449565,1,-2.936600,0
2014-05-08,sz.002344,12.5600,12.7900,12.5000,12.6500,12.5600,3756306,47515710.0000,3,0.343026,1,0.716600,0
2014-05-09,sz.002344,12.6500,12.6500,11.9500,12.4300,12.6500,11414854,140781339.0000,3,1.042405,1,-1.739100,0
2014-05-12,sz.002344,12.5400,12.8600,12.4300,12.7600,12.4300,8614991,109073331.0000,3,0.786722,1,2.654900,0
2014-05-13,sz.002344,12.7800,12.9200,12.6100,12.6800,12.7600,3830762,48723592.0000,3,0.349826,1,-0.627000,0
2014-05-14,sz.002344,12.7800,13.0400,12.7400,12.9100,12.6800,7145922,92177170.0000,3,0.652566,1,1.813900,0
2014-05-15,sz.002344,12.8700,12.9700,12.6800,12.7600,12.9100,5849400,74991236.0000,3,0.534168,1,-1.161900,0
2014-05-16,sz.002344,12.8000,12.8800,12.6600,12.7900,12.7600,3775965,48223077.0000,3,0.344821,1,0.235100,0
2014-05-19,sz.002344,12.8200,12.8200,12.3300,12.5500,12.7900,7018827,87792970.0000,3,0.640960,1,-1.876500,0
2014-05-20,sz.002344,12.6000,12.8900,12.4600,12.6800,12.5500,5563635,70430350.0000,3,0.508072,1,1.035900,0
2014-05-21,sz.002344,12.6000,12.7200,12.4300,12.5900,12.6800,5351982,67350500.0000,3,0.488743,1,-0.709800,0
2014-05-22,sz.002344,12.6000,12.7900,12.4600,12.4600,12.5900,4730484,59768407.0000,3,0.431988,1,-1.032600,0
2014-05-23,sz.002344,12.5000,12.5900,12.4300,12.5100,12.4600,3314099,41427179.0000,3,0.302644,1,0.401300,0
2014-05-26,sz.002344,12.6600,12.6900,12.4100,12.5200,12.5100,5292450,66228102.0000,3,0.483307,1,0.079900,0
2014-05-27,sz.002344,12.5500,12.5500,12.2900,12.4300,12.5200,4898584,60812419.0000,3,0.447339,1,-0.718900,0
2014-05-28,sz.002344,12.4300,12.5500,12.2700,12.5100,12.4300,7444075,92497131.0000,3,0.679794,1,0.643600,0
2014-05-29,sz.002344,12.5200,12.6100,12.3900,12.4300,12.5100,6975373,87199309.0000,3,0.636992,1,-0.639500,0
2014-05-30,sz.002344,12.5400,12.6800,12.4800,12.5700,12.4300,8490598,106813412.0000,3,0.775362,1,1.126300,0
2014-06-03,sz.002344,12.5700,12.7600,12.4900,12.5800,12.5700,5455590,68863817.0000,3,0.498205,1,0.079600,0
2014-06-04,sz.002344,12.7000,12.7000,12.2500,12.4000,12.5800,6575979,81382850.0000,3,0.600519,1,-1.430800,0
2014-06-05,sz.002344,12.3800,12.5200,12.2600,12.5000,12.4000,6452385,79999763.0000,3,0.589232,1,0.806500,0
2014-06-06,sz.002344,12.4600,12.5200,12.2300,12.3600,12.5000,4168168,51426353.0000,3,0.380637,1,-1.120000,0
2014-06-09,sz.002344,12.3400,12.3600,12.1500,12.2200,12.3600,4510636,55165280.0000,3,0.411912,1,-1.132700,0
2014-06-10,sz.002344,12.3000,12.3900,12.1400,12.3800,12.2200,4454701,54698992.0000,3,0.406804,1,1.309300,0
2014-06-11,sz.002344,12.3500,12.3900,12.2100,12.3200,12.3800,4541487,55833486.0000,3,0.414729,1,-0.484700,0
2014-06-12,sz.002344,12.2900,12.2900,12.1800,12.2300,12.3200,3378961,41251536.0000,3,0.308567,1,-0.730500,0
2014-06-13,sz.002344,12.2400,12.5700,12.2400,12.4300,12.2300,7497712,92998112.0000,3,0.684692,1,1.635300,0
2014-06-16,sz.002344,12.4700,12.7400,12.4100,12.6400,12.4300,9299661,117216839.0000,3,0.849246,1,1.689500,0
2014-06-17,sz.002344,12.5600,12.7100,12.5000,12.5500,12.6400,6040945,76060962.0000,3,0.551660,1,-0.712000,0
2014-06-18,sz.002344,12.7000,12.9000,12.5600,12.6000,12.5500,7068457,89618746.0000,3,0.645492,1,0.398400,0
2014-06-19,sz.002344,12.7000,12.7700,12.2500,12.5000,12.6000,7550354,94685182.0000,3,0.689499,1,-0.793700,0
2014-06-20,sz.002344,12.5000,12.5100,12.2800,12.4400,12.5000,5730126,70936467.0000,3,0.523276,1,-0.480000,0
2014-06-23,sz.002344,12.4000,12.5800,12.2400,12.3400,12.4400,6574789,81220428.0000,3,0.600410,1,-0.803900,0
2014-06-24,sz.002344,12.3000,12.3500,12.1600,12.2800,12.3400,4710361,57593512.0000,3,0.430151,1,-0.486200,0
2014-06-25,sz.002344,12.2500,12.2700,12.1700,12.2400,12.2800,2566607,31345032.0000,3,0.234383,1,-0.325700,0
2014-06-26,sz.002344,12.2600,12.4500,12.2600,12.4000,12.2400,5125532,63306115.0000,3,0.468064,1,1.307200,0
2014-06-27,sz.002344,12.3800,12.5500,12.2800,12.4200,12.4000,6257033,77599320.0000,3,0.571393,1,0.161300,0
2014-06-30,sz.002344,12.4300,12.6800,12.4000,12.4700,12.4200,5293410,66108106.0000,3,0.481346,1,0.402600,0
2014-07-01,sz.002344,12.3800,12.3800,12.1800,12.3100,12.3200,7860096,96141396.0000,3,0.714743,1,-0.081200,0
2014-07-02,sz.002344,12.3400,12.8600,12.3200,12.8500,12.3100,20616139,259918779.0000,3,1.874689,1,4.386700,0
2014-07-03,sz.002344,12.8100,13.1400,12.6600,12.9800,12.8500,16303221,210868300.0000,3,1.482502,1,1.011700,0
2014-07-04,sz.002344,13.0500,13.1700,12.7700,12.8700,12.9800,9034499,116564745.0000,3,0.821535,1,-0.847500,0
2014-07-07,sz.002344,12.8100,13.2000,12.7900,13.0600,12.8700,11766809,153635630.0000,3,1.069992,1,1.476300,0
2014-07-08,sz.002344,13.0600,13.1900,13.0000,13.0700,13.0600,8125083,106311834.0000,3,0.738839,1,0.076600,0
2014-07-09,sz.002344,13.0700,13.2500,12.7600,12.9100,13.0700,11095118,145134098.0000,3,1.008913,1,-1.224200,0
2014-07-10,sz.002344,12.9400,13.2400,12.9400,13.0700,12.9100,8723254,113652073.0000,3,0.793232,1,1.239300,0
2014-07-11,sz.002344,13.0800,13.1800,12.9200,13.0800,13.0700,7413643,96927414.0000,3,0.674145,1,0.076500,0
2014-07-14,sz.002344,13.1000,13.3500,13.0300,13.2400,13.0800,9054387,119353721.0000,3,0.823343,1,1.223200,0
2014-07-15,sz.002344,13.2300,13.4000,13.1200,13.1800,13.2400,8809703,116297701.0000,3,0.801093,1,-0.453200,0
2014-07-16,sz.002344,13.1800,13.2000,12.7100,12.7500,13.1800,10134931,130592832.0000,3,0.921601,1,-3.262500,0
2014-07-17,sz.002344,12.7500,12.8400,12.6800,12.8300,12.7500,4674095,59608754.0000,3,0.425030,1,0.627500,0
2014-07-18,sz.002344,12.8000,12.8900,12.7600,12.8700,12.8300,4153009,53270311.0000,3,0.377646,1,0.311800,0
2014-07-21,sz.002344,12.8700,12.9300,12.5800,12.7500,12.8700,5598012,71022213.0000,3,0.509045,1,-0.932400,0
2014-07-22,sz.002344,12.7700,12.8400,12.6400,12.6800,12.7500,8134578,103474481.0000,3,0.739702,1,-0.549000,0
2014-07-23,sz.002344,12.6700,12.7400,12.5400,12.5700,12.6800,4861176,61409794.0000,3,0.442042,1,-0.867500,0
2014-07-24,sz.002344,12.6400,12.8000,12.5000,12.7700,12.5700,6846176,86705240.0000,3,0.622544,1,1.591100,0
2014-07-25,sz.002344,12.7800,12.8400,12.6200,12.8000,12.7700,6809581,86580434.0000,3,0.619216,1,0.234900,0
2014-07-28,sz.002344,12.8200,13.2700,12.8200,13.2300,12.8000,13791506,181006400.0000,3,1.254104,1,3.359400,0
2014-07-29,sz.002344,13.2600,13.3900,13.1500,13.3000,13.2300,12920328,171410052.0000,3,1.174885,1,0.529100,0
2014-07-30,sz.002344,13.3200,13.3300,13.0300,13.1300,13.3000,12917179,169729391.0000,3,1.174599,1,-1.278200,0
2014-07-31,sz.002344,13.1400,13.6000,13.0800,13.5400,13.1300,15502053,207644237.0000,3,1.409650,1,3.122600,0
2014-08-01,sz.002344,13.4500,14.1400,13.4400,13.8000,13.5400,27971079,387985024.0000,3,2.543497,1,1.920200,0
2014-08-04,sz.002344,13.8200,14.3600,13.8200,14.2700,13.8000,19554835,277462272.0000,3,1.778182,1,3.405800,0
2014-08-05,sz.002344,14.2200,14.2700,14.0300,14.2500,14.2700,10696071,151468031.0000,3,0.972627,1,-0.140200,0
2014-08-06,sz.002344,14.1500,14.6700,14.0800,14.2900,14.2500,13034771,187276397.0000,3,1.185292,1,0.280700,0
2014-08-07,sz.002344,14.2400,14.2900,13.8400,13.8500,14.2900,12685352,178392979.0000,3,1.153518,1,-3.079100,0
2014-08-08,sz.002344,13.9200,14.0900,13.7800,13.9400,13.8500,9615579,134061790.0000,3,0.874374,1,0.649800,0
2014-08-11,sz.002344,14.0000,14.4000,13.9700,14.3400,13.9400,11438478,162972951.0000,3,1.040136,1,2.869400,0
2014-08-12,sz.002344,14.3400,14.3600,14.1700,14.2100,14.3400,6155808,87526400.0000,3,0.559767,1,-0.906600,0
2014-08-13,sz.002344,14.1800,14.5600,14.1700,14.4000,14.2100,11567524,166164301.0000,3,1.051871,1,1.337100,0
2014-08-14,sz.002344,14.3500,14.5900,14.1500,14.1600,14.4000,10596038,151597556.0000,3,0.963530,1,-1.666700,0
2014-08-15,sz.002344,14.1500,14.3500,13.9000,14.0500,14.1600,10611273,149527178.0000,3,0.964916,1,-0.776800,0
2014-08-18,sz.002344,14.0500,14.3100,14.0000,14.1500,14.0500,8888393,125866881.0000,3,0.808249,1,0.711700,0
2014-08-19,sz.002344,14.1600,14.2700,14.0700,14.1400,14.1500,8285314,117222054.0000,3,0.753409,1,-0.070700,0
2014-08-20,sz.002344,14.1600,14.2700,14.0100,14.2200,14.1400,11357200,160985378.0000,3,1.032745,1,0.565800,0
2014-08-21,sz.002344,14.2200,14.3000,14.0600,14.3000,14.2200,9208679,130652522.0000,3,0.837374,1,0.562600,0
2014-08-22,sz.002344,14.3500,15.1000,14.3100,14.9400,14.3000,24144465,355701392.0000,3,2.195531,1,4.475500,0
2014-08-25,sz.002344,14.9300,15.0300,14.5700,14.6400,14.9400,12856126,189361708.0000,3,1.169047,1,-2.008000,0
2014-08-26,sz.002344,14.6500,14.8600,14.0100,14.1600,14.6400,11998557,173712465.0000,3,1.091066,1,-3.278700,0
2014-08-27,sz.002344,14.1600,14.2800,13.9800,14.2200,14.1600,6886275,97281583.0000,3,0.626190,1,0.423700,0
2014-08-28,sz.002344,14.2200,14.2900,13.8800,14.0000,14.2200,7580642,106366118.0000,3,0.689331,1,-1.547100,0
2014-08-29,sz.002344,14.1100,14.1100,13.8600,14.0200,14.0000,5666289,79116577.0000,3,0.515253,1,0.142900,0
2014-09-01,sz.002344,14.0400,14.5000,13.9800,14.3200,14.0200,10931664,154479810.0000,3,0.994050,1,2.139800,0
2014-09-02,sz.002344,14.3000,14.7300,14.1900,14.4900,14.3200,12339580,177472870.0000,3,1.122076,1,1.187200,0
2014-09-03,sz.002344,14.4900,14.9300,14.4300,14.6200,14.4900,13997116,204732283.0000,3,1.272801,1,0.897200,0
2014-09-04,sz.002344,14.6600,14.9300,14.6200,14.6600,14.6200,14051404,207234173.0000,3,1.277738,1,0.273600,0
2014-09-05,sz.002344,14.7800,14.7900,14.5000,14.6700,14.6600,10473198,153355486.0000,3,0.952360,1,0.068200,0
2014-09-09,sz.002344,14.6600,14.6900,14.3800,14.5200,14.6700,11358941,164487534.0000,3,1.032904,1,-1.022500,0
2014-09-10,sz.002344,14.4700,14.7500,14.3900,14.7200,14.5200,10417741,152025328.0000,3,0.947317,1,1.377400,0
2014-09-11,sz.002344,14.7700,14.8500,14.4800,14.4900,14.7200,15142367,222069293.0000,3,1.376942,1,-1.562500,0
2014-09-12,sz.002344,14.4800,14.6200,14.3600,14.5800,14.4900,8847093,128254391.0000,3,0.804493,1,0.621100,0
2014-09-15,sz.002344,14.5800,14.7500,14.5200,14.6500,14.5800,10285512,150632344.0000,3,0.935293,1,0.480100,0
2014-09-16,sz.002344,14.6500,15.0600,14.5200,14.5300,14.6500,28584592,423780992.0000,3,2.599285,1,-0.819100,0
2014-09-17,sz.002344,14.5400,14.8000,14.5000,14.6400,14.5300,13123384,192334345.0000,3,1.193350,1,0.757100,0
2014-09-18,sz.002344,14.6000,15.0700,14.5200,15.0600,14.6400,20573717,306297120.0000,3,1.870832,1,2.868900,0
2014-09-19,sz.002344,15.0800,15.1700,14.7700,14.9500,15.0600,14327384,214168184.0000,3,1.302833,1,-0.730400,0
2014-09-22,sz.002344,14.9700,14.9900,14.5700,14.6100,14.9500,11414642,168035898.0000,3,1.037969,1,-2.274200,0
2014-09-23,sz.002344,14.5900,14.7900,14.5600,14.7000,14.6100,7483879,109758055.0000,3,0.680532,1,0.616000,0
2014-09-24,sz.002344,14.6700,14.7700,14.5100,14.7500,14.7000,13632253,199526354.0000,3,1.239623,1,0.340100,0
2014-09-25,sz.002344,14.7500,14.8600,14.5400,14.6000,14.7500,11129674,163734671.0000,3,1.012056,1,-1.016900,0
2014-09-26,sz.002344,14.5200,14.6600,14.4500,14.5000,14.6000,8048686,116960247.0000,3,0.731892,1,-0.684900,0
2014-09-29,sz.002344,14.5200,14.6900,14.5200,14.6100,14.5000,7565115,110537567.0000,3,0.687919,1,0.758600,0
2014-09-30,sz.002344,14.6200,14.8500,14.6000,14.6400,14.6100,7421542,108760787.0000,3,0.674864,1,0.205300,0
2014-10-08,sz.002344,14.7000,14.9200,14.6100,14.9000,14.6400,14190133,209798849.0000,3,1.290353,1,1.776000,0
2014-10-09,sz.002344,14.9200,14.9700,14.6400,14.7600,14.9000,13887793,204970831.0000,3,1.262860,1,-0.939600,0
2014-10-10,sz.002344,14.7300,14.7300,14.5000,14.5600,14.7600,9613756,140516575.0000,3,0.874209,1,-1.355000,0
2014-10-13,sz.002344,14.5000,14.5000,14.1400,14.3000,14.5600,11089031,158062249.0000,3,1.008360,1,-1.785700,0
2014-10-14,sz.002344,14.2800,14.3600,13.9900,14.0500,14.3000,13237982,187547461.0000,3,1.203771,1,-1.748300,0
2014-10-15,sz.002344,14.0300,14.1000,13.7800,14.0200,14.0500,12373168,172293427.0000,3,1.125130,1,-0.213500,0
2014-10-16,sz.002344,14.0000,14.1600,13.8300,13.8300,14.0200,10585430,147998584.0000,3,0.962566,1,-1.355200,0
2014-10-17,sz.002344,13.8300,13.9500,13.5300,13.6500,13.8300,8988565,123185785.0000,3,0.817358,1,-1.301500,0
2014-10-20,sz.002344,13.7000,13.9700,13.7000,13.9600,13.6500,8035602,111486301.0000,3,0.730702,1,2.271100,0
2014-10-21,sz.002344,13.9200,14.0000,13.7300,13.8600,13.9600,7599509,105253267.0000,3,0.691047,1,-0.716300,0
2014-10-22,sz.002344,13.8500,13.8500,13.5500,13.5600,13.8600,6658257,91251850.0000,3,0.605456,1,-2.164500,0
2014-10-23,sz.002344,13.5400,13.6200,13.1700,13.4500,13.5600,8435181,112826282.0000,3,0.767037,1,-0.811200,0
2014-10-24,sz.002344,13.4300,13.7500,13.3700,13.5400,13.4500,5974302,81075628.0000,3,0.543262,1,0.669100,0
2014-10-27,sz.002344,13.4900,13.7200,13.4400,13.4900,13.5400,3786502,51263521.0000,3,0.344318,1,-0.369300,0
2014-10-28,sz.002344,13.5900,13.6900,13.5400,13.6800,13.4900,8468907,115286608.0000,3,0.770104,1,1.408500,0
2014-10-29,sz.002344,13.7000,13.9500,13.5800,13.8700,13.6800,17263802,236807722.0000,3,1.569851,1,1.388900,0
2014-10-30,sz.002344,13.8100,13.9000,13.6900,13.8000,13.8700,13370492,184136537.0000,3,1.215820,1,-0.504700,0
2014-10-31,sz.002344,13.7500,13.8200,13.5600,13.6500,13.8000,10723747,146524105.0000,3,0.975143,1,-1.087000,0
2014-11-03,sz.002344,13.6800,13.9600,13.6400,13.9100,13.6500,11172376,154026230.0000,3,1.015939,1,1.904800,0
2014-11-04,sz.002344,13.9100,13.9600,13.6800,13.7000,13.9100,8604435,118802439.0000,3,0.782428,1,-1.509700,0
2014-11-05,sz.002344,13.6900,13.7500,13.4600,13.5300,13.7000,11865338,160931813.0000,3,1.078952,1,-1.240900,0
2014-11-06,sz.002344,13.5500,13.7000,13.1200,13.2200,13.5300,15819271,210286063.0000,3,1.438495,1,-2.291200,0
2014-11-07,sz.002344,13.2500,13.2900,12.9100,12.9200,13.2200,16594872,217608048.0000,3,1.509023,1,-2.269300,0
2014-11-10,sz.002344,12.9100,13.1400,12.8600,13.1400,12.9200,11411183,148155580.0000,3,1.037654,1,1.702800,0
2014-11-11,sz.002344,13.1600,13.1600,12.6200,12.7100,13.1400,13086258,168541909.0000,3,1.189974,1,-3.272500,0
2014-11-12,sz.002344,12.6800,12.9300,12.6600,12.8700,12.7100,8093209,103978441.0000,3,0.735940,1,1.258900,0
2014-11-13,sz.002344,12.9500,13.0000,12.6700,12.7500,12.8700,9111527,116426604.0000,3,0.828539,1,-0.932400,0
2014-11-14,sz.002344,13.1000,13.9700,13.1000,13.6600,12.7500,37496971,510980016.0000,3,3.409715,1,7.137300,0
2014-11-17,sz.002344,13.5500,13.9200,13.5000,13.7000,13.6600,19851173,273130880.0000,3,1.805128,1,0.292800,0
2014-11-18,sz.002344,13.7100,13.9500,13.5500,13.9500,13.7000,16347480,224991611.0000,3,1.486527,1,1.824800,0
2014-11-19,sz.002344,13.9500,14.0800,13.7700,13.9000,13.9500,14473609,201401521.0000,3,1.316130,1,-0.358400,0
2014-11-20,sz.002344,13.8200,13.9000,13.6800,13.6900,13.9000,6940787,95640935.0000,3,0.631147,1,-1.510800,0
2014-11-21,sz.002344,13.7200,13.8000,13.6400,13.7500,13.6900,8021926,110110577.0000,3,0.729458,1,0.438300,0
2014-11-24,sz.002344,13.8200,14.0600,13.7200,13.9000,13.7500,13596117,188823640.0000,3,1.236337,1,1.090900,0
2014-11-25,sz.002344,13.9900,14.0500,13.8000,13.9600,13.9000,10805519,150392787.0000,3,0.982579,1,0.431700,0
2014-11-26,sz.002344,13.9800,14.2700,13.9100,14.0600,13.9600,14535815,204965550.0000,3,1.321787,1,0.716300,0
2014-11-27,sz.002344,14.0700,14.0900,13.7500,13.8600,14.0600,13787653,191839361.0000,3,1.253754,1,-1.422500,0
2014-11-28,sz.002344,13.8000,13.9900,13.6100,13.9300,13.8600,15882725,218902757.0000,3,1.444265,1,0.505100,0
2014-12-01,sz.002344,13.9300,14.5700,13.9000,14.4300,13.9300,30436611,437798304.0000,3,2.767695,1,3.589400,0
2014-12-02,sz.002344,14.3700,14.8000,14.2900,14.4300,14.4300,21856999,319181792.0000,3,1.987524,1,0.000000,0
2014-12-03,sz.002344,14.4200,14.6900,14.3000,14.5000,14.4300,18692836,270395168.0000,3,1.699797,1,0.485100,0
2014-12-04,sz.002344,14.7000,15.3800,14.5600,15.2000,14.5000,32211324,483377584.0000,3,2.929075,1,4.827600,0
2014-12-05,sz.002344,15.2000,15.4900,14.4600,15.0800,15.2000,37837040,570595792.0000,3,3.440639,1,-0.789500,0
2014-12-08,sz.002344,14.9500,16.2200,14.9500,16.2000,15.0800,36333778,571264272.0000,3,3.303943,1,7.427100,0
2014-12-09,sz.002344,16.2000,16.2000,16.2000,16.2000,16.2000,0,0.0000,3,,0,0.000000,0
2014-12-10,sz.002344,16.2000,16.2000,16.2000,16.2000,16.2000,0,0.0000,3,,0,0.000000,0
2014-12-11,sz.002344,16.2000,16.2000,16.2000,16.2000,16.2000,0,0.0000,3,,0,0.000000,0
2014-12-12,sz.002344,16.2000,16.2000,16.2000,16.2000,16.2000,0,0.0000,3,,0,0.000000,0
2014-12-15,sz.002344,16.2000,16.2000,16.2000,16.2000,16.2000,0,0.0000,3,,0,0.000000,0
2014-12-16,sz.002344,17.4500,17.4500,15.7200,15.8000,16.2000,37255682,616577792.0000,3,3.387774,1,-2.469100,0
2014-12-17,sz.002344,15.8100,16.1800,15.0100,15.2900,15.8000,24314384,378965728.0000,3,2.210982,1,-3.227800,0
2014-12-18,sz.002344,15.3000,16.4700,15.3000,15.9800,15.2900,21771172,344859440.0000,3,1.979720,1,4.512800,0
2014-12-19,sz.002344,15.9100,16.6100,15.8800,16.2400,15.9800,22153546,361059920.0000,3,2.014490,1,1.627000,0
2014-12-22,sz.002344,16.0000,16.4900,15.4200,15.4300,16.2400,16426894,260932467.0000,3,1.493748,1,-4.987700,0
2014-12-23,sz.002344,15.2300,15.7900,15.0000,15.0700,15.4300,11230054,172471356.0000,3,1.021183,1,-2.333100,0
2014-12-24,sz.002344,15.0600,15.2300,14.7300,14.9000,15.0700,12724868,189952312.0000,3,1.157112,1,-1.128100,0
2014-12-25,sz.002344,14.9900,15.3800,14.8800,15.3800,14.9000,11942799,180357137.0000,3,1.085996,1,3.221500,0
2014-12-26,sz.002344,15.3000,15.5000,15.0200,15.3200,15.3800,9782860,149485728.0000,3,0.889586,1,-0.390100,0
2014-12-29,sz.002344,15.3200,16.1000,15.0700,15.8500,15.3200,18565374,289101856.0000,3,1.688207,1,3.459500,0
2014-12-30,sz.002344,15.7300,16.2200,15.2000,15.3700,15.8500,13143390,207135656.0000,3,1.195169,1,-3.028400,0
2014-12-31,sz.002344,15.3700,15.9800,15.3100,15.9100,15.3700,12142008,190695478.0000,3,1.101058,1,3.513300,0
2015-01-05,sz.002344,16.0600,16.5500,15.7000,16.3900,15.9100,23743270,384222272.0000,3,2.153081,1,3.017000,0
2015-01-06,sz.002344,16.3000,16.7500,16.2000,16.4400,16.3900,18163669,299053344.0000,3,1.647113,1,0.305100,0
2015-01-07,sz.002344,16.4100,16.5500,16.0200,16.1200,16.4400,11842443,192182834.0000,3,1.073893,1,-1.946500,0
2015-01-08,sz.002344,16.0700,16.1300,15.7900,15.8600,16.1200,9442630,150403250.0000,3,0.856274,1,-1.612900,0
2015-01-09,sz.002344,15.8600,16.2000,15.6600,15.6800,15.8600,10222076,163481396.0000,3,0.926956,1,-1.134900,0
2015-01-12,sz.002344,15.5400,15.7800,15.3000,15.7000,15.6800,7216659,112002720.0000,3,0.654419,1,0.127500,0
2015-01-13,sz.002344,15.6300,16.1700,15.6300,15.8900,15.7000,8436899,134520709.0000,3,0.765073,1,1.210200,0
2015-01-14,sz.002344,15.8900,16.1500,15.5000,15.5700,15.8900,7749703,122110876.0000,3,0.702757,1,-2.013800,0
2015-01-15,sz.002344,15.6000,15.8700,15.5000,15.7700,15.5700,6643184,104421439.0000,3,0.602416,1,1.284500,0
2015-01-16,sz.002344,15.7100,16.0900,15.5300,16.0000,15.7700,9701363,153576487.0000,3,0.879737,1,1.458500,0
2015-01-19,sz.002344,15.5000,15.9500,14.6000,15.0000,16.0000,13853267,211948177.0000,3,1.256238,1,-6.250000,0
2015-01-20,sz.002344,15.0000,15.2700,14.9200,15.1300,15.0000,18021187,271958480.0000,3,1.634193,1,0.866700,0
2015-01-21,sz.002344,15.2300,15.5500,15.0600,15.5200,15.1300,14914139,228545802.0000,3,1.352440,1,2.577700,0
2015-01-22,sz.002344,15.5200,15.7700,15.4000,15.5700,15.5200,12546167,195268032.0000,3,1.137708,1,0.322200,0
2015-01-23,sz.002344,15.6000,15.8800,15.3100,15.4600,15.5700,11428417,178781638.0000,3,1.036349,1,-0.706500,0
2015-01-26,sz.002344,15.4400,16.2000,15.3600,16.0400,15.4600,15426832,244645378.0000,3,1.398932,1,3.751600,0
2015-01-27,sz.002344,16.1000,16.4200,15.7600,16.2100,16.0400,16138265,259816405.0000,3,1.463446,1,1.059800,0
2015-01-28,sz.002344,16.1200,16.4500,15.9300,16.2800,16.2100,16142916,261624958.0000,3,1.463868,1,0.431800,0
2015-01-29,sz.002344,16.2700,16.3000,15.8500,15.9100,16.2800,9674159,154933152.0000,3,0.877270,1,-2.272700,0
2015-01-30,sz.002344,15.9000,16.1700,15.6400,15.6800,15.9100,9347943,148793342.0000,3,0.847688,1,-1.445600,0
2015-02-02,sz.002344,15.3800,15.6600,15.3000,15.4700,15.6800,6773461,104769988.0000,3,0.614229,1,-1.339300,0
2015-02-03,sz.002344,15.5500,16.0700,15.4800,15.9500,15.4700,10317341,163354750.0000,3,0.935594,1,3.102800,0
2015-02-04,sz.002344,15.9600,16.7800,15.8600,16.6900,15.9500,32863830,541259984.0000,3,2.980149,1,4.639500,0
2015-02-05,sz.002344,16.7000,17.3000,16.4900,16.5600,16.6900,30131699,508992720.0000,3,2.732395,1,-0.778900,0
2015-02-06,sz.002344,16.4800,17.4000,16.3200,16.7000,16.5600,25589262,431654288.0000,3,2.320479,1,0.845400,0
2015-02-09,sz.002344,16.7400,16.9500,16.0100,16.0800,16.7000,15340930,251097919.0000,3,1.391142,1,-3.712600,0
2015-02-10,sz.002344,16.0100,16.6800,16.0100,16.6000,16.0800,10432786,170208654.0000,3,0.946063,1,3.233800,0
2015-02-11,sz.002344,16.5500,18.2400,16.5500,17.7000,16.6000,32749881,572994608.0000,3,2.969816,1,6.626500,0
2015-02-12,sz.002344,17.5000,17.9800,17.3000,17.4900,17.7000,18067109,318637888.0000,3,1.638357,1,-1.186400,0
2015-02-13,sz.002344,17.7000,18.4500,17.5100,18.3100,17.4900,26163517,474201552.0000,3,2.372553,1,4.688400,0
2015-02-16,sz.002344,18.2600,18.5000,17.8800,18.3800,18.3100,26601894,482993728.0000,3,2.412306,1,0.382300,0
2015-02-17,sz.002344,18.4600,18.4600,17.7200,17.7400,18.3800,17861131,321932432.0000,3,1.619679,1,-3.482000,0
2015-02-25,sz.002344,17.7600,17.9300,17.1900,17.3500,17.7400,13817574,242419163.0000,3,1.253002,1,-2.198400,0
2015-02-26,sz.002344,17.3500,17.7100,17.1100,17.5000,17.3500,14929210,259803737.0000,3,1.353807,1,0.864600,0
2015-02-27,sz.002344,17.5500,17.6600,17.1800,17.3000,17.5000,13337569,230896874.0000,3,1.209474,1,-1.142900,0
2015-03-02,sz.002344,17.3100,17.3300,16.6800,17.2500,17.3000,34010133,575345008.0000,3,3.084098,1,-0.289000,0
2015-03-03,sz.002344,17.0300,17.2300,16.6000,16.6600,17.2500,24730764,419689216.0000,3,2.242629,1,-3.420300,0
2015-03-04,sz.002344,16.7900,17.3600,16.7100,17.3500,16.6600,22573027,386180928.0000,3,2.046961,1,4.141700,0
2015-03-05,sz.002344,17.5600,18.1400,17.2200,17.4000,17.3500,25214629,442516416.0000,3,2.286507,1,0.288200,0
2015-03-06,sz.002344,17.3700,17.6400,16.8600,17.1000,17.4000,18360476,315338992.0000,3,1.664960,1,-1.724100,0
2015-03-09,sz.002344,17.1300,17.4800,16.7100,17.4800,17.1000,16026460,275128560.0000,3,1.453307,1,2.222200,0
2015-03-10,sz.002344,17.4000,17.8100,17.2500,17.5800,17.4800,17828838,313200320.0000,3,1.616750,1,0.572100,0
2015-03-11,sz.002344,17.6800,18.4700,17.6200,18.2400,17.5800,34171571,619493968.0000,3,3.098738,1,3.754300,0
2015-03-12,sz.002344,19.1000,19.9700,18.3000,18.5700,18.2400,49186472,937540368.0000,3,4.460315,1,1.809200,0
2015-03-13,sz.002344,18.9700,19.4100,18.5600,19.1900,18.5700,36648740,696975840.0000,3,3.323372,1,3.338700,0
2015-03-16,sz.002344,19.4100,20.9900,19.2200,20.4000,19.1900,58009164,1157274576.0000,3,5.260372,1,6.305400,0
2015-03-17,sz.002344,21.1800,21.2000,20.0100,20.3100,20.4000,45165599,928300912.0000,3,4.095695,1,-0.441200,0
2015-03-18,sz.002344,20.3000,21.0900,20.0000,20.8700,20.3100,33422456,687929408.0000,3,3.030807,1,2.757300,0
2015-03-19,sz.002344,20.7000,20.7600,20.1900,20.4500,20.8700,26041003,531426528.0000,3,2.361444,1,-2.012500,0
2015-03-20,sz.002344,20.4800,21.0000,20.0700,20.4000,20.4500,25299889,518062400.0000,3,2.294238,1,-0.244500,0
2015-03-23,sz.002344,20.4500,21.9500,20.2100,21.7800,20.4000,37482369,795166448.0000,3,3.398967,1,6.764700,0
2015-03-24,sz.002344,21.6000,22.9000,21.0700,22.8000,21.7800,41794866,927006832.0000,3,3.790031,1,4.683200,0
2015-03-25,sz.002344,22.7200,24.6600,22.4100,23.8000,22.8000,39421050,935993936.0000,3,3.574770,1,4.386000,0
2015-03-26,sz.002344,23.6500,23.7700,22.4300,22.9500,23.8000,26712526,620006128.0000,3,2.422338,1,-3.571400,0
2015-03-27,sz.002344,22.6100,24.8800,21.9000,24.1800,22.9500,34405078,791757696.0000,3,3.119913,1,5.359500,0
2015-03-30,sz.002344,24.0000,25.2800,23.8700,24.7100,24.1800,26359755,650803856.0000,3,2.390349,1,2.191900,0
2015-03-31,sz.002344,24.6600,24.9800,23.7600,23.8300,24.7100,24183541,584347168.0000,3,2.193006,1,-3.561300,0
2015-04-01,sz.002344,23.6600,24.2000,23.3800,24.0300,23.8300,21559190,513714896.0000,3,1.955025,1,0.839300,0
2015-04-02,sz.002344,24.9100,25.3000,24.2400,24.4800,24.0300,29074936,716820720.0000,3,2.636566,1,1.872700,0
2015-04-03,sz.002344,24.1500,24.7000,23.8500,24.2500,24.4800,20782520,504054064.0000,3,1.884595,1,-0.939500,0
2015-04-07,sz.002344,24.3500,24.5400,23.9800,24.2800,24.2500,25278149,611530992.0000,3,2.292267,1,0.123700,0
2015-04-08,sz.002344,24.2800,24.2800,24.2800,24.2800,24.2800,0,0.0000,3,,0,0.000000,0
2015-04-09,sz.002344,24.2800,24.2800,24.2800,24.2800,24.2800,0,0.0000,3,,0,0.000000,0
2015-04-10,sz.002344,24.2800,24.2800,24.2800,24.2800,24.2800,0,0.0000,3,,0,0.000000,0
2015-04-13,sz.002344,24.2800,24.2800,24.2800,24.2800,24.2800,0,0.0000,3,,0,0.000000,0
2015-04-14,sz.002344,24.2800,24.2800,24.2800,24.2800,24.2800,0,0.0000,3,,0,0.000000,0
2015-04-15,sz.002344,24.2800,24.2800,24.2800,24.2800,24.2800,0,0.0000,3,,0,0.000000,0
2015-04-16,sz.002344,24.2800,24.2800,24.2800,24.2800,24.2800,0,0.0000,3,,0,0.000000,0
2015-04-17,sz.002344,24.2800,24.2800,24.2800,24.2800,24.2800,0,0.0000,3,,0,0.000000,0
2015-04-20,sz.002344,24.2800,24.2800,24.2800,24.2800,24.2800,0,0.0000,3,,0,0.000000,0
2015-04-21,sz.002344,24.2800,24.2800,24.2800,24.2800,24.2800,0,0.0000,3,,0,0.000000,0
2015-04-22,sz.002344,24.2800,24.2800,24.2800,24.2800,24.2800,0,0.0000,3,,0,0.000000,0
2015-04-23,sz.002344,24.2800,24.2800,24.2800,24.2800,24.2800,0,0.0000,3,,0,0.000000,0
2015-04-24,sz.002344,24.2800,24.2800,24.2800,24.2800,24.2800,0,0.0000,3,,0,0.000000,0
2015-04-27,sz.002344,24.2800,24.2800,24.2800,24.2800,24.2800,0,0.0000,3,,0,0.000000,0
2015-04-28,sz.002344,24.2800,24.2800,24.2800,24.2800,24.2800,0,0.0000,3,,0,0.000000,0
2015-04-29,sz.002344,24.2800,24.2800,24.2800,24.2800,24.2800,0,0.0000,3,,0,0.000000,0
2015-04-30,sz.002344,24.2800,24.2800,24.2800,24.2800,24.2800,0,0.0000,3,,0,0.000000,0
2015-05-04,sz.002344,24.2800,24.2800,24.2800,24.2800,24.2800,0,0.0000,3,,0,0.000000,0
2015-05-05,sz.002344,24.2800,24.2800,24.2800,24.2800,24.2800,0,0.0000,3,,0,0.000000,0
2015-05-06,sz.002344,25.0000,25.9000,22.4800,23.1000,24.2800,58583078,1416516720.0000,3,5.312416,1,-4.860000,0
2015-05-07,sz.002344,22.6000,23.8400,22.3000,22.3100,23.1000,27371712,627573072.0000,3,2.482115,1,-3.419900,0
2015-05-08,sz.002344,22.9000,23.6800,22.5100,23.2300,22.3100,25867291,597900384.0000,3,2.345691,1,4.123700,0
2015-05-11,sz.002344,23.2900,23.9600,22.9800,23.7800,23.2300,35334148,830431344.0000,3,3.204162,1,2.367600,0
2015-05-12,sz.002344,23.7500,23.9800,23.3800,23.5600,23.7800,26723606,630549984.0000,3,2.423343,1,-0.925200,0
2015-05-13,sz.002344,23.6300,25.9200,23.2900,25.9200,23.5600,30455151,746337680.0000,3,2.761726,1,10.017000,0
2015-05-14,sz.002344,26.1000,27.4300,26.1000,26.1300,25.9200,46736425,1244845424.0000,3,4.238141,1,0.810200,0
2015-05-15,sz.002344,25.9800,25.9900,24.7100,24.9000,26.1300,33483878,840546480.0000,3,3.036377,1,-4.707200,0
2015-05-18,sz.002344,24.9000,25.1200,24.3800,24.7000,24.9000,28464101,704232528.0000,3,2.581174,1,-0.803200,0
2015-05-19,sz.002344,24.7800,25.7900,24.5000,25.6300,24.7000,31072245,781558832.0000,3,2.817685,1,3.765200,0
2015-05-20,sz.002344,25.6000,26.9700,25.4800,25.5200,25.6300,32181951,841293872.0000,3,2.918315,1,-0.429200,0
2015-05-21,sz.002344,25.5200,26.1500,25.0800,25.9000,25.5200,31285146,803538384.0000,3,2.836992,1,1.489000,0
2015-05-22,sz.002344,25.9600,27.9900,25.7800,27.4200,25.9000,42839526,1146200992.0000,3,3.884763,1,5.868700,0
2015-05-25,sz.002344,27.0000,28.3800,26.7100,27.9000,27.4200,32806770,907679344.0000,3,2.974975,1,1.750500,0
2015-05-26,sz.002344,27.9000,28.6600,27.4100,28.2400,27.9000,31749228,892246064.0000,3,2.879075,1,1.218600,0
2015-05-27,sz.002344,28.7100,29.4800,28.0100,28.3100,28.2400,30818850,881267488.0000,3,2.794707,1,0.247900,0
2015-05-28,sz.002344,28.0200,28.5000,25.4800,25.7000,28.3100,36510261,987306128.0000,3,3.310814,1,-9.219400,0
2015-05-29,sz.002344,25.7000,26.3500,24.6100,25.2000,25.7000,24815089,632230656.0000,3,2.250276,1,-1.945500,0
2015-06-01,sz.002344,25.7700,27.0000,25.4000,26.9900,25.2000,25014929,657623088.0000,3,2.268397,1,7.103200,0
2015-06-02,sz.002344,27.2500,28.5900,27.0000,28.5500,26.9900,34813469,975212256.0000,3,3.156946,1,5.779900,0
2015-06-03,sz.002344,28.6000,28.6000,26.6900,28.3400,28.5500,32700149,907496608.0000,3,2.965307,1,-0.735500,0
2015-06-04,sz.002344,28.0000,28.0000,25.5600,27.4000,28.3400,31740230,853001808.0000,3,2.878259,1,-3.316900,0
2015-06-05,sz.002344,27.4800,28.3700,26.5000,27.8900,27.4000,35874933,987594624.0000,3,3.253202,1,1.788300,0
2015-06-08,sz.002344,27.9900,28.4000,26.8700,28.2100,27.8900,40679664,1127039856.0000,3,3.688903,1,1.147400,0
2015-06-09,sz.002344,28.1300,29.5000,27.7000,29.2000,28.2100,45995738,1330640048.0000,3,4.170974,1,3.509400,0
2015-06-10,sz.002344,29.6700,31.4900,28.8000,30.4700,29.2000,48707318,1453027280.0000,3,4.416865,1,4.349300,0
2015-06-11,sz.002344,30.8200,31.2100,29.7100,29.8500,30.4700,42303959,1281223360.0000,3,3.836197,1,-2.034800,0
2015-06-12,sz.002344,29.7600,30.0000,28.9500,29.2400,29.8500,30041806,882056400.0000,3,2.724243,1,-2.043600,0
2015-06-15,sz.002344,29.1900,29.5000,27.9800,28.0800,29.2400,25145009,718109792.0000,3,2.280193,1,-3.967200,0
2015-06-16,sz.002344,28.0800,28.9500,27.5100,28.2000,28.0800,20244821,572577424.0000,3,1.835836,1,0.427400,0
2015-06-17,sz.002344,28.2300,28.5000,26.7100,28.0200,28.2000,20801702,571257664.0000,3,1.886335,1,-0.638300,0
2015-06-18,sz.002344,28.0000,28.0500,25.6100,26.2000,28.0200,20966609,569398624.0000,3,1.901289,1,-6.495400,0
2015-06-19,sz.002344,25.8000,26.1800,23.5800,24.0000,26.2000,20841537,518714016.0000,3,1.889947,1,-8.396900,0
2015-06-23,sz.002344,24.2700,24.6000,21.9000,24.4900,24.0000,19951067,476183312.0000,3,1.809198,1,2.041700,0
2015-06-24,sz.002344,24.2000,25.0000,23.8100,24.6000,24.4900,20796794,508803936.0000,3,1.885890,1,0.449200,0
2015-06-25,sz.002344,24.5700,24.7900,22.1000,22.2000,24.4800,22897182,537331248.0000,3,2.076356,1,-9.313700,0
2015-06-26,sz.002344,21.8500,21.9100,19.9800,19.9800,22.2000,23795847,492149984.0000,3,2.157849,1,-10.000000,0
2015-06-29,sz.002344,20.4500,21.0000,17.9800,17.9800,19.9800,29609596,564984768.0000,3,2.685050,1,-10.010000,0
2015-06-30,sz.002344,17.9800,19.6500,16.3300,19.6300,17.9800,40803284,742216000.0000,3,3.699582,1,9.176900,0
2015-07-01,sz.002344,19.3800,20.5200,18.0800,18.5800,19.6300,34294526,680884624.0000,3,3.109441,1,-5.349000,0
2015-07-02,sz.002344,18.5000,19.1100,16.9600,17.2800,18.5800,36095449,654694928.0000,3,3.272729,1,-6.996800,0
2015-07-03,sz.002344,17.1200,18.0000,15.6600,16.1400,17.2800,31578053,525547920.0000,3,2.863142,1,-6.597200,0
2015-07-06,sz.002344,17.7500,17.7500,14.6900,15.8800,16.1400,41762834,678581600.0000,3,3.786583,1,-1.610900,0
2015-07-07,sz.002344,15.1200,15.7500,14.2900,14.3300,15.8800,42083505,610108752.0000,3,3.815658,1,-9.760700,0
2015-07-08,sz.002344,12.9000,14.4400,12.9000,13.8800,14.3300,69992792,945591136.0000,3,6.346158,1,-3.140300,0
2015-07-09,sz.002344,13.8800,13.8800,13.8800,13.8800,13.8800,0,0.0000,3,,0,0.000000,0
2015-07-10,sz.002344,13.8800,13.8800,13.8800,13.8800,13.8800,0,0.0000,3,,0,0.000000,0
2015-07-13,sz.002344,13.8800,13.8800,13.8800,13.8800,13.8800,0,0.0000,3,,0,0.000000,0
2015-07-14,sz.002344,15.2700,15.2700,15.2700,15.2700,13.8800,1433723,21892950.0000,3,0.129994,1,10.014400,0
2015-07-15,sz.002344,16.8000,16.8000,16.0300,16.6500,15.2700,67839685,1125902464.0000,3,6.150938,1,9.037300,0
2015-07-16,sz.002344,15.3400,17.7300,15.1500,16.9000,16.6500,41738181,697780624.0000,3,3.784348,1,1.501500,0
2015-07-17,sz.002344,16.9100,18.5900,16.7600,18.4500,16.9000,39838634,707199760.0000,3,3.612118,1,9.171600,0
2015-07-20,sz.002344,18.4000,19.1200,17.7600,18.2800,18.4500,41737378,770377888.0000,3,3.784275,1,-0.921400,0
2015-07-21,sz.002344,17.9900,18.3900,17.7100,17.9600,18.2800,25797330,466293600.0000,3,2.339011,1,-1.750600,0
2015-07-22,sz.002344,18.0000,18.3300,17.5200,18.2100,17.9600,24095046,434477984.0000,3,2.184667,1,1.392000,0
2015-07-23,sz.002344,18.2500,18.9500,17.9900,18.7300,18.2100,29487118,546481328.0000,3,2.673560,1,2.855600,0
2015-07-24,sz.002344,18.7600,20.3600,18.6200,19.0100,18.7300,42286684,821114272.0000,3,3.834080,1,1.494900,0
2015-07-27,sz.002344,18.6600,19.8000,17.1100,17.1100,19.0100,44205243,831334800.0000,3,4.008033,1,-9.994700,0
2015-07-28,sz.002344,16.1300,17.6500,15.6300,16.5500,17.1100,32706680,539198480.0000,3,2.965473,1,-3.272900,0
2015-07-29,sz.002344,17.0700,18.1500,16.4500,17.9800,16.5500,24138306,412490016.0000,3,2.188590,1,8.640500,0
2015-07-30,sz.002344,17.9000,18.4000,16.8000,17.0000,17.9800,27022583,483441392.0000,3,2.450103,1,-5.450500,0
2015-07-31,sz.002344,16.7000,17.2700,16.0000,16.6600,17.0000,20783065,349243104.0000,3,1.884374,1,-2.000000,0
2015-08-03,sz.002344,16.2000,16.5700,15.0100,15.2100,16.6600,19913534,312857920.0000,3,1.805535,1,-8.703500,0
2015-08-04,sz.002344,15.3800,16.3700,15.3300,16.3500,15.2100,17536858,278035744.0000,3,1.590045,1,7.495100,0
2015-08-05,sz.002344,16.3000,16.5800,15.6600,15.8300,16.3500,18823663,302993184.0000,3,1.706718,1,-3.180400,0
2015-08-06,sz.002344,15.4700,15.9700,15.2500,15.6000,15.8300,12854468,201693152.0000,3,1.165498,1,-1.452900,0
2015-08-07,sz.002344,15.8300,16.7300,15.8100,16.5900,15.6000,24415698,399014768.0000,3,2.213740,1,6.346200,0
2015-08-10,sz.002344,16.8000,18.2000,16.5400,17.8500,16.5900,27230234,471522352.0000,3,2.468931,1,7.594900,0
2015-08-11,sz.002344,18.1200,19.6400,18.1200,18.5600,17.8500,49400752,942173824.0000,3,4.479103,1,3.977600,0
2015-08-12,sz.002344,18.0500,18.3300,17.6500,17.8300,18.5600,35537185,640166064.0000,3,3.222111,1,-3.933200,0
2015-08-13,sz.002344,17.6800,18.3100,17.4500,18.3000,17.8300,22093636,396297792.0000,3,2.003202,1,2.636000,0
2015-08-14,sz.002344,18.4600,18.4700,17.8500,17.9800,18.3000,21709270,394878336.0000,3,1.968352,1,-1.748600,0
2015-08-17,sz.002344,18.0100,18.3900,17.8600,18.3900,17.9800,20283025,368210640.0000,3,1.839036,1,2.280300,0
2015-08-18,sz.002344,18.4400,18.4900,16.5500,16.5500,18.3900,23929916,420227792.0000,3,2.169695,1,-10.005400,0
2015-08-19,sz.002344,16.0000,16.8900,15.2500,16.7800,16.5500,21532210,347250416.0000,3,1.952298,1,1.389700,0
2015-08-20,sz.002344,16.5000,16.8000,15.9100,15.9500,16.7800,15619724,255091653.0000,3,1.416221,1,-4.946400,0
2015-08-21,sz.002344,15.6300,15.9800,14.9000,14.9700,15.9500,15979202,245755183.0000,3,1.448814,1,-6.144200,0
2015-08-24,sz.002344,14.2700,14.3700,13.4700,13.4700,14.9700,20264669,275642928.0000,3,1.837372,1,-10.020000,0
2015-08-25,sz.002344,12.3100,12.8800,12.1200,12.1200,13.4700,31274990,385066256.0000,3,2.835664,1,-10.022300,0
2015-08-26,sz.002344,12.3700,13.0000,11.8800,12.1400,12.1200,20182771,250603230.0000,3,1.829946,1,0.165000,0
2015-08-27,sz.002344,12.5600,12.9000,12.1000,12.8900,12.1400,16014505,200907294.0000,3,1.452015,1,6.177900,0
2015-08-28,sz.002344,13.1800,13.8500,13.0000,13.6700,12.8900,23960265,319628304.0000,3,2.172447,1,6.051200,0
2015-08-31,sz.002344,13.4900,13.5500,12.9000,13.4100,13.6700,17970003,236849285.0000,3,1.629317,1,-1.902000,0
2015-09-01,sz.002344,13.2000,13.2500,12.2100,13.1100,13.4100,24144684,309238320.0000,3,2.189168,1,-2.237100,0
2015-09-02,sz.002344,12.4200,13.6800,12.3300,13.5300,13.1100,24320282,319901184.0000,3,2.205089,1,3.203700,0
2015-09-07,sz.002344,13.5000,14.2800,13.2200,13.3100,13.5300,22659096,309801168.0000,3,2.054471,1,-1.626000,0
2015-09-08,sz.002344,13.1800,13.8400,12.7200,13.7300,13.3100,13217096,175734823.0000,3,1.198377,1,3.155500,0
2015-09-09,sz.002344,13.9900,14.4300,13.7300,14.1800,13.7300,20819735,293424048.0000,3,1.887699,1,3.277500,0
2015-09-10,sz.002344,14.0000,14.1000,13.6600,13.7100,14.1800,10134202,140800692.0000,3,0.918855,1,-3.314500,0
2015-09-11,sz.002344,13.7400,13.9500,13.3400,13.5700,13.7100,8370463,114061243.0000,3,0.758939,1,-1.021200,0
2015-09-14,sz.002344,13.6200,13.7000,12.2100,12.2200,13.5700,14922774,189632122.0000,3,1.353029,1,-9.948400,0
2015-09-15,sz.002344,11.9900,12.2300,11.1500,11.3000,12.2200,14900597,173874039.0000,3,1.351018,1,-7.528600,0
2015-09-16,sz.002344,11.3800,12.4300,11.3200,12.4200,11.3000,17426360,208283566.0000,3,1.580026,1,9.911500,0
2015-09-17,sz.002344,12.4000,12.8700,12.0100,12.0400,12.4200,17563137,218833074.0000,3,1.592427,1,-3.059600,0
2015-09-18,sz.002344,12.0100,12.6400,11.9600,12.3100,12.0400,10396193,127160086.0000,3,0.942610,1,2.242500,0
2015-09-21,sz.002344,12.1000,12.8200,12.0000,12.7100,12.3100,11364182,141903553.0000,3,1.030376,1,3.249400,0
2015-09-22,sz.002344,12.7800,13.3900,12.4600,13.1000,12.7100,20478892,265151589.0000,3,1.856795,1,3.068500,0
2015-09-23,sz.002344,12.7700,12.8500,12.5000,12.5400,13.1000,13290436,168226077.0000,3,1.205027,1,-4.274800,0
2015-09-24,sz.002344,12.6900,12.8100,12.5300,12.7000,12.5400,10048619,127448229.0000,3,0.911096,1,1.275900,0
2015-09-25,sz.002344,12.6200,12.7500,12.0100,12.1000,12.7000,10411511,127928404.0000,3,0.943998,1,-4.724400,0
2015-09-28,sz.002344,12.1400,12.3900,11.9000,12.3100,12.1000,7296571,88877299.0000,3,0.661571,1,1.735500,0
2015-09-29,sz.002344,12.1300,12.3100,12.0200,12.1200,12.3100,5742081,69750730.0000,3,0.520627,1,-1.543500,0
2015-09-30,sz.002344,12.2200,12.3200,12.0600,12.1700,12.1200,5321600,64904314.0000,3,0.482503,1,0.412500,0
2015-10-08,sz.002344,12.6000,12.7800,12.4600,12.6600,12.1700,12095680,152890436.0000,3,1.096700,1,4.026300,0
2015-10-09,sz.002344,12.6500,12.9800,12.5500,12.8400,12.6600,11638599,148564497.0000,3,1.055257,1,1.421800,0
2015-10-12,sz.002344,12.9100,13.6400,12.9000,13.5000,12.8400,22718659,303819472.0000,3,2.059872,1,5.140200,0
2015-10-13,sz.002344,13.3900,13.7000,13.3600,13.6200,13.5000,16460268,222397365.0000,3,1.492432,1,0.888900,0
2015-10-14,sz.002344,13.5600,13.8000,13.3500,13.3900,13.6200,17703157,240141184.0000,3,1.605123,1,-1.688700,0
2015-10-15,sz.002344,13.3700,13.9900,13.3500,13.9700,13.3900,22658867,311099936.0000,3,2.054451,1,4.331600,0
2015-10-16,sz.002344,14.0500,14.0800,13.6800,13.9900,13.9700,20932757,290317760.0000,3,1.897946,1,0.143200,0
2015-10-19,sz.002344,14.0100,14.2500,13.6100,13.7800,13.9900,20537247,287093152.0000,3,1.862086,1,-1.501100,0
2015-10-20,sz.002344,13.8000,15.0800,13.8000,14.8800,13.7800,45603984,660313616.0000,3,4.134855,1,7.982600,0
2015-10-21,sz.002344,14.9200,15.5500,13.9600,14.0000,14.8800,52545930,786071616.0000,3,4.764273,1,-5.914000,0
2015-10-22,sz.002344,13.9500,15.2700,13.9300,15.0800,14.0000,26633515,387314112.0000,3,2.414827,1,7.714300,0
2015-10-23,sz.002344,15.1000,15.4500,14.6600,15.2500,15.0800,30731586,462056704.0000,3,2.786394,1,1.127300,0
2015-10-26,sz.002344,15.3000,15.4500,14.7200,14.9900,15.2500,24620213,369921648.0000,3,2.232283,1,-1.704900,0
2015-10-27,sz.002344,14.7500,14.9400,14.0500,14.8300,14.9900,19398195,282346080.0000,3,1.758810,1,-1.067400,0
2015-10-28,sz.002344,14.6200,15.0500,14.1100,14.2500,14.8300,17683833,258877424.0000,3,1.603371,1,-3.911000,0
2015-10-29,sz.002344,14.3900,14.7500,14.0600,14.4900,14.2500,15798399,228553573.0000,3,1.432421,1,1.684200,0
2015-10-30,sz.002344,14.3200,14.7000,14.1300,14.4200,14.4900,15213647,219538701.0000,3,1.379402,1,-0.483100,0
2015-11-02,sz.002344,14.1000,14.9600,14.0000,14.3300,14.4200,16220439,235965794.0000,3,1.470687,1,-0.624100,0
2015-11-03,sz.002344,14.4000,14.5900,14.1300,14.2700,14.3300,10254535,146775841.0000,3,0.929766,1,-0.418700,0
2015-11-04,sz.002344,14.3500,15.1000,14.3300,15.0900,14.2700,22593633,334320496.0000,3,2.048536,1,5.746300,0
2015-11-05,sz.002344,15.1000,15.3200,14.7100,15.1000,15.0900,29435987,443205696.0000,3,2.668924,1,0.066300,0
2015-11-06,sz.002344,15.1100,15.6200,15.1100,15.4900,15.1000,25593806,393092288.0000,3,2.320558,1,2.582800,0
2015-11-09,sz.002344,15.3500,15.5300,15.0800,15.3900,15.4900,31527558,483715904.0000,3,2.858564,1,-0.645600,0
2015-11-10,sz.002344,15.2800,15.4700,14.9200,15.3100,15.3900,24127385,368159440.0000,3,2.187599,1,-0.519800,0
2015-11-11,sz.002344,15.3100,15.6800,15.0200,15.6200,15.3100,26368604,404448048.0000,3,2.390808,1,2.024800,0
2015-11-12,sz.002344,15.9900,16.3800,15.6900,15.9900,15.6200,50853422,815122416.0000,3,4.610815,1,2.368800,0
2015-11-13,sz.002344,15.7500,15.9800,15.2300,15.2600,15.9900,23343938,364478320.0000,3,2.116565,1,-4.565400,0
2015-11-16,sz.002344,14.9500,15.4700,14.8000,15.4400,15.2600,15447234,233862395.0000,3,1.400581,1,1.179600,0
2015-11-17,sz.002344,15.6000,15.8400,15.3000,15.3800,15.4400,19313580,301862800.0000,3,1.751138,1,-0.388600,0
2015-11-18,sz.002344,15.3800,15.5200,15.0100,15.0200,15.3800,10873775,165347130.0000,3,0.985911,1,-2.340700,0
2015-11-19,sz.002344,15.0800,15.2900,14.7900,15.2400,15.0200,11025326,166067428.0000,3,0.999652,1,1.464700,0
2015-11-20,sz.002344,15.4000,16.5000,15.4000,15.9000,15.2400,46705997,741537264.0000,3,4.234773,1,4.330700,0
2015-11-23,sz.002344,15.8800,16.1100,15.6300,15.7700,15.9000,26968845,428546128.0000,3,2.445231,1,-0.817600,0
2015-11-24,sz.002344,15.8700,16.0800,15.3000,15.9000,15.7700,19963809,314152720.0000,3,1.810093,1,0.824300,0
2015-11-25,sz.002344,15.8000,17.4900,15.7700,17.4900,15.9000,40228064,678222256.0000,3,3.647427,1,10.000000,0
2015-11-26,sz.002344,18.3000,18.4900,17.3500,17.5800,17.4900,62572029,1124598320.0000,3,5.673326,1,0.514600,0
2015-11-27,sz.002344,17.6900,18.1300,16.0100,16.5000,17.5800,28422530,491341520.0000,3,2.577035,1,-6.143300,0
2015-11-30,sz.002344,16.7600,17.7700,16.5000,17.7200,16.5000,39813947,681077440.0000,3,3.609880,1,7.393900,0
2015-12-01,sz.002344,17.4900,17.7900,16.7800,17.1000,17.7200,25629285,444904144.0000,3,2.323775,1,-3.498900,0
2015-12-02,sz.002344,17.0000,17.0000,15.6100,16.2000,17.1000,20792977,337741072.0000,3,1.885273,1,-5.263200,0
2015-12-03,sz.002344,16.4000,17.8200,16.3800,17.8200,16.2000,44949826,789919504.0000,3,4.075544,1,10.000000,0
2015-12-04,sz.002344,17.7900,18.1600,17.3400,17.9500,17.8200,35238758,624173376.0000,3,3.195053,1,0.729500,0
2015-12-07,sz.002344,17.8700,19.0000,17.5000,18.7900,17.9500,37528955,687778640.0000,3,3.402703,1,4.679700,0
2015-12-08,sz.002344,18.4900,18.5600,17.8500,18.0000,18.7900,23086069,418022320.0000,3,2.093185,1,-4.204400,0
2015-12-09,sz.002344,17.7100,18.3800,17.5100,17.9500,18.0000,21586537,388839600.0000,3,1.957224,1,-0.277800,0
2015-12-10,sz.002344,17.8600,18.0400,17.0200,17.2000,17.9500,21023986,365092400.0000,3,1.906218,1,-4.178300,0
2015-12-11,sz.002344,17.1000,17.8100,16.5000,17.4000,17.2000,24135784,412600976.0000,3,2.188361,1,1.162800,0
2015-12-14,sz.002344,17.4100,17.4700,16.2100,16.9400,17.4000,29200145,488469968.0000,3,2.647540,1,-2.643700,0
2015-12-15,sz.002344,17.0000,17.4500,16.6900,17.2200,16.9400,24527030,418140720.0000,3,2.223835,1,1.652900,0
2015-12-16,sz.002344,17.2400,17.5000,16.7000,16.7800,17.2200,26677578,452069072.0000,3,2.418822,1,-2.555200,0
2015-12-17,sz.002344,16.8500,17.2500,16.7300,17.1700,16.7800,33370090,567937360.0000,3,3.025624,1,2.324200,0
2015-12-18,sz.002344,17.1800,17.1800,16.5000,16.5400,17.1700,29139137,487480528.0000,3,2.642009,1,-3.669200,0
2015-12-21,sz.002344,16.3800,16.7600,16.0500,16.7000,16.5400,40745538,666892256.0000,3,3.694346,1,0.967400,0
2015-12-22,sz.002344,16.6700,16.6900,16.1800,16.4400,16.7000,30501349,500085440.0000,3,2.765519,1,-1.556900,0
2015-12-23,sz.002344,16.4300,16.5800,16.2200,16.3100,16.4400,26401904,434105184.0000,3,2.393827,1,-0.790800,0
2015-12-24,sz.002344,16.3200,16.7400,16.2700,16.6100,16.3100,24362942,401956688.0000,3,2.208957,1,1.839400,0
2015-12-25,sz.002344,16.6200,16.6500,16.2500,16.3700,16.6100,21878347,358801008.0000,3,1.983682,1,-1.444900,0
2015-12-28,sz.002344,16.4200,16.5600,15.6500,15.6500,16.3700,30449546,490868752.0000,3,2.760822,1,-4.398300,0
2015-12-29,sz.002344,15.6900,15.8600,15.4500,15.8500,15.6500,17874142,280402096.0000,3,1.620626,1,1.278000,0
2015-12-30,sz.002344,15.8700,15.8900,15.5700,15.7100,15.8500,16227715,254977981.0000,3,1.471346,1,-0.883300,0
2015-12-31,sz.002344,15.7300,15.8500,15.3000,15.3400,15.7100,18513842,288342768.0000,3,1.674138,1,-2.355200,0
2016-01-04,sz.002344,15.3100,15.3100,13.8100,13.8100,15.3400,18642848,269820720.0000,3,1.685804,1,-9.973900,0
2016-01-05,sz.002344,13.1500,13.6800,12.8000,13.2800,13.8100,31619716,420785184.0000,3,2.859254,1,-3.837800,0
2016-01-06,sz.002344,13.4500,13.7900,13.2300,13.7700,13.2800,25034325,338839712.0000,3,2.263761,1,3.689800,0
2016-01-07,sz.002344,13.5900,13.5900,12.3900,12.4000,13.7700,6301266,80799688.0000,3,0.569800,1,-9.949200,0
2016-01-08,sz.002344,12.6800,12.8500,11.8000,12.6000,12.4000,29033752,362821408.0000,3,2.625414,1,1.612900,0
2016-01-11,sz.002344,12.3000,12.4400,11.3800,11.4100,12.6000,24297825,289593488.0000,3,2.197162,1,-9.444400,0
2016-01-12,sz.002344,11.4500,11.8300,11.2900,11.6700,11.4100,18495559,214911999.0000,3,1.672485,1,2.278700,0
2016-01-13,sz.002344,11.7800,11.8600,11.3600,11.3600,11.6700,14738605,171913923.0000,3,1.332757,1,-2.656400,0
2016-01-14,sz.002344,11.0500,11.8000,11.0000,11.7300,11.3600,16466284,189246995.0000,3,1.488985,1,3.257000,0
2016-01-15,sz.002344,11.6800,11.8400,11.1200,11.3000,11.7300,16000315,184142134.0000,3,1.446849,1,-3.665800,0
2016-01-18,sz.002344,11.0700,11.7700,11.0700,11.6100,11.3000,13558908,156031160.0000,3,1.226082,1,2.743400,0
2016-01-19,sz.002344,11.8000,12.1100,11.5500,12.0200,11.6100,18027661,213657600.0000,3,1.630174,1,3.531400,0
2016-01-20,sz.002344,11.9200,12.1000,11.6200,11.7500,12.0200,16391823,194282137.0000,3,1.482252,1,-2.246300,0
2016-01-21,sz.002344,11.5900,11.9400,11.3000,11.3000,11.7500,13857731,161289317.0000,3,1.253103,1,-3.829800,0
2016-01-22,sz.002344,11.4800,11.5900,11.1400,11.4600,11.3000,12348148,140647634.0000,3,1.116597,1,1.415900,0
2016-01-25,sz.002344,11.6100,11.6800,11.4200,11.5800,11.4600,10258582,118728870.0000,3,0.927645,1,1.047100,0
2016-01-26,sz.002344,11.3600,11.4500,10.4200,10.4500,11.5800,16198067,178517714.0000,3,1.464731,1,-9.758200,0
2016-01-27,sz.002344,10.5200,10.5800,9.7100,10.2500,10.4500,16101230,164113418.0000,3,1.455974,1,-1.913900,0
2016-01-28,sz.002344,10.1900,10.3300,9.7000,9.8000,10.2500,12141421,121794621.0000,3,1.097904,1,-4.390200,0
2016-01-29,sz.002344,9.8000,10.3700,9.7900,10.2300,9.8000,12949649,130766094.0000,3,1.170989,1,4.387700,0
2016-02-01,sz.002344,10.0200,10.1100,9.5500,9.7900,10.2300,16713356,165175237.0000,3,1.511327,1,-4.301100,0
2016-02-02,sz.002344,9.8100,10.2000,9.7800,10.0800,9.7900,13997299,140926298.0000,3,1.265724,1,2.962200,0
2016-02-03,sz.002344,10.0000,10.1500,9.7500,10.1100,10.0800,12686403,125911974.0000,3,1.147184,1,0.297600,0
2016-02-04,sz.002344,10.1200,10.4100,10.1200,10.2800,10.1100,13312632,136801529.0000,3,1.203812,1,1.681500,0
2016-02-05,sz.002344,10.3100,10.3900,10.1200,10.1300,10.2800,11089006,113272585.0000,3,1.002738,1,-1.459100,0
2016-02-15,sz.002344,9.8000,10.1200,9.7300,10.0400,10.1300,9514771,94510313.0000,3,0.860385,1,-0.888500,0
2016-02-16,sz.002344,10.1000,10.6000,10.0800,10.5900,10.0400,18192895,189591678.0000,3,1.645116,1,5.478100,0
2016-02-17,sz.002344,10.6000,10.8500,10.5200,10.8100,10.5900,19454655,208054682.0000,3,1.759212,1,2.077400,0
2016-02-18,sz.002344,10.8900,10.9400,10.7100,10.7500,10.8100,15687324,169596772.0000,3,1.418546,1,-0.555000,0
2016-02-19,sz.002344,10.7000,10.7500,10.6000,10.6800,10.7500,9579301,102292667.0000,3,0.866221,1,-0.651200,0
2016-02-22,sz.002344,10.8400,11.0300,10.7800,10.9800,10.6800,17689472,193206090.0000,3,1.599593,1,2.809000,0
2016-02-23,sz.002344,10.9700,11.1000,10.6000,10.8600,10.9800,18140895,196900068.0000,3,1.640414,1,-1.092900,0
2016-02-24,sz.002344,10.7700,10.9800,10.6400,10.9700,10.8600,16883422,182626587.0000,3,1.526705,1,1.012900,0
2016-02-25,sz.002344,10.9300,10.9300,9.8700,9.8700,10.9700,21977619,227628928.0000,3,1.987355,1,-10.027400,0
2016-02-26,sz.002344,9.9500,10.0200,9.6100,9.9100,9.8700,15585398,154760540.0000,3,1.409330,1,0.405300,0
2016-02-29,sz.002344,9.8800,9.8800,9.0200,9.1000,9.9100,13645101,126800339.0000,3,1.233876,1,-8.173600,0
2016-03-01,sz.002344,9.1700,9.3800,8.9400,9.2700,9.1000,14584001,133829510.0000,3,1.318777,1,1.868100,0
2016-03-02,sz.002344,9.2700,9.8700,9.2200,9.8200,9.2700,21179012,202254169.0000,3,1.915139,1,5.933100,0
2016-03-03,sz.002344,9.8100,10.0900,9.7500,9.8200,9.8200,17661486,174675808.0000,3,1.597063,1,0.000000,0
2016-03-04,sz.002344,9.7400,9.8600,9.3000,9.4400,9.8200,12948426,124232904.0000,3,1.170878,1,-3.869700,0
2016-03-07,sz.002344,9.5000,9.8300,9.5000,9.7300,9.4400,11914867,115575233.0000,3,1.077417,1,3.072000,0
2016-03-08,sz.002344,9.6800,9.8500,9.2600,9.8100,9.7300,15370668,146236115.0000,3,1.389912,1,0.822200,0
2016-03-09,sz.002344,9.6000,9.7100,9.4200,9.5200,9.8100,11474642,109710298.0000,3,1.037609,1,-2.956200,0
2016-03-10,sz.002344,9.5400,9.6400,9.3400,9.3700,9.5200,8570297,81373089.0000,3,0.774980,1,-1.575600,0
2016-03-11,sz.002344,9.2900,9.4200,9.2100,9.3500,9.3700,6848731,63742769.0000,3,0.619305,1,-0.213400,0
2016-03-14,sz.002344,9.4900,9.7900,9.4500,9.6600,9.3500,12537867,121275159.0000,3,1.133753,1,3.315500,0
2016-03-15,sz.002344,9.6000,9.7400,9.4800,9.5900,9.6600,10233113,98273476.0000,3,0.925342,1,-0.724600,0
2016-03-16,sz.002344,9.6300,9.6800,9.4200,9.4700,9.5900,7730488,73805476.0000,3,0.699039,1,-1.251300,0
2016-03-17,sz.002344,9.5100,9.9400,9.5100,9.8600,9.4700,16003724,156463348.0000,3,1.447157,1,4.118300,0
2016-03-18,sz.002344,9.9000,10.2800,9.8600,10.2800,9.8600,20915391,211371281.0000,3,1.891301,1,4.259600,0
2016-03-21,sz.002344,10.3900,10.5600,10.2900,10.4900,10.2800,22646929,235654786.0000,3,2.047878,1,2.042800,0
2016-03-22,sz.002344,10.4600,10.4600,10.2800,10.3500,10.4900,16959053,175971192.0000,3,1.533544,1,-1.334600,0
2016-03-23,sz.002344,10.3600,10.6600,10.3300,10.5800,10.3500,19307822,202239336.0000,3,1.745935,1,2.222200,0
2016-03-24,sz.002344,10.4500,10.4800,10.2600,10.2600,10.5800,15177358,157396309.0000,3,1.372432,1,-3.024600,0
2016-03-25,sz.002344,10.1800,10.3600,10.1700,10.3600,10.2600,8931290,91902608.0000,3,0.807623,1,0.974700,0
2016-03-28,sz.002344,10.3800,10.5500,10.1600,10.2000,10.3600,12676889,131852551.0000,3,1.146324,1,-1.544400,0
2016-03-29,sz.002344,10.1900,10.2300,9.9000,10.0000,10.2000,12871851,129332843.0000,3,1.163954,1,-1.960800,0
2016-03-30,sz.002344,10.0800,10.3700,10.0400,10.3600,10.0000,15105728,153930430.0000,3,1.365955,1,3.600000,0
2016-03-31,sz.002344,10.3800,10.6400,10.3700,10.4300,10.3600,25729805,270281520.0000,3,2.326651,1,0.675700,0
2016-04-01,sz.002344,10.3900,10.4000,10.0800,10.2700,10.4300,19355032,197810824.0000,3,1.750204,1,-1.534000,0
2016-04-05,sz.002344,10.2700,10.7500,10.2300,10.7100,10.2700,24795745,260915749.0000,3,2.242187,1,4.284300,0
2016-04-06,sz.002344,10.6500,10.7600,10.5000,10.6600,10.7100,19007695,202192266.0000,3,1.718795,1,-0.466900,0
2016-04-07,sz.002344,10.7000,10.7400,10.4200,10.4900,10.6600,19148148,202396035.0000,3,1.731496,1,-1.594700,0
2016-04-08,sz.002344,10.4000,10.4700,10.2100,10.3700,10.4900,16669529,172100835.0000,3,1.507364,1,-1.143900,0
2016-04-11,sz.002344,10.4400,10.8500,10.4400,10.8500,10.3700,28274785,302722848.0000,3,2.556784,1,4.628700,0
2016-04-12,sz.002344,10.7600,10.8400,10.5500,10.7500,10.8500,17218723,183811844.0000,3,1.557025,1,-0.921700,0
2016-04-13,sz.002344,10.8100,11.0800,10.7600,10.8800,10.7500,27070394,296428464.0000,3,2.447875,1,1.209300,0
2016-04-14,sz.002344,10.9500,10.9700,10.8100,10.9600,10.8800,14281046,155637517.0000,3,1.291382,1,0.735300,0
2016-04-15,sz.002344,10.9700,10.9700,10.7500,10.8200,10.9600,14251489,154495555.0000,3,1.288709,1,-1.277400,0
2016-04-18,sz.002344,10.6700,10.7000,10.5200,10.6200,10.8200,13127390,139236778.0000,3,1.187061,1,-1.848400,0
2016-04-19,sz.002344,10.6600,10.7200,10.5600,10.6300,10.6200,9109712,96799545.0000,3,0.823757,1,0.094200,0
2016-04-20,sz.002344,10.6000,10.7100,9.8000,9.9600,10.6300,23940471,243791632.0000,3,2.164848,1,-6.302900,0
2016-04-21,sz.002344,9.9500,10.0300,9.7400,9.7600,9.9600,12499176,124083578.0000,3,1.130254,1,-2.008000,0
2016-04-22,sz.002344,9.6900,9.8200,9.6400,9.8100,9.7600,7983032,77863153.0000,3,0.721876,1,0.512300,0
2016-04-25,sz.002344,9.7800,9.8500,9.5300,9.7200,9.8100,10022505,97035295.0000,3,0.906298,1,-0.917400,0
2016-04-26,sz.002344,9.7200,9.9000,9.7000,9.9000,9.7200,9151952,89917658.0000,3,0.827577,1,1.851800,0
2016-04-27,sz.002344,9.9200,9.9300,9.8200,9.8300,9.9000,7963219,78658696.0000,3,0.720084,1,-0.707100,0
2016-04-28,sz.002344,9.8300,9.9500,9.6200,9.7800,9.8300,9672077,94508955.0000,3,0.874610,1,-0.508600,0
2016-04-29,sz.002344,9.7600,10.1900,9.6900,10.1500,9.7800,16052255,159111806.0000,3,1.451546,1,3.783200,0
2016-05-03,sz.002344,10.2000,10.3900,9.9800,10.3600,10.1500,22669973,231343881.0000,3,2.049962,1,2.069000,0
2016-05-04,sz.002344,10.2200,10.3200,10.1800,10.2300,10.3600,13014862,133389898.0000,3,1.176886,1,-1.254800,0
2016-05-05,sz.002344,10.2500,10.3600,10.1800,10.3500,10.2300,10897392,112223649.0000,3,0.985411,1,1.173000,0
2016-05-06,sz.002344,10.3800,10.3900,9.8100,9.8200,10.3500,14565098,146708720.0000,3,1.317068,1,-5.120800,0
2016-05-09,sz.002344,9.7400,9.7700,9.4800,9.5500,9.8200,12322941,118388993.0000,3,1.114318,1,-2.749500,0
2016-05-10,sz.002344,9.5500,9.6600,9.5300,9.6000,9.5500,5940775,56939675.0000,3,0.537202,1,0.523600,0
2016-05-11,sz.002344,9.6500,9.7200,9.5700,9.6300,9.6000,6117190,59081028.0000,3,0.553155,1,0.312500,0
2016-05-12,sz.002344,9.5400,9.6400,9.3800,9.6000,9.6300,6100723,58030937.0000,3,0.551666,1,-0.311500,0
2016-05-13,sz.002344,9.5900,9.6800,9.4800,9.5500,9.6000,4346647,41629572.0000,3,0.393051,1,-0.520800,0
2016-05-16,sz.002344,9.5000,9.6400,9.4600,9.6300,9.5500,6210574,59417537.0000,3,0.561599,1,0.837700,0
2016-05-17,sz.002344,9.6600,9.7100,9.5500,9.5900,9.6300,6490861,62509306.0000,3,0.586944,1,-0.415400,0
2016-05-18,sz.002344,9.5900,9.6700,9.4000,9.4800,9.5900,8873476,84547144.0000,3,0.802395,1,-1.147000,0
2016-05-19,sz.002344,9.4600,9.6100,9.4200,9.4400,9.4800,6029157,57368954.0000,3,0.545194,1,-0.421900,0
2016-05-20,sz.002344,9.4000,9.4600,9.2900,9.4400,9.4400,9196137,86151822.0000,3,0.831573,1,0.000000,0
2016-05-23,sz.002344,9.4300,9.5900,9.4300,9.4900,9.4400,7081300,67321948.0000,3,0.640336,1,0.529700,0
2016-05-24,sz.002344,9.5000,9.5400,9.2800,9.3300,9.4900,6891113,64461346.0000,3,0.623138,1,-1.686000,0
2016-05-25,sz.002344,9.4000,9.5000,9.3100,9.3300,9.3300,5737580,53954036.0000,3,0.518828,1,0.000000,0
2016-05-26,sz.002344,9.3300,9.3800,9.1300,9.3300,9.3300,6290820,58137723.0000,3,0.568856,1,0.000000,0
2016-05-27,sz.002344,9.3200,9.3600,9.2500,9.3000,9.3300,4433975,41270190.0000,3,0.400948,1,-0.321500,0
2016-05-30,sz.002344,9.2800,9.3100,9.1600,9.2500,9.3000,3936493,36416518.0000,3,0.355962,1,-0.537600,0
2016-05-31,sz.002344,9.2800,9.6400,9.2600,9.6200,9.2500,12473192,118667557.0000,3,1.127904,1,4.000000,0
2016-06-01,sz.002344,9.6400,9.6800,9.5900,9.6100,9.6200,7704046,74177836.0000,3,0.696648,1,-0.104000,0
2016-06-02,sz.002344,9.6000,9.6600,9.5400,9.6600,9.6100,8534631,82006782.0000,3,0.771755,1,0.520300,0
2016-06-03,sz.002344,9.7700,9.7700,9.6200,9.7000,9.6600,11594796,112322311.0000,3,1.048474,1,0.414100,0
2016-06-06,sz.002344,9.7500,9.8000,9.6000,9.6700,9.7000,8488624,82199411.0000,3,0.767595,1,-0.309300,0
2016-06-07,sz.002344,9.6500,9.6800,9.5500,9.6600,9.6700,6324129,60863420.0000,3,0.571868,1,-0.103400,0
2016-06-08,sz.002344,9.6600,9.6600,9.5300,9.6000,9.6600,6169821,59220474.0000,3,0.557914,1,-0.621100,0
2016-06-13,sz.002344,9.5000,9.5400,9.2300,9.2300,9.6000,8914686,83881794.0000,3,0.806122,1,-3.854200,0
2016-06-14,sz.002344,9.2200,9.2700,9.1500,9.2600,9.2300,6764053,62288607.0000,3,0.611648,1,0.325000,0
2016-06-15,sz.002344,9.1500,9.6000,9.1100,9.4900,9.2600,10209779,96463287.0000,3,0.923232,1,2.483800,0
2016-06-16,sz.002344,9.4800,9.5100,9.3900,9.4300,9.4900,4897478,46309433.0000,3,0.442861,1,-0.632200,0
2016-06-17,sz.002344,9.4500,9.5600,9.4100,9.4400,9.4300,5690220,53999354.0000,3,0.514545,1,0.106000,0
2016-06-20,sz.002344,9.4400,9.4700,9.3100,9.4400,9.4400,4965795,46688084.0000,3,0.449038,1,0.000000,0
2016-06-21,sz.002344,9.4900,9.6700,9.4300,9.4900,9.4400,10610109,101557482.0000,3,0.959433,1,0.529700,0
2016-06-22,sz.002344,9.5300,9.6700,9.4500,9.6500,9.4900,7412200,71128888.0000,3,0.670258,1,1.686000,0
2016-06-23,sz.002344,9.6900,9.6900,9.4700,9.5500,9.6500,5658681,54124076.0000,3,0.511694,1,-1.036300,0
2016-06-24,sz.002344,9.5800,9.6200,9.1500,9.3700,9.5500,7957621,74840246.0000,3,0.719578,1,-1.884800,0
2016-06-27,sz.002344,9.3000,9.5700,9.3000,9.5600,9.3700,6260556,59235464.0000,3,0.566119,1,2.027800,0
2016-06-28,sz.002344,9.4800,9.6500,9.4500,9.6500,9.5600,7611675,72809604.0000,3,0.688296,1,0.941400,0
2016-06-29,sz.002344,9.7000,9.9200,9.6500,9.7900,9.6500,17512596,171535309.0000,3,1.583599,1,1.450800,0
2016-06-30,sz.002344,9.8100,9.8300,9.7100,9.7500,9.7900,6707020,65425306.0000,3,0.606498,1,-0.408600,0
2016-07-01,sz.002344,9.7700,9.8000,9.6700,9.6900,9.7500,5989960,58265402.0000,3,0.541657,1,-0.615400,0
2016-07-04,sz.002344,9.6600,10.0200,9.6500,9.9900,9.6900,14207950,140758517.0000,3,1.284788,1,3.096000,0
2016-07-05,sz.002344,9.9800,10.1000,9.9200,10.0400,9.9900,9656399,96593430.0000,3,0.873203,1,0.500500,0
2016-07-06,sz.002344,10.0000,10.0200,9.9300,9.9800,10.0400,8340696,83122074.0000,3,0.754228,1,-0.597600,0
2016-07-07,sz.002344,9.9800,10.0300,9.8200,9.9400,9.9800,10071802,99830847.0000,3,0.910767,1,-0.400800,0
2016-07-08,sz.002344,9.9400,9.9400,9.8400,9.8600,9.9400,9338171,92205290.0000,3,0.844427,1,-0.804800,0
2016-07-11,sz.002344,9.8700,10.0300,9.8500,9.8600,9.8600,9405645,93532436.0000,3,0.850528,1,0.000000,0
2016-07-12,sz.002344,9.8800,10.1100,9.8200,10.1100,9.8600,12339210,122953777.0000,3,1.115803,1,2.535500,0
2016-07-13,sz.002344,10.1200,10.1900,10.0700,10.1500,10.1100,11486130,116432282.0000,3,1.038661,1,0.395600,0
2016-07-14,sz.002344,10.1500,10.2100,10.0700,10.1400,10.1500,6899842,69848750.0000,3,0.623935,1,-0.098500,0
2016-07-15,sz.002344,10.1400,10.3100,10.0900,10.2500,10.1400,12649673,129217729.0000,3,1.143877,1,1.084800,0
2016-07-18,sz.002344,10.1500,10.2200,10.0900,10.1100,10.2500,6642289,67373374.0000,3,0.600645,1,-1.365900,0
2016-07-19,sz.002344,10.1100,10.2000,10.0600,10.2000,10.1100,6675220,67674385.0000,3,0.603623,1,0.890200,0
2016-07-20,sz.002344,10.1700,10.2100,10.1000,10.1100,10.2000,5899180,59848010.0000,3,0.533448,1,-0.882400,0
2016-07-21,sz.002344,10.1400,10.2000,10.1000,10.1200,10.1100,5986404,60774105.0000,3,0.541335,1,0.098900,0
2016-07-22,sz.002344,10.1000,10.1100,9.9400,9.9400,10.1200,9755517,97629035.0000,3,0.882166,1,-1.778700,0
2016-07-25,sz.002344,9.9000,10.0700,9.8900,9.9500,9.9400,5875524,58598388.0000,3,0.531308,1,0.100600,0
2016-07-26,sz.002344,9.9300,10.1200,9.9300,10.1100,9.9500,7208628,72523845.0000,3,0.651858,1,1.608000,0
2016-07-27,sz.002344,10.1200,10.1400,9.6400,9.7200,10.1100,12982490,128299120.0000,3,1.173973,1,-3.857600,0
2016-07-28,sz.002344,9.7000,9.8200,9.6400,9.8000,9.7200,8039687,78305969.0000,3,0.727008,1,0.823000,0
2016-07-29,sz.002344,9.7800,9.8200,9.6200,9.6200,9.8000,6528075,63293193.0000,3,0.590317,1,-1.836700,0
2016-08-01,sz.002344,9.5800,9.6400,9.4200,9.5300,9.6200,6345620,60391724.0000,3,0.573818,1,-0.935600,0
2016-08-02,sz.002344,9.5200,9.6200,9.5200,9.6000,9.5300,3805207,36433474.0000,3,0.344095,1,0.734500,0
2016-08-03,sz.002344,9.5900,9.6300,9.5300,9.5800,9.6000,4179909,40115448.0000,3,0.377978,1,-0.208300,0
2016-08-04,sz.002344,9.5600,9.6500,9.5000,9.6300,9.5800,4820296,46152219.0000,3,0.435887,1,0.521900,0
2016-08-05,sz.002344,9.6200,9.8000,9.6000,9.7100,9.6300,6999371,67891419.0000,3,0.632935,1,0.830700,0
2016-08-08,sz.002344,9.9800,10.1600,9.9200,10.0700,9.7100,22150677,222641750.0000,3,2.003028,1,3.707500,0
2016-08-09,sz.002344,9.9900,10.1000,9.9500,10.1000,10.0700,12012419,120462024.0000,3,1.086252,1,0.297900,0
2016-08-10,sz.002344,10.1400,10.3900,10.0800,10.0800,10.1000,19320347,197366275.0000,3,1.747089,1,-0.198000,0
2016-08-11,sz.002344,10.0500,10.0900,9.8400,9.8400,10.0800,10342087,103018137.0000,3,0.935208,1,-2.381000,0
2016-08-12,sz.002344,9.8700,10.1500,9.8500,10.0800,9.8400,9840839,98245375.0000,3,0.889882,1,2.439000,0
2016-08-15,sz.002344,10.0900,10.3300,10.0700,10.3100,10.0800,24775022,253131273.0000,3,2.240341,1,2.281800,0
2016-08-16,sz.002344,10.3000,10.4300,10.2300,10.2800,10.3100,17539143,181448469.0000,3,1.586019,1,-0.291000,0
2016-08-17,sz.002344,10.2400,10.4800,10.2200,10.3600,10.2800,12670500,130844509.0000,3,1.145761,1,0.778200,0
2016-08-18,sz.002344,10.3200,10.5700,10.3200,10.4300,10.3600,16818586,175632365.0000,3,1.520861,1,0.675700,0
2016-08-19,sz.002344,10.4200,10.4400,10.2600,10.3500,10.4300,10169279,105141689.0000,3,0.919582,1,-0.767000,0
2016-08-22,sz.002344,10.3800,10.5100,10.1800,10.1800,10.3500,14001759,144931701.0000,3,1.266143,1,-1.642500,0
2016-08-23,sz.002344,10.1800,10.3400,10.1500,10.2300,10.1500,9700338,99424891.0000,3,0.877176,1,0.788200,0
2016-08-24,sz.002344,10.2300,10.2600,10.1500,10.1600,10.2300,7344578,74876642.0000,3,0.664151,1,-0.684300,0
2016-08-25,sz.002344,10.1200,10.1400,10.0100,10.1000,10.1600,7280608,73343317.0000,3,0.658367,1,-0.590500,0
2016-08-26,sz.002344,10.1000,10.2500,10.1000,10.1400,10.1000,6398955,65125249.0000,3,0.578641,1,0.396000,0
2016-08-29,sz.002344,10.1200,10.3100,10.1100,10.3100,10.1400,8182213,83570273.0000,3,0.739896,1,1.676500,0
2016-08-30,sz.002344,10.3000,10.3400,10.1900,10.2400,10.3100,7247930,74456452.0000,3,0.655412,1,-0.679000,0
2016-08-31,sz.002344,10.2300,10.4500,10.2100,10.4400,10.2400,14913235,154637708.0000,3,1.348565,1,1.953100,0
2016-09-01,sz.002344,10.4100,10.7700,10.3300,10.5400,10.4400,27226239,288241136.0000,3,2.461998,1,0.957900,0
2016-09-02,sz.002344,10.5700,10.7400,10.3800,10.5000,10.5400,17908054,188610168.0000,3,1.619379,1,-0.379500,0
2016-09-05,sz.002344,10.5200,10.5500,10.3400,10.3800,10.5000,11318830,117993386.0000,3,1.023532,1,-1.142856,0
2016-09-06,sz.002344,10.3600,10.4700,10.2300,10.4700,10.3800,11876699,122896234.0000,3,1.073979,1,0.867054,0
2016-09-07,sz.002344,10.4800,10.7600,10.4000,10.6700,10.4700,23027985,244279843.0000,3,2.082361,1,1.910218,0
2016-09-08,sz.002344,10.6200,10.8600,10.6100,10.7700,10.6700,21656278,232602784.0000,3,1.958321,1,0.937211,0
2016-09-09,sz.002344,10.7100,10.7600,10.5500,10.5600,10.7700,11805812,125628624.0000,3,1.067569,1,-1.949861,0
2016-09-12,sz.002344,10.3300,10.3900,10.1400,10.1500,10.5600,14669881,150720710.0000,3,1.326559,1,-3.882583,0
2016-09-13,sz.002344,10.2400,10.3000,10.1000,10.2700,10.1500,11581443,118210543.0000,3,1.047280,1,1.182274,0
2016-09-14,sz.002344,10.1700,10.2800,10.1200,10.1400,10.2700,9816464,99896131.0000,3,0.887677,1,-1.265824,0
2016-09-19,sz.002344,10.1500,10.2700,10.1500,10.2600,10.1400,7435561,75961847.0000,3,0.672379,1,1.183431,0
2016-09-20,sz.002344,10.3000,10.3300,10.2200,10.2700,10.2600,6385479,65487575.0000,3,0.577422,1,0.097468,0
2016-09-21,sz.002344,10.2700,10.3000,10.1600,10.2800,10.2700,8538919,87341709.0000,3,0.772152,1,0.097364,0
2016-09-22,sz.002344,10.3400,10.5200,10.2800,10.4700,10.2800,14461226,150493250.0000,3,1.307691,1,1.848254,0
2016-09-23,sz.002344,10.4900,10.5200,10.3200,10.3300,10.4700,10631051,110343446.0000,3,0.961338,1,-1.337157,0
2016-09-26,sz.002344,10.3600,10.3600,10.0200,10.0300,10.3300,11857428,120567226.0000,3,1.072237,1,-2.904164,0
2016-09-27,sz.002344,10.0300,10.1500,9.9500,10.1400,10.0300,8862067,88890008.0000,3,0.801374,1,1.096716,0
2016-09-28,sz.002344,10.1700,10.2200,10.0900,10.1600,10.1400,5958687,60502062.0000,3,0.538829,1,0.197234,0
2016-09-29,sz.002344,10.1700,10.2500,10.1200,10.1800,10.1600,6568505,66861667.0000,3,0.593973,1,0.196855,0
2016-09-30,sz.002344,10.1600,10.2200,10.1500,10.1900,10.1800,4471126,45557089.0000,3,0.404312,1,0.098225,0
2016-10-10,sz.002344,10.2900,10.4400,10.2000,10.4400,10.1900,11211993,116042219.0000,3,1.013871,1,2.453386,0
2016-10-11,sz.002344,10.4500,10.6800,10.3900,10.6200,10.4400,18388497,194680807.0000,3,1.662824,1,1.724141,0
2016-10-12,sz.002344,10.5900,10.6400,10.5000,10.5800,10.6200,9610440,101537579.0000,3,0.869047,1,-0.376648,0
2016-10-13,sz.002344,10.5700,10.7300,10.5600,10.6600,10.5800,14769472,157366894.0000,3,1.335565,1,0.756143,0
2016-10-14,sz.002344,10.6200,10.6700,10.4300,10.5600,10.6600,8835452,93073239.0000,3,0.798967,1,-0.938081,0
2016-10-17,sz.002344,10.5600,10.9400,10.5400,10.6600,10.5600,19996248,214770805.0000,3,1.808209,1,0.946964,0
2016-10-18,sz.002344,10.7500,10.8400,10.5700,10.8100,10.6600,14162894,152149899.0000,3,1.280714,1,1.407135,0
2016-10-19,sz.002344,10.8800,10.9200,10.7100,10.7500,10.8100,15444766,167132125.0000,3,1.396630,1,-0.555045,0
2016-10-20,sz.002344,10.7500,10.8000,10.6800,10.7700,10.7500,9568185,102683372.0000,3,0.865226,1,0.186051,0
2016-10-21,sz.002344,10.8000,11.0500,10.7600,10.9200,10.7700,19962986,218012611.0000,3,1.805201,1,1.392754,0
2016-10-24,sz.002344,11.0000,11.0800,10.8500,10.9200,10.9200,17131334,188036482.0000,3,1.549142,1,0.000000,0
2016-10-25,sz.002344,10.9200,10.9400,10.7900,10.8700,10.9200,10288626,111517984.0000,3,0.930374,1,-0.457877,0
2016-10-26,sz.002344,10.8800,10.9600,10.7900,10.8900,10.8700,8750545,95068176.0000,3,0.791289,1,0.183997,0
2016-10-27,sz.002344,10.8600,10.8900,10.7100,10.7800,10.8900,8451430,91192237.0000,3,0.764241,1,-1.010107,0
2016-10-28,sz.002344,10.7600,10.8200,10.6400,10.6500,10.7800,7424815,79663985.0000,3,0.671407,1,-1.205938,0
2016-10-31,sz.002344,10.6400,10.7700,10.6100,10.7600,10.6500,6873820,73542944.0000,3,0.621582,1,1.032870,0
2016-11-01,sz.002344,10.7600,10.8600,10.7200,10.8300,10.7600,8491502,91707090.0000,3,0.767865,1,0.650555,0
2016-11-02,sz.002344,10.8300,10.8700,10.6200,10.6200,10.8300,7726001,82919884.0000,3,0.698642,1,-1.939059,0
2016-11-03,sz.002344,10.6200,11.0500,10.6000,10.9000,10.6200,15098763,163550678.0000,3,1.365342,1,2.636532,0
2016-11-04,sz.002344,10.8900,10.9300,10.7400,10.7600,10.9000,10036730,108583249.0000,3,0.907596,1,-1.284398,0
2016-11-07,sz.002344,10.7300,10.9100,10.7300,10.9100,10.7600,12862068,139401278.0000,3,1.163083,1,1.394048,0
2016-11-08,sz.002344,10.9800,12.0000,10.9400,12.0000,10.9100,44928504,518816304.0000,3,4.062768,1,9.990836,0
2016-11-09,sz.002344,12.2000,12.8700,12.0100,12.4500,12.0000,90983475,1128410880.0000,3,8.227400,1,3.749998,0
2016-11-10,sz.002344,12.4000,12.7000,12.3300,12.4500,12.4500,48657728,607071568.0000,3,4.399992,1,0.000000,0
2016-11-11,sz.002344,12.4200,12.4800,12.2100,12.3800,12.4500,28881933,355809104.0000,3,2.611718,1,-0.562247,0
2016-11-14,sz.002344,12.3100,12.6400,12.1700,12.6000,12.3800,41560457,516360800.0000,3,3.758204,1,1.777062,0
2016-11-15,sz.002344,12.5600,12.6900,12.2000,12.2500,12.6000,25396702,313990080.0000,3,2.296558,1,-2.777781,0
2016-11-16,sz.002344,12.2500,12.5500,12.2000,12.3100,12.2500,25824196,320203248.0000,3,2.335215,1,0.489799,0
2016-11-17,sz.002344,12.4200,12.7900,12.3300,12.4500,12.3100,22408949,281490704.0000,3,2.026383,1,1.137282,0
2016-11-18,sz.002344,12.5000,13.3000,12.3400,12.9000,12.4500,35152058,448792208.0000,3,3.178710,1,3.614456,0
2016-11-21,sz.002344,12.8100,13.1800,12.7000,12.7900,12.9000,24598487,317347152.0000,3,2.224377,1,-0.852711,0
2016-11-22,sz.002344,12.7200,13.0800,12.6700,12.8300,12.7900,18300935,234584577.0000,3,1.654906,1,0.312744,0
2016-11-23,sz.002344,12.8300,12.9300,12.3200,12.4100,12.8300,19749007,247798236.0000,3,1.785852,1,-3.273578,0
2016-11-24,sz.002344,12.3300,12.6200,12.2500,12.5200,12.4100,14278312,177813490.0000,3,1.291151,1,0.886387,0
2016-11-25,sz.002344,12.4600,12.5400,12.0100,12.3800,12.5200,13453258,165166279.0000,3,1.216543,1,-1.118214,0
2016-11-28,sz.002344,12.4500,12.5200,12.1700,12.1900,12.3800,11143040,137238545.0000,3,1.007636,1,-1.534738,0
2016-11-29,sz.002344,12.1600,12.3300,12.1300,12.2300,12.1900,10487394,128020543.0000,3,0.948348,1,0.328138,0
2016-11-30,sz.002344,12.2100,12.2300,11.7600,11.8100,12.2300,17646793,211096650.0000,3,1.595754,1,-3.434171,0
2016-12-01,sz.002344,11.8100,11.9700,11.7600,11.9000,11.8100,10414207,123430459.0000,3,0.941730,1,0.762059,0
2016-12-02,sz.002344,11.8800,11.9400,11.5300,11.6600,11.9000,10620871,124324176.0000,3,0.960418,1,-2.016805,0
2016-12-05,sz.002344,11.4800,11.7000,11.1800,11.2700,11.6600,19865660,225853372.0000,3,1.796400,1,-3.344763,0
2016-12-06,sz.002344,11.3400,11.3600,11.2400,11.2700,11.2700,9317503,105140037.0000,3,0.842558,1,0.000000,0
2016-12-07,sz.002344,11.3000,11.7500,11.2500,11.6400,11.2700,17707914,203996778.0000,3,1.601281,1,3.283051,0
2016-12-08,sz.002344,11.6600,11.6900,11.4400,11.5400,11.6400,9623292,110919837.0000,3,0.870209,1,-0.859110,0
2016-12-09,sz.002344,11.4800,11.7800,11.4400,11.5500,11.5400,11509010,133458821.0000,3,1.040730,1,0.086657,0
2016-12-12,sz.002344,11.5500,11.5700,10.9100,10.9500,11.5500,16245303,181526907.0000,3,1.469021,1,-5.194808,0
2016-12-13,sz.002344,10.8600,11.0600,10.7300,11.0000,10.9500,11493733,125092556.0000,3,1.039349,1,0.456623,0
2016-12-14,sz.002344,10.9500,11.1600,10.9100,10.9100,11.0000,9043739,99631598.0000,3,0.817802,1,-0.818183,0
2016-12-15,sz.002344,10.8500,11.3300,10.8500,11.3200,10.9100,14015225,156629464.0000,3,1.267361,1,3.758019,0
2016-12-16,sz.002344,11.3100,11.5800,11.2300,11.4300,11.3200,13835609,158435157.0000,3,1.251118,1,0.971737,0
2016-12-19,sz.002344,11.4300,11.4900,11.1700,11.2500,11.4300,10649846,120040464.0000,3,0.963038,1,-1.574806,0
2016-12-20,sz.002344,11.2700,11.4400,11.2300,11.3400,11.2500,8128027,92044897.0000,3,0.734996,1,0.800001,0
2016-12-21,sz.002344,11.3400,11.4800,11.3200,11.4000,11.3400,8192357,93369543.0000,3,0.740814,1,0.529096,0
2016-12-22,sz.002344,11.5500,11.6000,11.2600,11.3600,11.4000,7587361,86486049.0000,3,0.686105,1,-0.350877,0
2016-12-23,sz.002344,11.3100,11.3300,11.0500,11.0500,11.3600,7684817,85733804.0000,3,0.694918,1,-2.728869,0
2016-12-26,sz.002344,11.0100,11.2200,11.0100,11.2000,11.0500,7588122,84378646.0000,3,0.686174,1,1.357463,0
2016-12-27,sz.002344,11.2000,11.2700,11.1200,11.2000,11.2000,5905011,66133906.0000,3,0.533975,1,0.000000,0
2016-12-28,sz.002344,11.2100,11.3300,11.1700,11.2000,11.2000,6517877,73345517.0000,3,0.589395,1,0.000000,0
2016-12-29,sz.002344,11.2000,11.5500,11.1500,11.3400,11.2000,12871214,146773944.0000,3,1.163911,1,1.250003,0
2016-12-30,sz.002344,11.3900,11.4900,11.2000,11.3200,11.3400,9272127,105133981.0000,3,0.838454,1,-0.176371,0
2017-01-03,sz.002344,11.3500,11.4800,11.3100,11.4100,11.3200,7337201,83524713.0000,3,0.663484,1,0.795054,0
2017-01-04,sz.002344,11.4100,11.6700,11.3600,11.6200,11.4100,10464852,120125752.0000,3,0.946309,1,1.840491,0
2017-01-05,sz.002344,11.5600,11.6500,11.4800,11.4900,11.6200,9519322,109803773.0000,3,0.860808,1,-1.118762,0
2017-01-06,sz.002344,11.4800,11.4800,11.2100,11.2800,11.4900,11872442,134260273.0000,3,1.073594,1,-1.827677,0
2017-01-09,sz.002344,11.3000,11.3100,11.1500,11.2000,11.2800,11368224,127362501.0000,3,1.027999,1,-0.709219,0
2017-01-10,sz.002344,11.2000,11.3200,11.1800,11.2300,11.2000,8581436,96584380.0000,3,0.775997,1,0.267855,0
2017-01-11,sz.002344,11.2300,11.2600,11.0400,11.0700,11.2300,8722039,97008709.0000,3,0.788711,1,-1.424754,0
2017-01-12,sz.002344,11.0700,11.1200,10.8500,10.8800,11.0700,8312490,91246853.0000,3,0.751677,1,-1.716347,0
2017-01-13,sz.002344,10.8800,10.9600,10.6800,10.6800,10.8800,6386532,69147360.0000,3,0.577518,1,-1.838233,0
2017-01-16,sz.002344,10.6600,10.6800,9.9200,10.1800,10.6800,11899892,122822053.0000,3,1.076076,1,-4.681648,0
2017-01-17,sz.002344,10.2000,10.3600,10.1100,10.3400,10.1800,6696920,68718732.0000,3,0.605585,1,1.571708,0
2017-01-18,sz.002344,10.3400,10.3500,10.2000,10.2100,10.3400,3906517,40168129.0000,3,0.353256,1,-1.257254,0
2017-01-19,sz.002344,10.2200,10.2800,10.1000,10.2000,10.2100,4757960,48510706.0000,3,0.430250,1,-0.097945,0
2017-01-20,sz.002344,10.2200,10.5000,10.1900,10.3500,10.2000,6334457,65725930.0000,3,0.572809,1,1.470594,0
2017-01-23,sz.002344,10.3600,10.4300,10.3300,10.3900,10.3500,6553778,68043929.0000,3,0.592641,1,0.386473,0
2017-01-24,sz.002344,10.4000,10.4000,10.2800,10.2800,10.3900,4422873,45698691.0000,3,0.399949,1,-1.058716,0
2017-01-25,sz.002344,10.2900,10.3900,10.2900,10.3800,10.2800,3275175,33921630.0000,3,0.296166,1,0.972766,0
2017-01-26,sz.002344,10.3700,10.4800,10.3700,10.4200,10.3800,4713038,49147271.0000,3,0.426188,1,0.385356,0
2017-02-03,sz.002344,10.4100,10.5100,10.4000,10.4100,10.4200,3843471,40102143.0000,3,0.347555,1,-0.095971,0
2017-02-06,sz.002344,10.4100,10.5300,10.4000,10.5300,10.4100,3741844,39248823.0000,3,0.338365,1,1.152737,0
2017-02-07,sz.002344,10.5200,10.5300,10.3700,10.4300,10.5300,5407827,56437861.0000,3,0.489016,1,-0.949662,0
2017-02-08,sz.002344,10.4400,10.4800,10.3100,10.4700,10.4300,4866331,50615750.0000,3,0.440050,1,0.383509,0
2017-02-09,sz.002344,10.4800,10.5900,10.4400,10.5700,10.4700,7225169,76106409.0000,3,0.653353,1,0.955104,0
2017-02-10,sz.002344,10.5700,10.6300,10.5200,10.5800,10.5700,6597891,69820206.0000,3,0.596630,1,0.094610,0
2017-02-13,sz.002344,10.5800,10.7300,10.5400,10.6800,10.5800,6162446,65625755.0000,3,0.557254,1,0.945183,0
2017-02-14,sz.002344,10.7000,10.7400,10.5800,10.6100,10.6800,5318066,56518782.0000,3,0.480899,1,-0.655437,0
2017-02-15,sz.002344,10.6100,10.6600,10.4800,10.5000,10.6100,6590464,69696912.0000,3,0.595959,1,-1.036754,0
2017-02-16,sz.002344,10.4900,10.5900,10.4800,10.5300,10.5000,5322224,56051644.0000,3,0.481275,1,0.285712,0
2017-02-17,sz.002344,10.5300,10.5900,10.4200,10.4400,10.5300,6108861,64118172.0000,3,0.552408,1,-0.854702,0
2017-02-20,sz.002344,10.4500,10.5900,10.4500,10.5900,10.4400,5758922,60628522.0000,3,0.520764,1,1.436787,0
2017-02-21,sz.002344,10.6100,10.8200,10.5800,10.7400,10.5900,8736608,93569698.0000,3,0.790029,1,1.416427,0
2017-02-22,sz.002344,10.7400,10.9400,10.6800,10.8800,10.7400,11647074,126162694.0000,3,1.053215,1,1.303541,0
2017-02-23,sz.002344,10.8800,10.8800,10.7000,10.8100,10.8800,7393321,79744547.0000,3,0.668559,1,-0.643379,0
2017-02-24,sz.002344,10.8100,10.9400,10.7600,10.8800,10.8100,6252824,67862654.0000,3,0.565427,1,0.647546,0
2017-02-27,sz.002344,10.8700,10.9300,10.7200,10.7500,10.8800,6500825,70536364.0000,3,0.587853,1,-1.194854,0
2017-02-28,sz.002344,10.7500,10.7900,10.6500,10.7300,10.7500,7042566,75393921.0000,3,0.636841,1,-0.186051,0
2017-03-01,sz.002344,10.7300,10.7700,10.6900,10.7100,10.7300,4988531,53535387.0000,3,0.451100,1,-0.186389,0
2017-03-02,sz.002344,10.7200,10.8300,10.7100,10.7300,10.7100,6797586,73265997.0000,3,0.614688,1,0.186737,0
2017-03-03,sz.002344,10.7400,10.8500,10.6900,10.8200,10.7300,6161079,66351851.0000,3,0.557130,1,0.838771,0
2017-03-06,sz.002344,10.8200,10.9300,10.7800,10.8900,10.8200,4968007,54038661.0000,3,0.449244,1,0.646956,0
2017-03-07,sz.002344,10.8600,10.9200,10.7900,10.8500,10.8900,5041802,54665946.0000,3,0.455917,1,-0.367309,0
2017-03-08,sz.002344,10.8200,10.8700,10.7000,10.7400,10.8500,5773498,62206534.0000,3,0.522082,1,-1.013831,0
2017-03-09,sz.002344,10.7200,10.7400,10.5800,10.6300,10.7400,4869250,51856711.0000,3,0.440314,1,-1.024205,0
2017-03-10,sz.002344,10.6200,10.6800,10.5700,10.5800,10.6300,3717081,39520124.0000,3,0.336126,1,-0.470369,0
2017-03-13,sz.002344,10.5800,10.6500,10.4300,10.6300,10.5800,4453611,47103060.0000,3,0.402729,1,0.472592,0
2017-03-14,sz.002344,10.6300,10.6900,10.6000,10.6200,10.6300,3433451,36549895.0000,3,0.310478,1,-0.094076,0
2017-03-15,sz.002344,10.5900,10.6600,10.5400,10.6400,10.6200,3518809,37296502.0000,3,0.318197,1,0.188328,0
2017-03-16,sz.002344,10.6500,10.7500,10.6500,10.7200,10.6400,6065125,64931839.0000,3,0.548454,1,0.751879,0
2017-03-17,sz.002344,10.7400,10.7600,10.5300,10.5300,10.7200,6800913,72491972.0000,3,0.614989,1,-1.772393,0
2017-03-20,sz.002344,10.5100,10.5800,10.4800,10.5800,10.5300,5246034,55205304.0000,3,0.474385,1,0.474836,0
2017-03-21,sz.002344,10.5600,10.5700,10.4900,10.5400,10.5800,3672027,38698838.0000,3,0.332052,1,-0.378072,0
2017-03-22,sz.002344,10.4900,10.5100,10.3300,10.3500,10.5400,7606013,79111090.0000,3,0.687792,1,-1.802652,0
2017-03-23,sz.002344,10.3500,10.4500,10.2900,10.4100,10.3500,5792801,60153379.0000,3,0.523828,1,0.579705,0
2017-03-24,sz.002344,10.4000,10.4700,10.3500,10.4400,10.4100,4047929,42167469.0000,3,0.366044,1,0.288182,0
2017-03-27,sz.002344,10.4400,10.5000,10.4100,10.4900,10.4400,3760824,39323689.0000,3,0.340082,1,0.478929,0
2017-03-28,sz.002344,10.4900,10.4900,10.3700,10.4000,10.4900,3885057,40452271.0000,3,0.351316,1,-0.857962,0
2017-03-29,sz.002344,10.4000,10.4200,10.2800,10.2900,10.4000,4310510,44576806.0000,3,0.389788,1,-1.057689,0
2017-03-30,sz.002344,10.3000,10.3400,10.1000,10.1100,10.2900,7069606,72021908.0000,3,0.639286,1,-1.749274,0
2017-03-31,sz.002344,10.1100,10.2000,9.9900,10.1800,10.1100,4858528,49197838.0000,3,0.439344,1,0.692390,0
2017-04-05,sz.002344,10.3900,10.6400,10.3000,10.4800,10.1800,9257954,97055647.0000,3,0.837173,1,2.946947,0
2017-04-06,sz.002344,10.4700,10.8900,10.4000,10.7200,10.4800,15622902,167245291.0000,3,1.412739,1,2.290083,0
2017-04-07,sz.002344,10.6300,10.6800,10.5000,10.5600,10.7200,10486104,110734567.0000,3,0.948231,1,-1.492536,0
2017-04-10,sz.002344,10.5500,10.6800,10.5000,10.5500,10.5600,7868938,83112884.0000,3,0.711568,1,-0.094699,0
2017-04-11,sz.002344,10.5600,10.5800,10.3500,10.5300,10.5500,9790045,102503296.0000,3,0.885288,1,-0.189578,0
2017-04-12,sz.002344,10.5000,10.7400,10.4600,10.6400,10.5300,12585731,134039781.0000,3,1.138095,1,1.044640,0
2017-04-13,sz.002344,10.6400,10.7700,10.5300,10.5900,10.6400,7425647,78877777.0000,3,0.671482,1,-0.469927,0
2017-04-14,sz.002344,10.5400,10.5800,10.3000,10.3500,10.5900,7516393,78337010.0000,3,0.679688,1,-2.266287,0
2017-04-17,sz.002344,10.3700,10.3800,10.1900,10.2500,10.3500,5360130,54966582.0000,3,0.484703,1,-0.966187,0
2017-04-18,sz.002344,10.2500,10.2900,10.0900,10.0900,10.2500,4995300,50987987.0000,3,0.451712,1,-1.560974,0
2017-04-19,sz.002344,10.0500,10.1000,9.9200,10.0300,10.0900,6018840,60152934.0000,3,0.544268,1,-0.594652,0
2017-04-20,sz.002344,10.0300,10.0800,9.9700,10.0100,10.0300,3780657,37875150.0000,3,0.341875,1,-0.199397,0
2017-04-21,sz.002344,10.0100,10.1100,9.9800,10.0500,10.0100,3989434,40005209.0000,3,0.360754,1,0.399600,0
2017-04-24,sz.002344,10.0500,10.0500,9.7400,9.7900,10.0500,5981053,58935201.0000,3,0.540851,1,-2.587067,0
2017-04-25,sz.002344,9.8000,9.8800,9.7500,9.7800,9.7900,4985112,48785180.0000,3,0.450791,1,-0.102147,0
2017-04-26,sz.002344,9.7900,9.8100,9.4900,9.5500,9.7800,6930573,66963468.0000,3,0.626714,1,-2.351734,0
2017-04-27,sz.002344,9.3000,9.3200,8.9500,9.1600,9.5500,17942520,163553411.0000,3,1.622496,1,-4.083773,0
2017-04-28,sz.002344,9.1300,9.1500,9.0000,9.0800,9.1600,7149294,64878197.0000,3,0.646492,1,-0.873362,0
2017-05-02,sz.002344,9.1000,9.1200,9.0300,9.0700,9.0800,4214758,38278222.0000,3,0.381130,1,-0.110135,0
2017-05-03,sz.002344,9.0800,9.1100,9.0300,9.0600,9.0700,4035522,36600406.0000,3,0.364922,1,-0.110246,0
2017-05-04,sz.002344,9.0700,9.1200,9.0000,9.0200,9.0600,4883473,44259832.0000,3,0.441600,1,-0.441501,0
2017-05-05,sz.002344,9.0000,9.0300,8.8300,8.8400,9.0200,7601362,67786308.0000,3,0.687371,1,-1.995569,0
2017-05-08,sz.002344,8.8500,8.8700,8.7300,8.7400,8.8400,5311610,46734056.0000,3,0.480315,1,-1.131226,0
2017-05-09,sz.002344,8.7500,8.9000,8.7100,8.8500,8.7400,4822802,42523195.0000,3,0.436113,1,1.258588,0
2017-05-10,sz.002344,8.8700,8.8800,8.4300,8.5000,8.8500,7668721,66600821.0000,3,0.693463,1,-3.954807,0
2017-05-11,sz.002344,8.4900,8.4900,8.1500,8.3200,8.5000,10079118,83815773.0000,3,0.911429,1,-2.117651,0
2017-05-12,sz.002344,8.3400,8.3400,8.1700,8.2500,8.3200,5366978,44316659.0000,3,0.485322,1,-0.841342,0
2017-05-15,sz.002344,8.3300,8.4900,8.3100,8.3200,8.2500,5546316,46407229.0000,3,0.501539,1,0.848481,0
2017-05-16,sz.002344,8.3100,8.4700,8.1900,8.4600,8.3200,5876137,48946772.0000,3,0.531364,1,1.682696,0
2017-05-17,sz.002344,8.4300,8.5100,8.4100,8.4500,8.4600,5368168,45447192.0000,3,0.485430,1,-0.118206,0
2017-05-18,sz.002344,8.3700,8.4500,8.3500,8.3800,8.4500,3804259,31971735.0000,3,0.344009,1,-0.828399,0
2017-05-19,sz.002344,8.4000,8.4300,8.2900,8.3800,8.3800,4211006,35217865.0000,3,0.380790,1,0.000000,0
2017-05-22,sz.002344,8.3600,8.4300,8.2200,8.2600,8.3800,4798088,39957483.0000,3,0.433879,1,-1.431980,0
2017-05-23,sz.002344,8.2500,8.3000,8.0700,8.1000,8.2600,6017531,49193239.0000,3,0.544150,1,-1.937044,0
2017-05-24,sz.002344,8.0300,8.1400,7.9400,8.1300,8.1000,4560695,36729889.0000,3,0.412412,1,0.370367,0
2017-05-25,sz.002344,8.1300,8.2900,8.0500,8.2400,8.1300,5695063,46628671.0000,3,0.514990,1,1.353009,0
2017-05-26,sz.002344,8.2400,8.2800,8.2000,8.2200,8.2400,3736956,30797838.0000,3,0.337923,1,-0.242712,0
2017-05-31,sz.002344,8.3300,8.4300,8.2600,8.2700,8.2200,5059615,42227269.0000,3,0.457528,1,0.608275,0
2017-06-01,sz.002344,8.2500,8.2600,8.1200,8.1200,8.2700,4434883,36291889.0000,3,0.401035,1,-1.813792,0
2017-06-02,sz.002344,8.1000,8.3300,8.0400,8.2600,8.1200,4838248,39652877.0000,3,0.437510,1,1.724142,0
2017-06-05,sz.002344,8.3000,8.3400,8.2500,8.2700,8.2600,2834392,23495798.0000,3,0.256307,1,0.121068,0
2017-06-06,sz.002344,8.2800,8.3400,8.2400,8.3400,8.2700,2741342,22754243.0000,3,0.247892,1,0.846429,0
2017-06-07,sz.002344,8.3700,8.4900,8.3400,8.4800,8.3400,6155670,51880728.0000,3,0.556641,1,1.678650,0
2017-06-08,sz.002344,8.4800,8.4800,8.3900,8.4000,8.4800,4920116,41432737.0000,3,0.444913,1,-0.943395,0
2017-06-09,sz.002344,8.4100,8.4300,8.3300,8.4100,8.4000,4081008,34231068.0000,3,0.369035,1,0.119050,0
2017-06-12,sz.002344,8.3800,8.3800,8.2500,8.2600,8.4100,2850505,23728825.0000,3,0.257764,1,-1.783587,0
2017-06-13,sz.002344,8.2500,8.3800,8.2300,8.3700,8.2600,3599199,29966975.0000,3,0.325466,1,1.331715,0
2017-06-14,sz.002344,8.3400,8.3800,8.3100,8.3600,8.3700,2981803,24899198.0000,3,0.269637,1,-0.119477,0
2017-06-15,sz.002344,8.3600,8.4800,8.3400,8.4700,8.3600,5433378,45830079.0000,3,0.491326,1,1.315797,0
2017-06-16,sz.002344,8.5000,8.5000,8.4100,8.4200,8.4700,3298702,27855763.0000,3,0.298293,1,-0.590321,0
2017-06-19,sz.002344,8.4300,8.5300,8.4300,8.4900,8.4200,4482007,37986411.0000,3,0.405296,1,0.831350,0
2017-06-20,sz.002344,8.4700,8.5400,8.4500,8.4600,8.4900,3835515,32571860.0000,3,0.346836,1,-0.353354,0
2017-06-21,sz.002344,8.5000,8.5100,8.4000,8.4400,8.4600,3417358,28868854.0000,3,0.309023,1,-0.236412,0
2017-06-22,sz.002344,8.4300,8.4600,8.3300,8.3400,8.4400,4189802,35273888.0000,3,0.378873,1,-1.184827,0
2017-06-23,sz.002344,8.3400,8.3800,8.1900,8.3000,8.3400,4638785,38395953.0000,3,0.419473,1,-0.479616,0
2017-06-26,sz.002344,8.3000,8.3900,8.2300,8.3900,8.3000,4482131,37361782.0000,3,0.405307,1,1.084339,0
2017-06-27,sz.002344,8.3900,8.4200,8.3600,8.4200,8.3900,3541098,29734724.0000,3,0.320212,1,0.357565,0
2017-06-28,sz.002344,8.4100,8.4100,8.3000,8.3200,8.4200,3321327,27713232.0000,3,0.300339,1,-1.187653,0
2017-06-29,sz.002344,8.3100,8.3800,8.2900,8.3400,8.2700,2420775,20163414.0000,3,0.218904,1,0.846429,0
2017-06-30,sz.002344,8.3100,8.3400,8.2700,8.3200,8.3400,2785992,23154684.0000,3,0.252422,1,-0.239814,0
2017-07-03,sz.002344,8.3500,8.4400,8.2900,8.4300,8.3200,5140260,43030631.0000,3,0.465729,1,1.322123,0
2017-07-04,sz.002344,8.4000,8.4300,8.3100,8.3700,8.4300,3818363,31948837.0000,3,0.345959,1,-0.711749,0
2017-07-05,sz.002344,8.3400,8.4100,8.3400,8.4000,8.3700,3965533,33225114.0000,3,0.359293,1,0.358420,0
2017-07-06,sz.002344,8.4100,8.4500,8.3400,8.4000,8.4000,4944104,41548936.0000,3,0.447956,1,0.000000,0
2017-07-07,sz.002344,8.3800,8.4500,8.3600,8.4400,8.4000,4387545,36885113.0000,3,0.397529,1,0.476190,0
2017-07-10,sz.002344,8.4200,8.5100,8.4100,8.4300,8.4400,5257965,44449481.0000,3,0.476393,1,-0.118475,0
2017-07-11,sz.002344,8.4400,8.5200,8.4200,8.4600,8.4300,6661838,56480736.0000,3,0.603590,1,0.355869,0
2017-07-12,sz.002344,8.4600,8.5000,8.2800,8.3500,8.4600,6443326,53856449.0000,3,0.583792,1,-1.300232,0
2017-07-13,sz.002344,8.3300,8.4200,8.3100,8.4200,8.3500,3623152,30309365.0000,3,0.328272,1,0.838320,0
2017-07-14,sz.002344,8.4400,8.4400,8.3400,8.3700,8.4200,3388327,28356639.0000,3,0.306996,1,-0.593827,0
2017-07-17,sz.002344,8.3700,8.3900,7.8200,7.8600,8.3700,8514122,68700252.0000,3,0.771414,1,-6.093187,0
2017-07-18,sz.002344,7.8000,7.9300,7.7800,7.8700,7.8600,8836905,69254127.0000,3,0.800660,1,0.127223,0
2017-07-19,sz.002344,7.8500,7.9700,7.8000,7.9500,7.8700,7723425,60915330.0000,3,0.699774,1,1.016517,0
2017-07-20,sz.002344,7.9500,8.0100,7.9200,7.9800,7.9500,5747369,45809474.0000,3,0.520735,1,0.377361,0
2017-07-21,sz.002344,7.9800,8.0100,7.9600,7.9600,7.9800,3010300,24022284.0000,3,0.272745,1,-0.250626,0
2017-07-24,sz.002344,7.9800,8.0900,7.9500,8.0600,7.9600,5028071,40344455.0000,3,0.455564,1,1.256286,0
2017-07-25,sz.002344,8.0500,8.0800,7.9800,8.0000,8.0600,3678655,29493939.0000,3,0.333301,1,-0.744422,0
2017-07-26,sz.002344,8.0200,8.0300,7.9000,7.9400,8.0000,3915086,31092525.0000,3,0.354723,1,-0.749999,0
2017-07-27,sz.002344,7.9400,8.1200,7.9100,8.0900,7.9400,6356182,51115244.0000,3,0.575896,1,1.889170,0
2017-07-28,sz.002344,8.0800,8.1400,8.0300,8.0700,8.0900,5083945,41069071.0000,3,0.460626,1,-0.247225,0
2017-07-31,sz.002344,8.0700,8.1200,8.0500,8.1100,8.0700,4216966,34113067.0000,3,0.382074,1,0.495663,0
2017-08-01,sz.002344,8.1200,8.1200,8.0400,8.1000,8.1100,4125065,33346446.0000,3,0.373748,1,-0.123296,0
2017-08-02,sz.002344,8.0700,8.1400,8.0400,8.0500,8.1000,4394150,35482978.0000,3,0.398128,1,-0.617286,0
2017-08-03,sz.002344,8.0400,8.1200,8.0200,8.0700,8.0500,3377501,27264903.0000,3,0.306015,1,0.248441,0
2017-08-04,sz.002344,8.0700,8.1200,8.0500,8.0600,8.0700,3828957,30934240.0000,3,0.346919,1,-0.123907,0
2017-08-07,sz.002344,8.0800,8.1600,8.0400,8.1300,8.0600,4094029,33178937.0000,3,0.370936,1,0.868483,0
2017-08-08,sz.002344,8.1400,8.1400,8.0800,8.1200,8.1300,3227006,26156652.0000,3,0.292380,1,-0.123004,0
2017-08-09,sz.002344,8.1100,8.1400,8.0700,8.1300,8.1200,3084244,24987042.0000,3,0.279445,1,0.123156,0
2017-08-10,sz.002344,8.1200,8.1300,8.0000,8.0400,8.1300,4959092,39944552.0000,3,0.449314,1,-1.107013,0
2017-08-11,sz.002344,8.0100,8.0500,7.9600,7.9800,8.0400,4792800,38362913.0000,3,0.434247,1,-0.746268,0
2017-08-14,sz.002344,7.9900,8.1000,7.9800,8.1000,7.9800,3586474,28898041.0000,3,0.324949,1,1.503764,0
2017-08-15,sz.002344,8.1000,8.1200,8.0800,8.1200,8.1000,3057070,24770934.0000,3,0.276983,1,0.246907,0
2017-08-16,sz.002344,8.1100,8.2200,8.1000,8.2000,8.1200,5271104,43068081.0000,3,0.477584,1,0.985221,0
2017-08-17,sz.002344,8.2100,8.3400,8.1400,8.3000,8.2000,5598027,46312274.0000,3,0.507204,1,1.219517,0
2017-08-18,sz.002344,8.2800,8.3100,8.1800,8.2000,8.3000,6013595,49528058.0000,3,0.544856,1,-1.204824,0
2017-08-21,sz.002344,8.2500,8.2900,8.2000,8.2800,8.2000,3592022,29687455.0000,3,0.325452,1,0.975609,0
2017-08-22,sz.002344,8.2800,8.3000,8.2000,8.2200,8.2800,3362404,27711764.0000,3,0.304648,1,-0.724631,0
2017-08-23,sz.002344,8.2300,8.2500,8.1600,8.1800,8.2200,3192076,26141379.0000,3,0.289215,1,-0.486617,0
2017-08-24,sz.002344,8.1700,8.2600,8.1600,8.1800,8.1800,3517420,28843576.0000,3,0.318693,1,0.000000,0
2017-08-25,sz.002344,8.1400,8.2500,8.1300,8.2400,8.1800,3842870,31571746.0000,3,0.348180,1,0.733490,0
2017-08-28,sz.002344,8.2400,8.3300,8.2200,8.3100,8.2400,5573919,46189206.0000,3,0.505020,1,0.849522,0
2017-08-29,sz.002344,8.3000,8.3500,8.2600,8.2800,8.3100,5056489,41919434.0000,3,0.458139,1,-0.361019,0
2017-08-30,sz.002344,8.2800,8.3200,8.2600,8.2700,8.2800,3718000,30814869.0000,3,0.336866,1,-0.120764,0
2017-08-31,sz.002344,8.3000,8.3400,8.2100,8.2600,8.2700,4633613,38279028.0000,3,0.419824,1,-0.120922,0
2017-09-01,sz.002344,8.2700,8.3100,8.2400,8.2800,8.2600,4512826,37354439.0000,3,0.408880,1,0.242125,0
2017-09-04,sz.002344,8.2700,8.4200,8.2300,8.3900,8.2800,7600246,63174437.0000,3,0.688613,1,1.328510,0
2017-09-05,sz.002344,8.3800,8.4000,8.3200,8.3600,8.3900,4677995,39086110.0000,3,0.423845,1,-0.357577,0
2017-09-06,sz.002344,8.3300,8.3800,8.2700,8.3500,8.3600,5849435,48665821.0000,3,0.529983,1,-0.119609,0
2017-09-07,sz.002344,8.3300,8.4000,8.3100,8.3400,8.3500,5010348,41899009.0000,3,0.453958,1,-0.119763,0
2017-09-08,sz.002344,8.3300,8.3600,8.2800,8.3000,8.3400,4015540,33420569.0000,3,0.363824,1,-0.479616,0
2017-09-11,sz.002344,8.3000,8.3500,8.2900,8.3500,8.3000,3224185,26830024.0000,3,0.292124,1,0.602412,0
2017-09-12,sz.002344,8.3600,8.4100,8.3200,8.3300,8.3500,4696538,39225426.4600,3,0.425526,1,-0.239526,0
2017-09-13,sz.002344,8.3100,8.3300,8.2900,8.3300,8.3300,3258822,27064817.5500,3,0.295263,1,0.000000,0
2017-09-14,sz.002344,8.3300,8.3500,8.2900,8.3200,8.3300,3170205,26380413.5500,3,0.287234,1,-0.120051,0
2017-09-15,sz.002344,8.3000,8.4400,8.2900,8.4200,8.3200,9186343,77015040.9000,3,0.832320,1,1.201928,0
2017-09-18,sz.002344,8.4300,8.4500,8.3600,8.4100,8.4200,5877479,49306424.0600,3,0.532524,1,-0.118768,0
2017-09-19,sz.002344,8.4100,8.5100,8.3600,8.3900,8.4100,8635506,72767319.2800,3,0.782412,1,-0.237806,0
2017-09-20,sz.002344,8.3800,8.4500,8.3500,8.4500,8.3900,5935737,49914983.1200,3,0.537802,1,0.715131,0
2017-09-21,sz.002344,8.4800,8.5300,8.3800,8.3900,8.4500,7312574,61887919.3600,3,0.662549,1,-0.710053,0
2017-09-22,sz.002344,8.3800,8.4300,8.3400,8.3800,8.3900,3619700,30335592.8400,3,0.327960,1,-0.119192,0
2017-09-25,sz.002344,8.3700,8.3800,8.2100,8.2100,8.3800,5002498,41500900.5200,3,0.453247,1,-2.028641,0
2017-09-26,sz.002344,8.2100,8.2700,8.1800,8.2300,8.2100,3741874,30744846.1200,3,0.339029,1,0.243599,0
2017-09-27,sz.002344,8.2500,8.2700,8.2200,8.2500,8.2300,2643400,21784880.9500,3,0.239503,1,0.243019,0
2017-09-28,sz.002344,8.2500,8.2500,8.1700,8.1700,8.2500,4318890,35404493.3000,3,0.391309,1,-0.969696,0
2017-09-29,sz.002344,8.1700,8.2400,8.1600,8.1900,8.1700,3477120,28492208.8100,3,0.315041,1,0.244792,0
2017-10-09,sz.002344,8.2800,8.3500,8.2400,8.3000,8.1900,4841236,40201134.0600,3,0.438636,1,1.343109,0
2017-10-10,sz.002344,8.3000,8.4200,8.2900,8.3900,8.3000,5696777,47515660.0100,3,0.516151,1,1.084339,0
2017-10-11,sz.002344,8.3900,8.5000,8.3600,8.3800,8.3900,6165739,51931297.9000,3,0.558641,1,-0.119192,0
2017-10-12,sz.002344,8.3800,8.3900,8.2900,8.3600,8.3800,5888207,49085453.6100,3,0.533496,1,-0.238669,0
2017-10-13,sz.002344,8.3400,8.3900,8.3300,8.3700,8.3600,3852836,32197522.2500,3,0.349083,1,0.119620,0
2017-10-16,sz.002344,8.3600,8.3700,8.2200,8.2200,8.3700,4061547,33682511.4200,3,0.367993,1,-1.792110,0
2017-10-17,sz.002344,8.2300,8.2700,8.2100,8.2400,8.2200,2348478,19339126.9200,3,0.212782,1,0.243303,0
2017-10-18,sz.002344,8.2400,8.3000,8.2000,8.2200,8.2400,2820506,23267278.6800,3,0.255549,1,-0.242712,0
2017-10-19,sz.002344,8.2100,8.2500,8.0600,8.0800,8.2200,3613910,29466082.7900,3,0.327435,1,-1.703167,0
2017-10-20,sz.002344,8.0600,8.1400,8.0600,8.1200,8.0800,2932356,23774461.8300,3,0.265683,1,0.495049,0
2017-10-23,sz.002344,8.1000,8.1900,8.0800,8.1900,8.1200,3322842,27066010.6500,3,0.301063,1,0.862065,0
2017-10-24,sz.002344,8.1600,8.1800,8.0600,8.1000,8.1900,3763605,30502340.6400,3,0.340998,1,-1.098891,0
2017-10-25,sz.002344,8.1200,8.1400,8.0800,8.1300,8.1000,2968453,24075905.1400,3,0.268954,1,0.370367,0
2017-10-26,sz.002344,8.1300,8.1500,8.0900,8.1400,8.1300,2761773,22448466.8800,3,0.250228,1,0.123004,0
2017-10-27,sz.002344,8.1400,8.1400,8.0800,8.1000,8.1400,2779700,22533191.0300,3,0.251852,1,-0.491400,0
2017-10-30,sz.002344,8.1000,8.1100,7.8800,7.9000,8.1000,6159475,48982693.7800,3,0.558074,1,-2.469139,0
2017-10-31,sz.002344,7.8900,7.9400,7.8600,7.9300,7.9000,3502791,27665772.8000,3,0.317367,1,0.379744,0
2017-11-01,sz.002344,7.9300,7.9300,7.9300,7.9300,7.9300,0,0.0000,3,,0,0.000000,0
2017-11-02,sz.002344,7.9300,7.9300,7.9300,7.9300,7.9300,0,0.0000,3,,0,0.000000,0
2017-11-03,sz.002344,7.9300,7.9300,7.9300,7.9300,7.9300,0,0.0000,3,,0,0.000000,0
2017-11-06,sz.002344,7.9300,7.9300,7.9300,7.9300,7.9300,0,0.0000,3,,0,0.000000,0
2017-11-07,sz.002344,7.9300,7.9300,7.9300,7.9300,7.9300,0,0.0000,3,,0,0.000000,0
2017-11-08,sz.002344,7.9300,7.9300,7.9300,7.9300,7.9300,0,0.0000,3,,0,0.000000,0
2017-11-09,sz.002344,7.9300,7.9300,7.9300,7.9300,7.9300,0,0.0000,3,,0,0.000000,0
2017-11-10,sz.002344,7.9300,7.9300,7.9300,7.9300,7.9300,0,0.0000,3,,0,0.000000,0
2017-11-13,sz.002344,7.9300,7.9300,7.9300,7.9300,7.9300,0,0.0000,3,,0,0.000000,0
2017-11-14,sz.002344,7.9300,7.9300,7.9300,7.9300,7.9300,0,0.0000,3,,0,0.000000,0
2017-11-15,sz.002344,7.9300,7.9300,7.9300,7.9300,7.9300,0,0.0000,3,,0,0.000000,0
2017-11-16,sz.002344,7.9300,7.9300,7.9300,7.9300,7.9300,0,0.0000,3,,0,0.000000,0
2017-11-17,sz.002344,7.9300,7.9300,7.9300,7.9300,7.9300,0,0.0000,3,,0,0.000000,0
2017-11-20,sz.002344,7.9300,7.9300,7.9300,7.9300,7.9300,0,0.0000,3,,0,0.000000,0
2017-11-21,sz.002344,7.9300,7.9300,7.9300,7.9300,7.9300,0,0.0000,3,,0,0.000000,0
2017-11-22,sz.002344,7.9300,7.9300,7.9300,7.9300,7.9300,0,0.0000,3,,0,0.000000,0
2017-11-23,sz.002344,7.9300,7.9300,7.9300,7.9300,7.9300,0,0.0000,3,,0,0.000000,0
2017-11-24,sz.002344,7.9300,7.9300,7.9300,7.9300,7.9300,0,0.0000,3,,0,0.000000,0
2017-11-27,sz.002344,7.9300,7.9300,7.9300,7.9300,7.9300,0,0.0000,3,,0,0.000000,0
2017-11-28,sz.002344,7.9300,7.9300,7.9300,7.9300,7.9300,0,0.0000,3,,0,0.000000,0
2017-11-29,sz.002344,7.9300,7.9300,7.9300,7.9300,7.9300,0,0.0000,3,,0,0.000000,0
2017-11-30,sz.002344,7.9300,7.9300,7.9300,7.9300,7.9300,0,0.0000,3,,0,0.000000,0
2017-12-01,sz.002344,7.9300,7.9300,7.9300,7.9300,7.9300,0,0.0000,3,,0,0.000000,0
2017-12-04,sz.002344,7.9300,7.9300,7.9300,7.9300,7.9300,0,0.0000,3,,0,0.000000,0
2017-12-05,sz.002344,7.9300,7.9300,7.9300,7.9300,7.9300,0,0.0000,3,,0,0.000000,0
2017-12-06,sz.002344,7.9300,7.9300,7.9300,7.9300,7.9300,0,0.0000,3,,0,0.000000,0
2017-12-07,sz.002344,7.9300,7.9300,7.9300,7.9300,7.9300,0,0.0000,3,,0,0.000000,0
2017-12-08,sz.002344,7.9300,7.9300,7.9300,7.9300,7.9300,0,0.0000,3,,0,0.000000,0
2017-12-11,sz.002344,7.9300,7.9300,7.9300,7.9300,7.9300,0,0.0000,3,,0,0.000000,0
2017-12-12,sz.002344,7.9300,7.9300,7.9300,7.9300,7.9300,0,0.0000,3,,0,0.000000,0
2017-12-13,sz.002344,7.9300,7.9300,7.9300,7.9300,7.9300,0,0.0000,3,,0,0.000000,0
2017-12-14,sz.002344,7.9300,7.9300,7.9300,7.9300,7.9300,0,0.0000,3,,0,0.000000,0
2017-12-15,sz.002344,7.9300,7.9300,7.9300,7.9300,7.9300,0,0.0000,3,,0,0.000000,0
2017-12-18,sz.002344,7.9300,7.9300,7.9300,7.9300,7.9300,0,0.0000,3,,0,0.000000,0
2017-12-19,sz.002344,7.9300,7.9300,7.9300,7.9300,7.9300,0,0.0000,3,,0,0.000000,0
2017-12-20,sz.002344,7.9300,7.9300,7.9300,7.9300,7.9300,0,0.0000,3,,0,0.000000,0
2017-12-21,sz.002344,7.9300,7.9300,7.9300,7.9300,7.9300,0,0.0000,3,,0,0.000000,0
2017-12-22,sz.002344,7.9300,7.9300,7.9300,7.9300,7.9300,0,0.0000,3,,0,0.000000,0
2017-12-25,sz.002344,7.9300,7.9300,7.9300,7.9300,7.9300,0,0.0000,3,,0,0.000000,0
2017-12-26,sz.002344,7.9300,7.9300,7.9300,7.9300,7.9300,0,0.0000,3,,0,0.000000,0
2017-12-27,sz.002344,7.9300,7.9300,7.9300,7.9300,7.9300,0,0.0000,3,,0,0.000000,0
2017-12-28,sz.002344,7.9300,7.9300,7.9300,7.9300,7.9300,0,0.0000,3,,0,0.000000,0
2017-12-29,sz.002344,7.9300,7.9300,7.9300,7.9300,7.9300,0,0.0000,3,,0,0.000000,0
2018-01-02,sz.002344,7.9300,7.9300,7.9300,7.9300,7.9300,0,0.0000,3,,0,0.000000,0
2018-01-03,sz.002344,7.9300,7.9300,7.9300,7.9300,7.9300,0,0.0000,3,,0,0.000000,0
2018-01-04,sz.002344,7.9300,7.9300,7.9300,7.9300,7.9300,0,0.0000,3,,0,0.000000,0
2018-01-05,sz.002344,7.9300,7.9300,7.9300,7.9300,7.9300,0,0.0000,3,,0,0.000000,0
2018-01-08,sz.002344,7.9300,7.9300,7.9300,7.9300,7.9300,0,0.0000,3,,0,0.000000,0
2018-01-09,sz.002344,7.9300,7.9300,7.9300,7.9300,7.9300,0,0.0000,3,,0,0.000000,0
2018-01-10,sz.002344,7.9300,7.9300,7.9300,7.9300,7.9300,0,0.0000,3,,0,0.000000,0
2018-01-11,sz.002344,7.9300,7.9300,7.9300,7.9300,7.9300,0,0.0000,3,,0,0.000000,0
2018-01-12,sz.002344,7.9300,7.9300,7.9300,7.9300,7.9300,0,0.0000,3,,0,0.000000,0
2018-01-15,sz.002344,7.9300,7.9300,7.9300,7.9300,7.9300,0,0.0000,3,,0,0.000000,0
2018-01-16,sz.002344,7.9300,7.9300,7.9300,7.9300,7.9300,0,0.0000,3,,0,0.000000,0
2018-01-17,sz.002344,7.9300,7.9300,7.9300,7.9300,7.9300,0,0.0000,3,,0,0.000000,0
2018-01-18,sz.002344,7.9300,7.9300,7.9300,7.9300,7.9300,0,0.0000,3,,0,0.000000,0
2018-01-19,sz.002344,7.9300,7.9300,7.9300,7.9300,7.9300,0,0.0000,3,,0,0.000000,0
2018-01-22,sz.002344,7.9300,7.9300,7.9300,7.9300,7.9300,0,0.0000,3,,0,0.000000,0
2018-01-23,sz.002344,7.9300,7.9300,7.9300,7.9300,7.9300,0,0.0000,3,,0,0.000000,0
2018-01-24,sz.002344,7.9300,7.9300,7.9300,7.9300,7.9300,0,0.0000,3,,0,0.000000,0
2018-01-25,sz.002344,7.9300,7.9300,7.9300,7.9300,7.9300,0,0.0000,3,,0,0.000000,0
2018-01-26,sz.002344,7.9300,7.9300,7.9300,7.9300,7.9300,0,0.0000,3,,0,0.000000,0
2018-01-29,sz.002344,7.9300,7.9300,7.9300,7.9300,7.9300,0,0.0000,3,,0,0.000000,0
2018-01-30,sz.002344,7.9300,7.9300,7.9300,7.9300,7.9300,0,0.0000,3,,0,0.000000,0
2018-01-31,sz.002344,7.4400,7.8800,7.1400,7.1400,7.9300,17033900,123261264.0000,3,1.340172,1,-9.962169,0
2018-02-01,sz.002344,6.9200,7.0900,6.5500,6.6200,7.1400,22392304,150736129.1600,3,1.761754,1,-7.282913,0
2018-02-02,sz.002344,6.5300,6.7000,6.4500,6.5800,6.6200,7180542,47350085.4800,3,0.564942,1,-0.604229,0
2018-02-05,sz.002344,6.5000,6.5800,6.4100,6.4800,6.5800,7780339,50463682.4100,3,0.612132,1,-1.519755,0
2018-02-06,sz.002344,6.3500,6.4000,5.9600,6.0000,6.4800,11876913,73612776.4400,3,0.934437,1,-7.407407,0
2018-02-07,sz.002344,6.1300,6.1400,5.9300,6.0200,6.0000,9928246,59946232.3300,3,0.781122,1,0.333333,0
2018-02-08,sz.002344,6.0300,6.1900,5.9900,6.1300,6.0200,7471124,45689654.1900,3,0.587804,1,1.827245,0
2018-02-09,sz.002344,6.0300,6.0600,5.9000,5.9400,6.1300,6929086,41457315.9300,3,0.545158,1,-3.099512,0
2018-02-12,sz.002344,5.9800,6.1200,5.9700,6.1100,5.9400,4734991,28768415.3900,3,0.372534,1,2.861954,0
2018-02-13,sz.002344,6.1500,6.1600,6.0600,6.0900,6.1100,4898007,29965392.7700,3,0.385359,1,-0.327332,0
2018-02-14,sz.002344,6.0600,6.1800,6.0600,6.1100,6.0900,3284244,20070814.0000,3,0.258394,1,0.328407,0
2018-02-22,sz.002344,6.1600,6.2200,6.1400,6.1900,6.1100,4194403,25935816.0100,3,0.330002,1,1.309328,0
2018-02-23,sz.002344,6.2000,6.2400,6.1500,6.2100,6.1900,4295914,26599367.5600,3,0.337989,1,0.323101,0
2018-02-26,sz.002344,6.2500,6.3100,6.1900,6.3000,6.2100,6510247,40769711.7400,3,0.512205,1,1.449278,0
2018-02-27,sz.002344,6.2800,6.3100,6.2300,6.2700,6.3000,4996204,31303866.6800,3,0.393085,1,-0.476194,0
2018-02-28,sz.002344,6.2400,6.3100,6.1900,6.2800,6.2700,4738327,29624123.6100,3,0.372796,1,0.159493,0
2018-03-01,sz.002344,6.2400,6.4500,6.2200,6.3600,6.2800,7262199,46027691.0000,3,0.571366,1,1.273884,0
2018-03-02,sz.002344,6.3000,6.3400,6.2600,6.3200,6.3600,4645146,29250111.3600,3,0.365465,1,-0.628930,0
2018-03-05,sz.002344,6.3200,6.5500,6.2900,6.3700,6.3200,6473199,41285785.5900,3,0.509290,1,0.791135,0
2018-03-06,sz.002344,6.3700,6.4700,6.3700,6.4500,6.3700,7197099,46197674.6300,3,0.566245,1,1.255886,0
2018-03-07,sz.002344,6.4500,6.4500,6.3500,6.3600,6.4500,6470145,41435930.7400,3,0.509050,1,-1.395344,0
2018-03-08,sz.002344,6.3600,6.3900,6.3400,6.3800,6.3600,5646600,35941772.0800,3,0.444256,1,0.314465,0
2018-03-09,sz.002344,6.3800,6.4700,6.3700,6.4600,6.3800,9596496,61602402.6200,3,0.755021,1,1.253917,0
2018-03-12,sz.002344,6.4800,6.5600,6.4600,6.5400,6.4600,8400641,54718734.6500,3,0.660935,1,1.238389,0
2018-03-13,sz.002344,6.5300,6.5700,6.5100,6.5500,6.5400,7772613,50841278.9500,3,0.611524,1,0.152909,0
2018-03-14,sz.002344,6.5200,6.5400,6.4000,6.4100,6.5500,7114931,46057992.4000,3,0.559780,1,-2.137410,0
2018-03-15,sz.002344,6.3700,6.4200,6.3000,6.3800,6.4100,5930700,37722588.2000,3,0.466608,1,-0.468014,0
2018-03-16,sz.002344,6.3900,6.4700,6.3800,6.3900,6.3800,5095484,32679477.7600,3,0.400896,1,0.156736,0
2018-03-19,sz.002344,6.3800,6.4600,6.3800,6.4100,6.3900,5141708,32995364.4200,3,0.404533,1,0.312989,0
2018-03-20,sz.002344,6.3800,6.4000,6.2800,6.3400,6.4100,5731250,36325513.5600,3,0.450916,1,-1.092039,0
2018-03-21,sz.002344,6.3700,6.5200,6.3500,6.3700,6.3400,10733135,69206534.8700,3,0.844448,1,0.473182,0
2018-03-22,sz.002344,6.3900,6.5200,6.3400,6.4400,6.3700,8266676,53142767.0200,3,0.650395,1,1.098904,0
2018-03-23,sz.002344,6.2900,6.2900,5.9300,6.0300,6.4400,12452917,76309335.4400,3,0.979755,1,-6.366457,0
2018-03-26,sz.002344,5.9800,6.0400,5.8400,6.0400,6.0300,8156478,48415776.9000,3,0.641725,1,0.165833,0
2018-03-27,sz.002344,6.0700,6.1500,6.0300,6.1100,6.0400,10361927,63213439.3200,3,0.815243,1,1.158943,0
2018-03-28,sz.002344,6.0200,6.0800,5.9900,6.0400,6.1100,7425733,44796943.3300,3,0.584233,1,-1.145666,0
2018-03-29,sz.002344,6.0500,6.1400,6.0300,6.1400,6.0400,8896202,54091773.5300,3,0.699924,1,1.655628,0
2018-03-30,sz.002344,6.1500,6.2000,6.1300,6.1800,6.1400,7058531,43525102.8800,3,0.555342,1,0.651465,0
2018-04-02,sz.002344,6.1400,6.2700,6.1400,6.1700,6.1800,7049707,43662087.1600,3,0.554648,1,-0.161808,0
2018-04-03,sz.002344,6.1000,6.1300,6.0400,6.1200,6.1700,7100697,43225062.8600,3,0.558660,1,-0.810376,0
2018-04-04,sz.002344,6.1300,6.2000,6.0700,6.0700,6.1200,7128122,43818894.5800,3,0.560818,1,-0.816989,0
2018-04-09,sz.002344,6.0400,6.1000,5.9700,6.0100,6.0700,5824573,35172275.7800,3,0.458259,1,-0.988467,0
2018-04-10,sz.002344,6.0400,6.0800,6.0100,6.0700,6.0100,5654605,34191268.9000,3,0.444886,1,0.998335,0
2018-04-11,sz.002344,6.0800,6.1300,6.0700,6.1100,6.0700,5640848,34406001.3300,3,0.443804,1,0.658978,0
2018-04-12,sz.002344,6.1100,6.1200,6.0100,6.0200,6.1100,7112093,43091792.4500,3,0.559557,1,-1.472998,0
2018-04-13,sz.002344,6.0300,6.0800,6.0100,6.0100,6.0200,4614811,27870216.9700,3,0.363078,1,-0.166109,0
2018-04-16,sz.002344,6.0000,6.0700,5.9200,5.9600,6.0100,5345876,32153937.0200,3,0.420596,1,-0.831950,0
2018-04-17,sz.002344,5.9700,6.0300,5.9100,5.9300,5.9600,4525382,27041970.8500,3,0.356042,1,-0.503359,0
2018-04-18,sz.002344,5.9700,6.0000,5.8800,5.9400,5.9300,5886805,34929123.8700,3,0.463155,1,0.168638,0
2018-04-19,sz.002344,5.9400,5.9600,5.9200,5.9400,5.9400,4263676,25333458.2600,3,0.335452,1,0.000000,0
2018-04-20,sz.002344,5.9300,5.9400,5.7000,5.7200,5.9400,9380635,54521049.4800,3,0.738038,1,-3.703708,0
2018-04-23,sz.002344,5.6900,5.7300,5.6400,5.7100,5.7200,4550300,25871864.7000,3,0.358003,1,-0.174821,0
2018-04-24,sz.002344,5.7600,5.9500,5.7500,5.9200,5.7100,7801818,45660074.7700,3,0.613822,1,3.677759,0
2018-04-25,sz.002344,5.8800,5.9400,5.8500,5.9300,5.9200,4300351,25407938.2800,3,0.338338,1,0.168915,0
2018-04-26,sz.002344,5.9300,6.0300,5.8800,5.9000,5.9300,6728496,40039772.5100,3,0.529376,1,-0.505898,0
2018-04-27,sz.002344,5.9300,5.9300,5.8200,5.8700,5.9000,4304287,25259906.9900,3,0.338647,1,-0.508478,0
2018-05-02,sz.002344,5.8700,5.9200,5.8000,5.8400,5.8700,4089391,23890024.6200,3,0.321740,1,-0.511069,0
2018-05-03,sz.002344,5.8300,5.9500,5.8000,5.9500,5.8400,4638817,27310311.6000,3,0.364967,1,1.883556,0
2018-05-04,sz.002344,5.9200,5.9900,5.9200,5.9300,5.9500,3663329,21785246.8100,3,0.288219,1,-0.336134,0
2018-05-07,sz.002344,5.9300,6.0200,5.9300,6.0100,5.9300,4247150,25438933.8500,3,0.334152,1,1.349079,0
2018-05-08,sz.002344,6.0000,6.0200,5.9800,6.0100,6.0100,4632954,27810579.0000,3,0.364506,1,0.000000,0
2018-05-09,sz.002344,6.0000,6.0600,6.0000,6.0300,6.0100,5076498,30616390.8100,3,0.399402,1,0.332778,0
2018-05-10,sz.002344,6.0300,6.0600,5.9900,6.0400,6.0300,4046752,24405174.1600,3,0.318385,1,0.165833,0
2018-05-11,sz.002344,6.0500,6.0600,5.9700,5.9800,6.0400,4158998,24992534.3900,3,0.327217,1,-0.993376,0
2018-05-14,sz.002344,5.9900,6.0400,5.9900,6.0000,5.9800,3448113,20731515.1300,3,0.271286,1,0.334448,0
2018-05-15,sz.002344,5.9900,6.0100,5.9500,6.0000,6.0000,3780910,22607685.3400,3,0.297470,1,0.000000,0
2018-05-16,sz.002344,6.0000,6.0100,5.9500,5.9700,6.0000,3290572,19677658.9500,3,0.258892,1,-0.500004,0
2018-05-17,sz.002344,5.9600,5.9900,5.9300,5.9500,5.9700,3451779,20560516.0600,3,0.271575,1,-0.335008,0
2018-05-18,sz.002344,5.9700,6.0700,5.9400,6.0500,5.9500,5524814,33208363.4200,3,0.434675,1,1.680679,0
2018-05-21,sz.002344,6.0800,6.1000,6.0300,6.0600,6.0500,5411748,32814067.9600,3,0.425779,1,0.165285,0
2018-05-22,sz.002344,6.0700,6.1000,6.0400,6.0900,6.0600,4068711,24713162.2200,3,0.320113,1,0.495053,0
2018-05-23,sz.002344,6.0800,6.0900,6.0000,6.0000,6.0900,4145249,25040977.2400,3,0.326135,1,-1.477835,0
2018-05-24,sz.002344,6.0000,6.0200,5.9400,5.9600,6.0000,4369148,26080105.6000,3,0.343750,1,-0.666666,0
2018-05-25,sz.002344,5.9500,5.9600,5.8600,5.8700,5.9600,4693978,27706635.3900,3,0.369307,1,-1.510070,0
2018-05-28,sz.002344,5.8700,5.9000,5.8100,5.8400,5.8700,3484700,20403868.2500,3,0.274165,1,-0.511069,0
2018-05-29,sz.002344,5.8400,5.8800,5.8000,5.8200,5.8400,3853378,22503657.9000,3,0.303171,1,-0.342465,0
2018-05-30,sz.002344,5.7700,5.7700,5.6000,5.6100,5.8200,7199382,40880050.9200,3,0.566424,1,-3.608248,0
2018-05-31,sz.002344,5.6500,5.7500,5.6200,5.7200,5.6100,5302101,30113886.8700,3,0.417152,1,1.960778,0
2018-06-01,sz.002344,5.6900,5.7300,5.6400,5.7100,5.7200,4322876,24590968.8400,3,0.340110,1,-0.174821,0
2018-06-04,sz.002344,5.7100,5.7200,5.6400,5.6500,5.7100,4050744,23033063.6000,3,0.318699,1,-1.050787,0
2018-06-05,sz.002344,5.6600,5.7500,5.6500,5.7300,5.6500,4554530,26060355.4300,3,0.358336,1,1.415928,0
2018-06-06,sz.002344,5.7300,5.7700,5.7200,5.7500,5.7300,3669214,21114738.8200,3,0.288682,1,0.349040,0
2018-06-07,sz.002344,5.7500,5.7500,5.7500,5.7500,5.7500,0,0.0000,3,,0,0.000000,0
2018-06-08,sz.002344,5.7500,5.7500,5.7500,5.7500,5.7500,0,0.0000,3,,0,0.000000,0
2018-06-11,sz.002344,5.7500,5.7500,5.7500,5.7500,5.7500,0,0.0000,3,,0,0.000000,0
2018-06-12,sz.002344,5.7500,5.7500,5.7500,5.7500,5.7500,0,0.0000,3,,0,0.000000,0
2018-06-13,sz.002344,5.7500,5.7500,5.7500,5.7500,5.7500,0,0.0000,3,,0,0.000000,0
2018-06-14,sz.002344,5.5600,5.6500,5.3900,5.4800,5.7500,11917750,65303762.1800,3,0.937650,1,-4.695652,0
2018-06-15,sz.002344,5.3800,5.3800,5.1000,5.1300,5.3600,12862211,66648226.9700,3,1.011957,1,-4.291045,0
2018-06-19,sz.002344,5.0300,5.0900,4.6200,4.6800,5.1300,14300233,69442768.3300,3,1.125096,1,-8.771935,0
2018-06-20,sz.002344,4.6800,4.8000,4.6500,4.7400,4.6800,6348938,30064421.6500,3,0.499514,1,1.282050,0
2018-06-21,sz.002344,4.7400,4.8000,4.6600,4.6700,4.7400,5255452,24885332.9300,3,0.413482,1,-1.476787,0
2018-06-22,sz.002344,4.6400,4.8000,4.6400,4.7800,4.6700,4662058,22076750.1900,3,0.366796,1,2.355463,0
2018-06-25,sz.002344,4.8100,4.8200,4.7300,4.7300,4.7800,3010900,14401343.0000,3,0.236888,1,-1.046029,0
2018-06-26,sz.002344,4.6400,4.8300,4.6200,4.8000,4.7300,5027422,23885953.3200,3,0.395541,1,1.479919,0
2018-06-27,sz.002344,4.8100,4.8600,4.7500,4.7900,4.8000,4587200,22009260.0000,3,0.360906,1,-0.208338,0
2018-06-28,sz.002344,4.7800,4.8400,4.7400,4.7600,4.7900,4478934,21491051.3100,3,0.352388,1,-0.626299,0
2018-06-29,sz.002344,4.7600,4.8800,4.7500,4.8600,4.7600,4295742,20777638.4800,3,0.337975,1,2.100838,0
2018-07-02,sz.002344,4.8500,4.8700,4.7300,4.7700,4.8600,4050329,19508287.8200,3,0.318667,1,-1.851855,0
2018-07-03,sz.002344,4.7700,4.8600,4.7600,4.8600,4.7700,4082029,19644608.7500,3,0.321161,1,1.886796,0
2018-07-04,sz.002344,4.8300,4.8800,4.8100,4.8200,4.8600,3293534,15923937.1500,3,0.259125,1,-0.823044,0
2018-07-05,sz.002344,4.8200,4.8400,4.6700,4.6700,4.8200,3500421,16724350.5000,3,0.275402,1,-3.112035,0
2018-07-06,sz.002344,4.6900,4.8300,4.6800,4.7900,4.6700,5174406,24660834.2900,3,0.407106,1,2.569591,0
2018-07-09,sz.002344,4.8000,4.8800,4.7500,4.8800,4.7900,3777977,18293385.5100,3,0.297239,1,1.878918,0
2018-07-10,sz.002344,4.8700,4.8800,4.8200,4.8700,4.8800,2988522,14497921.4100,3,0.235127,1,-0.204923,0
2018-07-11,sz.002344,4.8300,4.8300,4.6700,4.7400,4.8700,3876071,18412075.9400,3,0.304957,1,-2.669407,0
2018-07-12,sz.002344,4.7400,4.9100,4.7400,4.8800,4.7400,5156007,25030850.7100,3,0.405658,1,2.953594,0
2018-07-13,sz.002344,4.8700,4.9100,4.8600,4.8700,4.8800,3108650,15161024.0000,3,0.244579,1,-0.204923,0
2018-07-16,sz.002344,4.8900,4.9300,4.8600,4.9100,4.8700,4015601,19681241.8800,3,0.315935,1,0.821354,0
2018-07-17,sz.002344,4.9100,4.9500,4.8700,4.9400,4.9100,3290243,16171211.7800,3,0.258866,1,0.611002,0
2018-07-18,sz.002344,4.9600,4.9600,4.9000,4.9000,4.9400,3380439,16664824.8800,3,0.265962,1,-0.809716,0
2018-07-19,sz.002344,4.9000,4.9200,4.8600,4.9200,4.9000,3185200,15577155.4000,3,0.250601,1,0.408163,0
2018-07-20,sz.002344,4.9100,4.9600,4.8600,4.9400,4.9200,4821182,23697581.3400,3,0.379315,1,0.406504,0
2018-07-23,sz.002344,4.9100,4.9800,4.9000,4.9700,4.9400,4502431,22247722.8500,3,0.354237,1,0.607282,0
2018-07-24,sz.002344,4.9800,5.0900,4.9500,5.0500,4.9700,6726567,33824633.9300,3,0.529225,1,1.609666,0
2018-07-25,sz.002344,5.0500,5.0700,5.0100,5.0400,5.0500,4524403,22815776.3800,3,0.355965,1,-0.198024,0
2018-07-26,sz.002344,5.0400,5.2300,5.0300,5.1500,5.0400,8389151,43047971.1200,3,0.660031,1,2.182542,0
2018-07-27,sz.002344,5.1400,5.1600,5.1000,5.1200,5.1500,4447272,22812844.6500,3,0.349897,1,-0.582528,0
2018-07-30,sz.002344,5.1100,5.1200,5.0100,5.0300,5.1200,4773227,24126982.7400,3,0.375542,1,-1.757806,0
2018-07-31,sz.002344,5.0100,5.1200,4.9900,5.0800,5.0300,3176377,16085222.0300,3,0.249907,1,0.994030,0
2018-08-01,sz.002344,5.1000,5.1100,4.9500,4.9500,5.0800,4287088,21529840.1400,3,0.337294,1,-2.559057,0
2018-08-02,sz.002344,4.9400,4.9500,4.7200,4.8100,4.9500,5610004,27045276.1900,3,0.441377,1,-2.828280,0
2018-08-03,sz.002344,4.8000,4.8800,4.7600,4.7600,4.8100,4850398,23318374.5700,3,0.381614,1,-1.039495,0
2018-08-06,sz.002344,4.8000,4.8400,4.7200,4.7400,4.7600,4481147,21443729.2800,3,0.352562,1,-0.420178,0
2018-08-07,sz.002344,4.7400,4.9000,4.7200,4.8800,4.7400,4501634,21643858.4800,3,0.354174,1,2.953594,0
2018-08-08,sz.002344,4.8700,4.9500,4.8600,4.8900,4.8800,3437775,16869421.1100,3,0.270473,1,0.204913,0
2018-08-09,sz.002344,4.8700,5.0000,4.8600,4.9900,4.8900,4991659,24792197.4200,3,0.392728,1,2.044988,0
2018-08-10,sz.002344,5.0100,5.0500,4.9600,4.9900,4.9900,2239665,11184698.7700,3,0.176210,1,0.000000,0
2018-08-13,sz.002344,4.9500,4.9700,4.8600,4.9600,4.9900,3948529,19419939.8300,3,0.310658,1,-0.601197,0
2018-08-14,sz.002344,4.9600,5.0000,4.9400,4.9700,4.9600,2690724,13359076.0400,3,0.211697,1,0.201608,0
2018-08-15,sz.002344,4.9800,4.9800,4.8600,4.8600,4.9700,2985270,14645402.6000,3,0.234871,1,-2.213273,0
2018-08-16,sz.002344,4.8600,4.9200,4.7700,4.8500,4.8600,3142711,15266455.9800,3,0.247258,1,-0.205766,0
2018-08-17,sz.002344,4.8800,4.9200,4.8300,4.8300,4.8500,2791200,13598371.0000,3,0.219603,1,-0.412371,0
2018-08-20,sz.002344,4.8400,4.9000,4.7700,4.8800,4.8300,3800590,18361323.1300,3,0.299082,1,1.035201,0
2018-08-21,sz.002344,4.9000,4.9100,4.8300,4.9100,4.8800,2563017,12515483.9500,3,0.201693,1,0.614749,0
2018-08-22,sz.002344,4.9100,4.9100,4.8300,4.8400,4.9100,2324636,11278766.7300,3,0.182934,1,-1.425656,0
2018-08-23,sz.002344,4.8300,4.8700,4.8000,4.8400,4.8400,2659143,12861831.7200,3,0.209258,1,0.000000,0
2018-08-24,sz.002344,4.8200,4.8600,4.8000,4.8100,4.8400,1789100,8625467.0000,3,0.140791,1,-0.619839,0
2018-08-27,sz.002344,4.8100,4.8900,4.8000,4.8800,4.8100,3505305,17023703.3700,3,0.275845,1,1.455305,0
2018-08-28,sz.002344,4.8800,4.9000,4.8600,4.8700,4.8800,2971201,14487689.8800,3,0.233815,1,-0.204923,0
2018-08-29,sz.002344,4.8800,4.8900,4.8400,4.8700,4.8700,2142774,10429117.6600,3,0.168623,1,0.000000,0
2018-08-30,sz.002344,4.8600,4.8800,4.8000,4.8000,4.8700,3172220,15332062.0000,3,0.249634,1,-1.437365,0
2018-08-31,sz.002344,4.8000,4.8200,4.7300,4.7500,4.8000,3439500,16424986.0000,3,0.270667,1,-1.041671,0
2018-09-03,sz.002344,4.7400,4.7800,4.6900,4.7600,4.7500,2825833,13363934.2600,3,0.222375,1,0.210531,0
2018-09-04,sz.002344,4.7400,4.8300,4.7400,4.7900,4.7600,3546398,16984685.6900,3,0.279079,1,0.630247,0
2018-09-05,sz.002344,4.7700,4.8500,4.7500,4.7800,4.7900,4087772,19658706.6800,3,0.321682,1,-0.208763,0
2018-09-06,sz.002344,4.7800,4.7900,4.7200,4.7300,4.7800,3130264,14904204.6000,3,0.246332,1,-1.046029,0
2018-09-07,sz.002344,4.7400,4.8100,4.7200,4.7400,4.7300,3018081,14361895.5500,3,0.237504,1,0.211411,0
2018-09-10,sz.002344,4.7400,4.7500,4.6900,4.6900,4.7400,3402295,16041409.5500,3,0.267739,1,-1.054846,0
2018-09-11,sz.002344,4.7000,4.7400,4.5900,4.6300,4.6900,5955110,27716488.9000,3,0.468629,1,-1.279316,0
2018-09-12,sz.002344,4.6300,4.6800,4.6000,4.6600,4.6300,3263951,15176748.6200,3,0.256852,1,0.647942,0
2018-09-13,sz.002344,4.6700,4.7400,4.6500,4.7200,4.6600,3613173,16942165.6700,3,0.284334,1,1.287552,0
2018-09-14,sz.002344,4.7200,4.7300,4.6600,4.6700,4.7200,2772185,13025780.3500,3,0.218153,1,-1.059316,0
2018-09-17,sz.002344,4.6800,4.6800,4.6200,4.6400,4.6700,2805601,13051182.4400,3,0.220783,1,-0.642403,0
2018-09-18,sz.002344,4.6200,4.7100,4.6000,4.7000,4.6400,3681427,17155700.9900,3,0.289705,1,1.293102,0
2018-09-19,sz.002344,4.6900,4.7700,4.6800,4.7400,4.7000,4571943,21643147.1800,3,0.359783,1,0.851063,0
2018-09-20,sz.002344,4.7400,4.8500,4.7400,4.7800,4.7400,4510431,21580070.7300,3,0.354942,1,0.843891,0
2018-09-21,sz.002344,4.8000,4.8400,4.7800,4.8200,4.7800,4395525,21148017.9500,3,0.345900,1,0.836819,0
2018-09-25,sz.002344,4.8000,4.9200,4.7800,4.8800,4.8200,6709248,32664789.9000,3,0.527975,1,1.244812,0
2018-09-26,sz.002344,4.8800,4.9300,4.8700,4.8800,4.8800,4600606,22569171.0600,3,0.362038,1,0.000000,0
2018-09-27,sz.002344,4.8900,5.0100,4.8800,4.9100,4.8800,7010321,34650598.5800,3,0.551668,1,0.614749,0
2018-09-28,sz.002344,4.9100,4.9200,4.8600,4.9000,4.9100,4598920,22527617.5800,3,0.361906,1,-0.203661,0
2018-10-08,sz.002344,4.8600,4.8700,4.7600,4.7800,4.9000,5177402,24961827.3700,3,0.407429,1,-2.448977,0
2018-10-09,sz.002344,4.7700,4.8300,4.7500,4.7700,4.7800,4106900,19630670.1500,3,0.323187,1,-0.209210,0
2018-10-10,sz.002344,4.7800,4.8100,4.7300,4.7400,4.7700,3049223,14515262.7900,3,0.239954,1,-0.628935,0
2018-10-11,sz.002344,4.6500,4.6500,4.3200,4.3500,4.7400,8386275,37703494.9200,3,0.659946,1,-8.227846,0
2018-10-12,sz.002344,4.3300,4.3500,4.0400,4.2100,4.3500,9258631,38755374.7800,3,0.728595,1,-3.218388,0
2018-10-15,sz.002344,4.2000,4.2700,4.1000,4.1100,4.2100,4950772,20739010.2800,3,0.389594,1,-2.375295,0
2018-10-16,sz.002344,4.1300,4.1700,3.9900,4.0600,4.1100,6941083,28284964.8900,3,0.546219,1,-1.216550,0
2018-10-17,sz.002344,4.1100,4.1400,4.0300,4.1100,4.0600,4625869,18935879.7100,3,0.364026,1,1.231532,0
2018-10-18,sz.002344,4.0800,4.0900,4.0000,4.0000,4.1100,4611009,18624571.2200,3,0.362857,1,-2.676402,0
2018-10-19,sz.002344,3.9800,4.1500,3.9500,4.1200,4.0000,6343170,25644564.4400,3,0.499167,1,2.999997,0
2018-10-22,sz.002344,4.1500,4.3600,4.1200,4.3100,4.1200,8555996,36543506.9600,3,0.673302,1,4.611652,0
2018-10-23,sz.002344,4.2800,4.3400,4.2100,4.2400,4.3100,4894411,20953458.1300,3,0.385159,1,-1.624134,0
2018-10-24,sz.002344,4.2000,4.3800,4.2000,4.3100,4.2400,5297611,22781100.7600,3,0.416888,1,1.650948,0
2018-10-25,sz.002344,4.1900,4.3300,4.1500,4.3100,4.3100,5460613,23185136.2300,3,0.429715,1,0.000000,0
2018-10-26,sz.002344,4.3200,4.4200,4.3100,4.3500,4.3100,4265734,18583416.0200,3,0.335686,1,0.928073,0
2018-10-29,sz.002344,4.3900,4.3900,4.2700,4.3100,4.3500,3289700,14271298.0000,3,0.258878,1,-0.919539,0
2018-10-30,sz.002344,4.3200,4.4300,4.2700,4.3700,4.3100,5157905,22388935.8900,3,0.405894,1,1.392110,0
2018-10-31,sz.002344,4.3800,4.4500,4.3700,4.4200,4.3700,4268799,18867186.9500,3,0.335927,1,1.144169,0
2018-11-01,sz.002344,4.4500,4.5600,4.4300,4.4300,4.4200,5899604,26432866.5600,3,0.464261,1,0.226239,0
2018-11-02,sz.002344,4.5000,4.5800,4.4600,4.5500,4.4300,5639809,25447294.7600,3,0.443817,1,2.708812,0
2018-11-05,sz.002344,4.5300,4.6400,4.5000,4.5700,4.5500,5234061,23839833.3800,3,0.411887,1,0.439560,0
2018-11-06,sz.002344,4.5600,4.6300,4.5300,4.6000,4.5700,4289889,19612089.7500,3,0.337587,1,0.656449,0
2018-11-07,sz.002344,4.6000,4.6300,4.5500,4.5700,4.6000,3712306,17037051.8100,3,0.292135,1,-0.652168,0
2018-11-08,sz.002344,4.6100,4.6200,4.5300,4.5400,4.5700,4597069,21035544.5200,3,0.361760,1,-0.656460,0
2018-11-09,sz.002344,4.5400,4.6600,4.5300,4.6400,4.5400,5481334,25215315.8800,3,0.431346,1,2.202641,0
2018-11-12,sz.002344,4.6700,4.8000,4.6000,4.7800,4.6400,7713617,36383215.8000,3,0.607013,1,3.017249,0
2018-11-13,sz.002344,4.7200,4.9500,4.6900,4.9000,4.7800,11050309,53605742.2500,3,0.869589,1,2.510458,0
2018-11-14,sz.002344,4.9000,4.9600,4.8300,4.8900,4.9000,6947777,34040047.1300,3,0.546746,1,-0.204086,0
2018-11-15,sz.002344,4.8500,4.9600,4.8500,4.9300,4.8900,5707429,28124346.7500,3,0.449138,1,0.817995,0
2018-11-16,sz.002344,4.9100,5.0800,4.9100,5.0000,4.9300,10145788,50769072.8300,3,0.798409,1,1.419882,0
2018-11-19,sz.002344,5.0000,5.1200,4.9700,5.0300,5.0000,8506554,42894556.4900,3,0.669412,1,0.600004,0
2018-11-20,sz.002344,5.0100,5.0700,4.9100,4.9400,5.0300,7699736,38419386.4300,3,0.605920,1,-1.789267,0
2018-11-21,sz.002344,4.8700,4.9900,4.7800,4.9900,4.9400,8155686,39985332.2500,3,0.641801,1,1.012140,0
2018-11-22,sz.002344,5.0000,5.0100,4.9200,4.9300,4.9900,5355760,26514302.7600,3,0.421464,1,-1.202404,0
2018-11-23,sz.002344,4.9500,4.9700,4.6600,4.6900,4.9300,8128556,38748513.1800,3,0.639666,1,-4.868150,0
2018-11-26,sz.002344,4.6800,4.8300,4.6800,4.7900,4.6900,6544090,31253065.0100,3,0.514978,1,2.132194,0
2018-11-27,sz.002344,4.8000,4.8500,4.6900,4.7500,4.7900,5865768,27900176.4200,3,0.461599,1,-0.835072,0
2018-11-28,sz.002344,4.7600,4.9500,4.6900,4.9300,4.7500,7707859,37383224.8100,3,0.606559,1,3.789470,0
2018-11-29,sz.002344,4.9500,4.9700,4.7600,4.7600,4.9300,6209149,30200995.9400,3,0.488620,1,-3.448268,0
2018-11-30,sz.002344,4.7800,4.8200,4.6900,4.8000,4.7600,5187940,24704558.1200,3,0.406790,1,0.840335,0
2018-12-03,sz.002344,4.9000,4.9600,4.8500,4.9100,4.8000,9708293,47796729.6900,3,0.761234,1,2.291659,0
2018-12-04,sz.002344,4.8800,4.9700,4.8700,4.9500,4.9100,5671300,27876567.1100,3,0.444691,1,0.814663,0
2018-12-05,sz.002344,4.8700,4.9200,4.8400,4.8700,4.9500,6035039,29420359.3000,3,0.473212,1,-1.616160,0
2018-12-06,sz.002344,4.8600,4.8600,4.7100,4.7200,4.8700,5925323,28314186.1500,3,0.464609,1,-3.080084,0
2018-12-07,sz.002344,4.7400,4.7900,4.7100,4.7600,4.7200,3578842,17021015.9200,3,0.280620,1,0.847467,0
2018-12-10,sz.002344,4.7200,4.7800,4.6500,4.7100,4.7600,4409922,20737632.8700,3,0.345785,1,-1.050424,0
2018-12-11,sz.002344,4.7000,4.7300,4.6600,4.7300,4.7100,3212902,15102827.4800,3,0.251926,1,0.424628,0
2018-12-12,sz.002344,4.7500,4.7600,4.6700,4.7300,4.7300,3819766,18032999.8900,3,0.299511,1,0.000000,0
2018-12-13,sz.002344,4.7500,4.8300,4.6900,4.7900,4.7300,5509138,26333431.6200,3,0.431975,1,1.268498,0
2018-12-14,sz.002344,4.7800,4.8000,4.6200,4.6400,4.7900,5976838,28155924.9400,3,0.468648,1,-3.131526,0
2018-12-17,sz.002344,4.6300,4.7000,4.5800,4.6300,4.6400,3447824,15994469.0000,3,0.270346,1,-0.215512,0
2018-12-18,sz.002344,4.6300,4.6600,4.5300,4.5700,4.6300,5931043,27228914.2100,3,0.465057,1,-1.295895,0
2018-12-19,sz.002344,4.6100,4.6100,4.5100,4.5300,4.5700,3427679,15624020.8800,3,0.268767,1,-0.875273,0
2018-12-20,sz.002344,4.5000,4.5600,4.4600,4.5100,4.5300,4248038,19160608.5300,3,0.333092,1,-0.441501,0
2018-12-21,sz.002344,4.5000,4.5900,4.4700,4.5900,4.5100,5268388,23938371.0100,3,0.413098,1,1.773834,0
2018-12-24,sz.002344,4.5600,4.6400,4.5500,4.6000,4.5900,2707410,12444893.8000,3,0.212290,1,0.217860,0
2018-12-25,sz.002344,4.5800,4.5800,4.3900,4.5100,4.6000,3925048,17638535.6600,3,0.307766,1,-1.956515,0
2018-12-26,sz.002344,4.5100,4.5800,4.4900,4.5500,4.5100,3752065,17026956.6700,3,0.294202,1,0.886917,0
2018-12-27,sz.002344,4.6000,4.6300,4.5400,4.5600,4.5500,4213018,19363315.1700,3,0.330346,1,0.219775,0
2018-12-28,sz.002344,4.5600,4.6000,4.5400,4.5500,4.5600,3265927,14933496.3900,3,0.256084,1,-0.219293,0
2019-01-02,sz.002344,4.5500,4.5800,4.4600,4.4800,4.5500,4183235,18920124.9100,3,0.328010,1,-1.538465,0
2019-01-03,sz.002344,4.5000,4.6100,4.4800,4.5300,4.4800,5923318,27016802.5600,3,0.464452,1,1.116076,0
2019-01-04,sz.002344,4.5000,4.7300,4.5000,4.7200,4.5300,7074826,32921175.9400,3,0.554742,1,4.194251,0
2019-01-07,sz.002344,4.7300,4.8500,4.7000,4.8100,4.7200,5919339,28204571.0400,3,0.464140,1,1.906783,0
2019-01-08,sz.002344,4.7600,4.8100,4.7200,4.7700,4.8100,5666178,26945291.0300,3,0.444289,1,-0.831600,0
2019-01-09,sz.002344,4.8000,4.8700,4.7300,4.7400,4.7700,6767672,32567686.2300,3,0.530658,1,-0.628935,0
2019-01-10,sz.002344,4.7800,4.8700,4.7500,4.8300,4.7400,6416783,30970173.9300,3,0.503145,1,1.898737,0
2019-01-11,sz.002344,4.8400,4.8600,4.7800,4.8500,4.8300,5098536,24597620.5400,3,0.399780,1,0.414078,0
2019-01-14,sz.002344,4.8700,4.8700,4.8000,4.8500,4.8500,3800194,18348152.9300,3,0.297976,1,0.000000,0
2019-01-15,sz.002344,4.8400,4.8900,4.7800,4.8900,4.8500,5772196,27938521.7500,3,0.452602,1,0.824742,0
2019-01-16,sz.002344,4.8800,4.8900,4.8000,4.8100,4.8900,4349827,21053382.3300,3,0.341073,1,-1.635990,0
2019-01-17,sz.002344,4.8300,4.9800,4.8000,4.8600,4.8100,7308279,35717312.0000,3,0.573047,1,1.039505,0
2019-01-18,sz.002344,4.8800,4.8900,4.8200,4.8800,4.8600,6044676,29366913.4800,3,0.473967,1,0.411522,0
2019-01-21,sz.002344,4.9000,4.9200,4.8200,4.8400,4.8800,4568480,22251024.5600,3,0.358218,1,-0.819671,0
2019-01-22,sz.002344,4.8400,4.8900,4.8000,4.8200,4.8400,5136656,24912978.3300,3,0.402769,1,-0.413223,0
2019-01-23,sz.002344,4.8000,4.8100,4.5200,4.5500,4.8200,24592507,113375755.8100,3,1.928316,1,-5.601659,0
2019-01-24,sz.002344,4.5600,4.5800,4.5000,4.5500,4.5500,10253870,46605186.0500,3,0.804013,1,0.000000,0
2019-01-25,sz.002344,4.5400,4.6200,4.4900,4.5000,4.5500,10262133,46887248.0700,3,0.804661,1,-1.098905,0
2019-01-28,sz.002344,4.5100,4.5900,4.4700,4.5000,4.5000,7546396,34226207.8800,3,0.591718,1,0.000000,0
2019-01-29,sz.002344,4.4700,4.4900,4.2500,4.3700,4.5000,8503359,37172558.1600,3,0.666754,1,-2.888891,0
2019-01-30,sz.002344,4.3500,4.4300,4.3000,4.3300,4.3700,6759780,29454804.6300,3,0.530039,1,-0.915331,0
2019-01-31,sz.002344,4.3400,4.3500,4.2100,4.2800,4.3300,10220228,43716942.4000,3,0.801375,1,-1.154728,0
2019-02-01,sz.002344,4.2900,4.3900,4.2500,4.3700,4.2800,9625220,41519866.8200,3,0.754720,1,2.102796,0
2019-02-11,sz.002344,4.3600,4.4600,4.3600,4.4500,4.3700,8489218,37530632.9200,3,0.665646,1,1.830662,0
2019-02-12,sz.002344,4.4300,4.5300,4.4200,4.5300,4.4500,8601334,38681083.2800,3,0.674437,1,1.797762,0
2019-02-13,sz.002344,4.5300,4.6100,4.4800,4.5900,4.5300,11266672,51301462.9500,3,0.883428,1,1.324502,0
2019-02-14,sz.002344,4.5900,4.6200,4.5700,4.6100,4.5900,7379273,33904645.9700,3,0.578614,1,0.435729,0
2019-02-15,sz.002344,4.6000,4.6500,4.5900,4.6100,4.6100,6647130,30676556.0700,3,0.521206,1,0.000000,0
2019-02-18,sz.002344,4.6200,4.7500,4.6100,4.7500,4.6100,11819997,55368633.7900,3,0.926814,1,3.036873,0
2019-02-19,sz.002344,4.7800,4.8300,4.6700,4.7400,4.7500,11484906,54610698.4900,3,0.900540,1,-0.210531,0
2019-02-20,sz.002344,4.7400,4.7800,4.7000,4.7400,4.7400,8943301,42367523.7300,3,0.701251,1,0.000000,0
2019-02-21,sz.002344,4.7500,4.8100,4.6900,4.7000,4.7400,13403762,63662789.4400,3,1.050999,1,-0.843881,0
2019-02-22,sz.002344,4.7100,4.8500,4.6700,4.8300,4.7000,13102564,62247724.3300,3,1.027381,1,2.765960,0
2019-02-25,sz.002344,4.8700,5.1200,4.8600,5.1000,4.8300,27125434,135195353.8600,3,2.126925,1,5.590062,0
2019-02-26,sz.002344,5.1400,5.1800,5.0200,5.0600,5.1000,26827438,136608373.7500,3,2.103559,1,-0.784313,0
2019-02-27,sz.002344,5.0800,5.1900,5.0300,5.0900,5.0600,19999397,102302196.1400,3,1.568167,1,0.592889,0
2019-02-28,sz.002344,5.1100,5.2900,5.0900,5.1400,5.0900,24480044,126116009.3100,3,1.919498,1,0.982313,0
2019-03-01,sz.002344,5.1700,5.2300,5.0800,5.2100,5.1400,19240294,99397202.6200,3,1.508645,1,1.361871,0
2019-03-04,sz.002344,5.2100,5.4000,5.2000,5.2600,5.2100,25050870,132643177.1100,3,1.964257,1,0.959696,0
2019-03-05,sz.002344,5.2600,5.4500,5.2300,5.4200,5.2600,22502629,119791203.5800,3,1.764447,1,3.041822,0
2019-03-06,sz.002344,5.4200,5.5400,5.3400,5.5000,5.4200,26362724,143520216.9800,3,2.067120,1,1.476013,0
2019-03-07,sz.002344,5.5100,5.8500,5.4600,5.6500,5.5000,30202118,170538813.5300,3,2.368170,1,2.727274,0
2019-03-08,sz.002344,5.5500,5.6700,5.3600,5.4000,5.6500,25646982,141610034.2100,3,2.010998,1,-4.424779,0
2019-03-11,sz.002344,5.3900,5.6100,5.3800,5.6000,5.4000,17638232,97212294.6100,3,1.382921,1,3.703700,0
2019-03-12,sz.002344,5.6400,5.7600,5.5400,5.6400,5.6000,21289339,120506593.2600,3,1.669185,1,0.714285,0
2019-03-13,sz.002344,5.5900,5.6400,5.4300,5.5000,5.6400,16646289,92416221.9800,3,1.305148,1,-2.482267,0
2019-03-14,sz.002344,5.4600,5.5700,5.3200,5.3900,5.5000,18333235,99617985.6200,3,1.437412,1,-2.000002,0
2019-03-15,sz.002344,5.4500,5.5500,5.3900,5.5000,5.3900,12836260,70473204.5800,3,1.006423,1,2.040819,0
2019-03-18,sz.002344,5.5100,5.6300,5.4400,5.6200,5.5000,15272768,84771847.1800,3,1.197457,1,2.181816,0
2019-03-19,sz.002344,5.6200,5.6700,5.5300,5.5900,5.6200,12556085,70207058.4900,3,0.984456,1,-0.533803,0
2019-03-20,sz.002344,5.5900,5.6000,5.4400,5.5700,5.5900,12873355,71295271.4500,3,1.009332,1,-0.357781,0
2019-03-21,sz.002344,5.5800,5.7100,5.5700,5.6700,5.5700,17625700,99783241.0000,3,1.381938,1,1.795330,0
2019-03-22,sz.002344,5.6600,5.7300,5.5800,5.7300,5.6700,14299846,80970052.6600,3,1.121175,1,1.058200,0
2019-03-25,sz.002344,5.6100,5.7100,5.5500,5.6100,5.7300,11972406,67502900.9500,3,0.938693,1,-2.094239,0
2019-03-26,sz.002344,5.6200,5.6400,5.3700,5.4100,5.6100,14219160,78142727.5800,3,1.114849,1,-3.565068,0
2019-03-27,sz.002344,5.4300,5.4400,5.3400,5.3900,5.4100,10963016,59121391.3000,3,0.859552,1,-0.369685,0
2019-03-28,sz.002344,5.3700,5.4700,5.3100,5.3500,5.3900,10525019,56901220.1400,3,0.825211,1,-0.742114,0
2019-03-29,sz.002344,5.3800,5.5800,5.3100,5.5600,5.3500,14632584,79742232.4500,3,1.147264,1,3.925235,0
2019-04-01,sz.002344,5.5500,5.7300,5.5500,5.7300,5.5600,15824696,89660710.1000,3,1.240731,1,3.057555,0
2019-04-02,sz.002344,5.7500,5.8100,5.6900,5.7200,5.7300,13802843,79216324.9000,3,1.082208,1,-0.174524,0
2019-04-03,sz.002344,5.7300,5.8400,5.7100,5.8300,5.7200,12943825,74807895.2000,3,1.014857,1,1.923079,0
2019-04-04,sz.002344,5.8400,5.8800,5.7200,5.8300,5.8300,14590651,84869399.9700,3,1.143976,1,0.000000,0
2019-04-08,sz.002344,5.8300,5.9400,5.7200,5.8500,5.8300,16183059,94474194.6500,3,1.268828,1,0.343053,0
2019-04-09,sz.002344,5.8100,5.8600,5.7300,5.8100,5.8500,9948919,57791538.2600,3,0.780042,1,-0.683760,0
2019-04-10,sz.002344,5.8200,5.9000,5.7200,5.8300,5.8100,14657922,85102266.2600,3,1.149250,1,0.344234,0
2019-04-11,sz.002344,5.8400,5.8800,5.6500,5.6800,5.8300,14150254,81402127.7800,3,1.109447,1,-2.572901,0
2019-04-12,sz.002344,5.6800,5.7400,5.6500,5.7000,5.6800,8929600,50882855.0000,3,0.700123,1,0.352112,0
2019-04-15,sz.002344,5.7400,5.8200,5.7000,5.7000,5.7000,15199552,87748224.5900,3,1.191717,1,0.000000,0
2019-04-16,sz.002344,5.6800,5.7200,5.5400,5.7200,5.7000,14682160,82537205.5100,3,1.151151,1,0.350877,0
2019-04-17,sz.002344,5.7000,5.8300,5.6800,5.7600,5.7200,13657120,78422256.9200,3,1.070783,1,0.699308,0
2019-04-18,sz.002344,5.7600,5.7700,5.6700,5.7000,5.7600,9414172,53920892.5000,3,0.738116,1,-1.041674,0
2019-04-19,sz.002344,5.7100,5.7700,5.6100,5.7500,5.7000,11549607,65870605.9600,3,0.905544,1,0.877196,0
2019-04-22,sz.002344,5.7600,5.8000,5.6500,5.6900,5.7500,13357593,76593159.5100,3,1.047298,1,-1.043477,0
2019-04-23,sz.002344,5.6500,5.6700,5.4900,5.5100,5.6900,14231008,79409556.4500,3,1.115778,1,-3.163442,0
2019-04-24,sz.002344,5.5300,5.5400,5.4100,5.5200,5.5100,11114349,60880052.3000,3,0.871417,1,0.181484,0
2019-04-25,sz.002344,5.5200,5.5200,5.2500,5.3100,5.5200,13056243,70574180.1800,3,1.023671,1,-3.804348,0
2019-04-26,sz.002344,5.2800,5.3300,5.1800,5.2000,5.3100,12431528,65142967.2500,3,0.974690,1,-2.071566,0
2019-04-29,sz.002344,5.1700,5.2200,5.0400,5.0700,5.2000,12908673,66145931.7900,3,1.012101,1,-2.499993,0
2019-04-30,sz.002344,5.0700,5.2000,5.0600,5.1200,5.0700,10938380,56071481.4700,3,0.857621,1,0.986188,0
2019-05-06,sz.002344,5.0000,5.0100,4.7400,4.8200,5.1200,16803349,81952071.5100,3,1.317462,1,-5.859369,0
2019-05-07,sz.002344,4.8300,4.9200,4.8000,4.9100,4.8200,13238184,64410858.8700,3,1.037936,1,1.867213,0
2019-05-08,sz.002344,4.7500,4.9500,4.7300,4.8600,4.9100,8834610,42949870.2000,3,0.692675,1,-1.018324,0
2019-05-09,sz.002344,4.8300,4.8900,4.7700,4.8000,4.8600,6869677,33175173.5900,3,0.538615,1,-1.234567,0
2019-05-10,sz.002344,4.8300,4.9300,4.7800,4.9100,4.8000,8698061,42383056.1300,3,0.681969,1,2.291659,0
2019-05-13,sz.002344,4.8700,4.9000,4.8400,4.8700,4.9100,6240400,30425901.3900,3,0.489277,1,-0.814663,0
2019-05-14,sz.002344,4.8200,4.9000,4.8000,4.8700,4.8700,5271214,25668050.5000,3,0.413288,1,0.000000,0
2019-05-15,sz.002344,4.9000,4.9400,4.8600,4.9300,4.8700,9568830,46868654.8800,3,0.750241,1,1.232032,0
2019-05-16,sz.002344,4.9100,4.9600,4.9000,4.9500,4.9300,7723440,38080942.6000,3,0.605554,1,0.405679,0
2019-05-17,sz.002344,4.9400,4.9500,4.7300,4.7400,4.9500,9889721,47817958.7200,3,0.775401,1,-4.242425,0
2019-05-20,sz.002344,4.7400,4.7700,4.6200,4.7000,4.7400,7581065,35454309.2000,3,0.594391,1,-0.843881,0
2019-05-21,sz.002344,4.7000,4.8000,4.6900,4.7600,4.7000,6878998,32725129.6500,3,0.539346,1,1.276605,0
2019-05-22,sz.002344,4.7600,4.7800,4.6700,4.7100,4.7600,5133862,24266790.7200,3,0.402519,1,-1.050424,0
2019-05-23,sz.002344,4.6900,4.7100,4.6200,4.6400,4.7100,6495060,30253254.7800,3,0.509243,1,-1.486203,0
2019-05-24,sz.002344,4.6300,4.6800,4.6100,4.6400,4.6400,4767305,22144380.1500,3,0.373779,1,0.000000,0
2019-05-27,sz.002344,4.6400,4.7500,4.5800,4.7400,4.6400,7194205,33637522.6000,3,0.564060,1,2.155170,0
2019-05-28,sz.002344,4.7400,4.7700,4.7000,4.7500,4.7400,6851400,32468199.0000,3,0.537182,1,0.210975,0
2019-05-29,sz.002344,4.7100,4.7400,4.6800,4.7000,4.7500,7280980,34283881.0100,3,0.570863,1,-1.052636,0
2019-05-30,sz.002344,4.6800,4.6900,4.6200,4.6600,4.7000,6970848,32414890.8600,3,0.546547,1,-0.851063,0
2019-05-31,sz.002344,4.6500,4.7000,4.6300,4.6400,4.6600,4522540,21098627.1200,3,0.354588,1,-0.429184,0
2019-06-03,sz.002344,4.6400,4.6700,4.5800,4.6000,4.6400,4781805,22063497.9000,3,0.374916,1,-0.862068,0
2019-06-04,sz.002344,4.5900,4.6000,4.5100,4.5400,4.6000,4966500,22637528.9700,3,0.389397,1,-1.304347,0
2019-06-05,sz.002344,4.6000,4.6100,4.5400,4.5400,4.5400,4259300,19460040.0000,3,0.333949,1,0.000000,0
2019-06-06,sz.002344,4.5300,4.5600,4.4300,4.4600,4.5400,6828789,30623251.9500,3,0.535409,1,-1.762113,0
2019-06-10,sz.002344,4.4600,4.5400,4.4500,4.5100,4.4600,4873685,21902064.7800,3,0.382120,1,1.121081,0
2019-06-11,sz.002344,4.5000,4.6700,4.5000,4.6400,4.5100,7136781,32812073.8400,3,0.559557,1,2.882475,0
2019-06-12,sz.002344,4.6500,4.6600,4.5900,4.6100,4.6400,5317967,24598917.3000,3,0.416954,1,-0.646546,0
2019-06-13,sz.002344,4.6100,4.6600,4.5800,4.6400,4.6100,4664730,21566599.7100,3,0.365737,1,0.650753,0
2019-06-14,sz.002344,4.6500,4.6800,4.6100,4.6200,4.6400,6406225,29797970.9700,3,0.502278,1,-0.431034,0
2019-06-17,sz.002344,4.6300,4.6500,4.5700,4.6100,4.6200,4393904,20230522.3600,3,0.344503,1,-0.216445,0
2019-06-18,sz.002344,4.5600,4.6600,4.5600,4.6600,4.6100,4756177,21990913.1700,3,0.372907,1,1.084592,0
2019-06-19,sz.002344,4.7300,4.7600,4.6600,4.6800,4.6600,6193079,29189433.2100,3,0.485567,1,0.429184,0
2019-06-20,sz.002344,4.6700,4.7700,4.6700,4.7600,4.6800,7549752,35761979.3700,3,0.591936,1,1.709410,0
2019-06-21,sz.002344,4.7500,4.8300,4.7200,4.7800,4.7400,8113771,38767960.0700,3,0.636158,1,0.843891,0
2019-06-24,sz.002344,4.7700,4.7800,4.7300,4.7400,4.7800,5943362,28228559.1900,3,0.465988,1,-0.836829,0
2019-06-25,sz.002344,4.7400,4.7700,4.6600,4.7200,4.7400,6325297,29797468.6000,3,0.495933,1,-0.421940,0
2019-06-26,sz.002344,4.7100,4.7300,4.6800,4.7100,4.7200,4320220,20328420.6000,3,0.338726,1,-0.211859,0
2019-06-27,sz.002344,4.7200,4.7500,4.7000,4.7300,4.7100,4058635,19186797.2800,3,0.318216,1,0.424628,0
2019-06-28,sz.002344,4.7000,4.7100,4.5800,4.6600,4.7300,5666192,26342772.9700,3,0.444256,1,-1.479919,0
2019-07-01,sz.002344,4.7400,4.7600,4.7000,4.7500,4.6600,6001641,28434902.3900,3,0.470557,1,1.931334,0
2019-07-02,sz.002344,4.7500,4.7600,4.7200,4.7300,4.7500,5141094,24333754.9000,3,0.403086,1,-0.421052,0
2019-07-03,sz.002344,4.7300,4.7400,4.6600,4.6900,4.7300,5458697,25627842.8700,3,0.427988,1,-0.845665,0
2019-07-04,sz.002344,4.7000,4.7500,4.6600,4.7200,4.6900,6107400,28743423.0000,3,0.478849,1,0.639653,0
2019-07-05,sz.002344,4.7300,4.7400,4.6900,4.7300,4.7200,2987062,14110643.2600,3,0.234200,1,0.211869,0
2019-07-08,sz.002344,4.7300,4.7300,4.5000,4.5200,4.7300,9208701,42078636.5100,3,0.722006,1,-4.439747,0
2019-07-09,sz.002344,4.5000,4.5300,4.4700,4.5100,4.5200,3731633,16798758.7500,3,0.292578,1,-0.221233,0
2019-07-10,sz.002344,4.5200,4.5300,4.4600,4.4800,4.5100,3791100,17032045.0000,3,0.297240,1,-0.665193,0
2019-07-11,sz.002344,4.5000,4.5400,4.4800,4.4900,4.4800,3452300,15581063.0000,3,0.270677,1,0.223209,0
2019-07-12,sz.002344,4.5000,4.5300,4.4800,4.5100,4.4900,2757010,12433839.2000,3,0.216163,1,0.445445,0
2019-07-15,sz.002344,4.5200,4.6700,4.5200,4.6100,4.5100,9921310,45523595.2000,3,0.777878,1,2.217293,0
2019-07-16,sz.002344,4.6400,4.6400,4.5700,4.6100,4.6100,4722197,21730967.2800,3,0.370243,1,0.000000,0
2019-07-17,sz.002344,4.5900,4.6200,4.5800,4.5800,4.6100,3356650,15429588.5000,3,0.263177,1,-0.650764,0
2019-07-18,sz.002344,4.6000,4.6000,4.5400,4.5600,4.5800,3767388,17188779.1600,3,0.295381,1,-0.436681,0
2019-07-19,sz.002344,4.5500,4.6200,4.5500,4.5700,4.5600,3521350,16162954.4100,3,0.276090,1,0.219303,0
2019-07-22,sz.002344,4.5700,4.5800,4.4800,4.4900,4.5700,3530010,15926942.9000,3,0.276769,1,-1.750556,0
2019-07-23,sz.002344,4.5100,4.5300,4.4700,4.5000,4.4900,2991914,13441477.9900,3,0.234580,1,0.222722,0
2019-07-24,sz.002344,4.5200,4.6100,4.5100,4.5600,4.5000,5691756,25951133.2100,3,0.446261,1,1.333332,0
2019-07-25,sz.002344,4.5500,4.5700,4.5200,4.5400,4.5600,3950000,17935493.0000,3,0.309699,1,-0.438596,0
2019-07-26,sz.002344,4.5100,4.5300,4.4900,4.5200,4.5400,2730206,12321436.5200,3,0.214100,1,-0.440500,0
2019-07-29,sz.002344,4.5000,4.5300,4.4800,4.5100,4.5200,3272518,14738656.1900,3,0.256581,1,-0.221233,0
2019-07-30,sz.002344,4.5100,4.5800,4.5000,4.5600,4.5100,6596795,30046388.5400,3,0.517200,1,1.108600,0
2019-07-31,sz.002344,4.5500,4.5600,4.5200,4.5400,4.5600,2944096,13366103.9600,3,0.230800,1,-0.438600,0
2019-08-01,sz.002344,4.5200,4.5300,4.4700,4.4900,4.5400,4429359,19911444.3200,3,0.347300,1,-1.101300,0
2019-08-02,sz.002344,4.4400,4.4400,4.3700,4.3900,4.4900,6587224,29010186.3600,3,0.516500,1,-2.227200,0
2019-08-05,sz.002344,4.3400,4.3800,4.3100,4.3300,4.3900,4143943,17982730.6200,3,0.324900,1,-1.366700,0
2019-08-06,sz.002344,4.2800,4.2800,4.0900,4.1800,4.3300,7920006,33131206.7400,3,0.621000,1,-3.464200,0
2019-08-07,sz.002344,4.1800,4.2100,4.1500,4.1600,4.1800,3485028,14570623.9600,3,0.273200,1,-0.478500,0
2019-08-08,sz.002344,4.1900,4.2100,4.1600,4.1800,4.1600,2812499,11787486.4000,3,0.220500,1,0.480800,0
2019-08-09,sz.002344,4.2000,4.2300,4.1200,4.1400,4.1800,4573800,19063511.0000,3,0.358600,1,-0.956900,0
2019-08-12,sz.002344,4.1300,4.1900,4.1200,4.1900,4.1400,3496992,14558056.4800,3,0.274200,1,1.207700,0
2019-08-13,sz.002344,4.1700,4.1800,4.1400,4.1700,4.1900,2801934,11653065.8100,3,0.219700,1,-0.477300,0
2019-08-14,sz.002344,4.2100,4.2500,4.1800,4.1900,4.1700,2737000,11526846.5100,3,0.214600,1,0.479600,0
2019-08-15,sz.002344,4.1000,4.1900,4.0600,4.1800,4.1900,3837211,15844993.2100,3,0.300900,1,-0.238700,0
2019-08-16,sz.002344,4.1700,4.2200,4.1600,4.1900,4.1800,2735380,11475177.2900,3,0.214500,1,0.239200,0
2019-08-19,sz.002344,4.2000,4.3400,4.2000,4.3200,4.1900,6598292,28281371.4200,3,0.517300,1,3.102600,0
2019-08-20,sz.002344,4.3000,4.3500,4.3000,4.3200,4.3200,3719036,16090810.0000,3,0.291600,1,0.000000,0
2019-08-21,sz.002344,4.3100,4.3300,4.2900,4.3300,4.3200,3756801,16208198.3100,3,0.294600,1,0.231500,0
2019-08-22,sz.002344,4.3400,4.3400,4.2700,4.3200,4.3300,4805929,20666123.5900,3,0.376800,1,-0.230900,0
2019-08-23,sz.002344,4.3200,4.3300,4.2700,4.3100,4.3200,2909306,12522169.7700,3,0.228100,1,-0.231500,0
2019-08-26,sz.002344,4.2300,4.2600,4.1900,4.2500,4.3100,4581374,19383485.6100,3,0.359200,1,-1.392100,0
2019-08-27,sz.002344,4.2500,4.3800,4.2400,4.3500,4.2500,6132989,26573507.8500,3,0.480900,1,2.352900,0
2019-08-28,sz.002344,4.3500,4.3800,4.3300,4.3600,4.3500,3876011,16881144.8500,3,0.303900,1,0.229900,0
2019-08-29,sz.002344,4.3600,4.3800,4.3200,4.3600,4.3600,3606200,15682513.0000,3,0.282700,1,0.000000,0
2019-08-30,sz.002344,4.3600,4.4200,4.2700,4.3300,4.3600,4978401,21686714.3900,3,0.390300,1,-0.688100,0
2019-09-02,sz.002344,4.3000,4.4300,4.2900,4.4000,4.3300,5824925,25491432.7000,3,0.456700,1,1.616600,0
2019-09-03,sz.002344,4.3900,4.4300,4.3600,4.3900,4.4000,3674872,16139745.0800,3,0.288100,1,-0.227300,0
2019-09-04,sz.002344,4.3900,4.4200,4.3700,4.4200,4.3900,5431455,23901553.4500,3,0.425900,1,0.683400,0
2019-09-05,sz.002344,4.4500,4.5100,4.4300,4.4300,4.4200,8153646,36463283.4600,3,0.639300,1,0.226200,0
2019-09-06,sz.002344,4.4500,4.4900,4.3900,4.4300,4.4300,6546700,28979718.0000,3,0.513300,1,0.000000,0
2019-09-09,sz.002344,4.4600,4.5000,4.4300,4.5000,4.4300,6226600,27837706.0200,3,0.488200,1,1.580100,0
2019-09-10,sz.002344,4.4900,4.5100,4.4500,4.5000,4.5000,5117193,22932391.6400,3,0.401200,1,0.000000,0
2019-09-11,sz.002344,4.5100,4.5200,4.4700,4.4900,4.5000,4741300,21308215.0000,3,0.371700,1,-0.222200,0
2019-09-12,sz.002344,4.4900,4.5400,4.4900,4.5100,4.4900,6616494,29831930.0000,3,0.518800,1,0.445400,0
2019-09-16,sz.002344,4.5200,4.5400,4.4900,4.5000,4.5100,4657800,21030653.0000,3,0.365200,1,-0.221700,0
2019-09-17,sz.002344,4.4900,4.5100,4.3700,4.3900,4.5000,6633898,29376470.2400,3,0.520100,1,-2.444400,0
2019-09-18,sz.002344,4.4100,4.4300,4.3600,4.3800,4.3900,4771102,20963246.3500,3,0.374100,1,-0.227800,0
2019-09-19,sz.002344,4.3900,4.4000,4.3400,4.3900,4.3800,4417829,19310223.0200,3,0.346400,1,0.228300,0
2019-09-20,sz.002344,4.4000,4.4100,4.3700,4.4100,4.3900,4735417,20831696.9700,3,0.371300,1,0.455600,0
2019-09-23,sz.002344,4.4000,4.4000,4.3100,4.3300,4.4100,4205697,18263008.0400,3,0.329700,1,-1.814100,0
2019-09-24,sz.002344,4.3500,4.3800,4.3100,4.3400,4.3300,4283500,18609051.0000,3,0.335800,1,0.231000,0
2019-09-25,sz.002344,4.3200,4.3300,4.2500,4.2600,4.3400,5240632,22457062.2400,3,0.410900,1,-1.843300,0
2019-09-26,sz.002344,4.2800,4.2900,4.1800,4.1900,4.2600,5339207,22535085.5200,3,0.418600,1,-1.643200,0
2019-09-27,sz.002344,4.1900,4.2400,4.1800,4.2300,4.1900,3074937,12976308.0100,3,0.241100,1,0.954700,0
2019-09-30,sz.002344,4.2300,4.2600,4.1700,4.1700,4.2300,4904412,20650686.2000,3,0.384500,1,-1.418400,0
2019-10-08,sz.002344,4.2000,4.2700,4.1900,4.2200,4.1700,4985910,21085539.2000,3,0.390900,1,1.199000,0
2019-10-09,sz.002344,4.1900,4.2600,4.1700,4.2500,4.2200,3163700,13353418.0000,3,0.248000,1,0.710900,0
2019-10-10,sz.002344,4.2500,4.2800,4.2300,4.2700,4.2500,3780510,16097515.4000,3,0.296400,1,0.470600,0
2019-10-11,sz.002344,4.2800,4.3100,4.2500,4.3000,4.2700,3942300,16883502.7000,3,0.309100,1,0.702600,0
2019-10-14,sz.002344,4.3400,4.4200,4.3200,4.3800,4.3000,6961810,30498773.4200,3,0.545800,1,1.860500,0
2019-10-15,sz.002344,4.3900,4.4200,4.3600,4.4000,4.3800,4868109,21370574.3100,3,0.381700,1,0.456600,0
2019-10-16,sz.002344,4.4100,4.4200,4.3500,4.3700,4.4000,4308102,18850438.8900,3,0.337800,1,-0.681800,0
2019-10-17,sz.002344,4.3400,4.3800,4.3200,4.3300,4.3700,4175000,18127036.9100,3,0.327300,1,-0.915300,0
2019-10-18,sz.002344,4.3200,4.4000,4.2400,4.2500,4.3300,7284183,31365970.4900,3,0.571100,1,-1.847600,0
2019-10-21,sz.002344,4.2500,4.2600,4.1900,4.2300,4.2500,5140903,21687651.3400,3,0.403100,1,-0.470600,0
2019-10-22,sz.002344,4.2300,4.3000,4.2200,4.2800,4.2300,4790474,20399863.0200,3,0.375600,1,1.182000,0
2019-10-23,sz.002344,4.2800,4.3900,4.2600,4.3200,4.2800,7638084,33076568.1900,3,0.598900,1,0.934600,0
2019-10-24,sz.002344,4.2900,4.3200,4.2500,4.3100,4.3200,5948609,25479168.1500,3,0.466400,1,-0.231500,0
2019-10-25,sz.002344,4.3100,4.3400,4.2500,4.3100,4.3100,5175594,22218797.8000,3,0.405800,1,0.000000,0
2019-10-28,sz.002344,4.3100,4.3800,4.3000,4.3700,4.3100,7629016,33250251.4400,3,0.598200,1,1.392100,0
2019-10-29,sz.002344,4.3800,4.3800,4.3300,4.3300,4.3700,4953531,21572879.0800,3,0.388400,1,-0.915300,0
2019-10-30,sz.002344,4.3100,4.3300,4.2600,4.2800,4.3300,5471400,23495989.8800,3,0.429000,1,-1.154700,0
2019-10-31,sz.002344,4.2800,4.2900,4.2100,4.2200,4.2800,5806685,24691049.7000,3,0.455300,1,-1.401900,0
2019-11-01,sz.002344,4.2100,4.2700,4.1900,4.2700,4.2200,6351510,26879967.8200,3,0.498000,1,1.184800,0
2019-11-04,sz.002344,4.2600,4.3000,4.2300,4.2500,4.2700,4614682,19703619.9200,3,0.361800,1,-0.468400,0
2019-11-05,sz.002344,4.2600,4.2800,4.2100,4.2500,4.2500,3763153,15984647.7200,3,0.295000,1,0.000000,0
2019-11-06,sz.002344,4.2400,4.2600,4.1000,4.1800,4.2500,6967618,29217186.0800,3,0.546300,1,-1.647100,0
2019-11-07,sz.002344,4.1600,4.2100,4.1500,4.1800,4.1800,4074084,17018283.9600,3,0.319400,1,0.000000,0
2019-11-08,sz.002344,4.2000,4.2100,4.1500,4.1700,4.1800,3499809,14643084.4400,3,0.274400,1,-0.239200,0
2019-11-11,sz.002344,4.1500,4.1500,4.0700,4.0900,4.1700,5771400,23644336.0000,3,0.452500,1,-1.918500,0
2019-11-12,sz.002344,4.0700,4.1000,4.0600,4.0900,4.0900,3790841,15473505.6600,3,0.297200,1,0.000000,0
2019-11-13,sz.002344,4.0900,4.0900,4.0500,4.0600,4.0900,3485955,14172037.7500,3,0.273300,1,-0.733500,0
2019-11-14,sz.002344,4.0700,4.0800,4.0200,4.0400,4.0600,4875412,19717938.6600,3,0.382300,1,-0.492600,0
2019-11-15,sz.002344,4.0300,4.0500,3.9900,4.0000,4.0400,3365876,13525388.2400,3,0.263900,1,-0.990100,0
2019-11-18,sz.002344,4.0000,4.0300,3.9800,4.0100,4.0000,3820649,15285635.1000,3,0.299600,1,0.250000,0
2019-11-19,sz.002344,4.0000,4.0600,4.0000,4.0600,4.0100,5264210,21255452.6100,3,0.412700,1,1.246900,0
2019-11-20,sz.002344,4.0500,4.0600,4.0100,4.0100,4.0600,4621393,18632673.9300,3,0.362300,1,-1.231500,0
2019-11-21,sz.002344,4.0000,4.0300,3.9800,4.0300,4.0100,2852794,11450956.5200,3,0.223700,1,0.498800,0
2019-11-22,sz.002344,4.0300,4.0700,4.0000,4.0200,4.0300,4913700,19834660.9600,3,0.385300,1,-0.248100,0
2019-11-25,sz.002344,4.0200,4.1000,4.0100,4.1000,4.0200,7567677,30784312.3100,3,0.593300,1,1.990000,0
2019-11-26,sz.002344,4.1000,4.1100,4.0600,4.0800,4.1000,4053889,16551272.2300,3,0.317800,1,-0.487800,0
2019-11-27,sz.002344,4.0800,4.1000,4.0600,4.1000,4.0800,2663353,10882565.7700,3,0.208800,1,0.490200,0
2019-11-28,sz.002344,4.1000,4.1100,4.0500,4.0700,4.1000,2639523,10749352.6100,3,0.207000,1,-0.731700,0
2019-11-29,sz.002344,4.0700,4.1000,4.0600,4.1000,4.0700,2840223,11589995.8300,3,0.222700,1,0.737100,0
2019-12-02,sz.002344,4.1000,4.1200,4.0600,4.0900,4.1000,2991874,12243280.1800,3,0.234600,1,-0.243900,0
2019-12-03,sz.002344,4.0700,4.1000,4.0400,4.0900,4.0900,3726032,15151826.8500,3,0.292100,1,0.000000,0
2019-12-04,sz.002344,4.0800,4.0900,4.0500,4.0700,4.0900,3760527,15288239.1200,3,0.294800,1,-0.489000,0
2019-12-05,sz.002344,4.0700,4.1100,4.0600,4.1100,4.0700,4620828,18892854.8000,3,0.362300,1,0.982800,0
2019-12-06,sz.002344,4.1000,4.1500,4.0900,4.1400,4.1100,5249163,21614839.1100,3,0.411600,1,0.729900,0
2019-12-09,sz.002344,4.1200,4.1600,4.1200,4.1400,4.1400,4217758,17460982.1200,3,0.330700,1,0.000000,0
2019-12-10,sz.002344,4.1200,4.1400,4.1100,4.1400,4.1400,4927400,20353733.0000,3,0.386300,1,0.000000,0
2019-12-11,sz.002344,4.1400,4.1500,4.1100,4.1200,4.1400,3813400,15736783.0000,3,0.299000,1,-0.483100,0
2019-12-12,sz.002344,4.1300,4.1300,4.0800,4.0900,4.1200,6179917,25386943.6100,3,0.484500,1,-0.728100,0
2019-12-13,sz.002344,4.1000,4.1500,4.0900,4.1500,4.0900,11586864,47699043.9000,3,0.908500,1,1.467000,0
2019-12-16,sz.002344,4.1600,4.1800,4.1400,4.1700,4.1500,8982864,37364711.6000,3,0.704300,1,0.481900,0
2019-12-17,sz.002344,4.1700,4.2400,4.1500,4.2200,4.1700,11882745,49892792.0400,3,0.931700,1,1.199000,0
2019-12-18,sz.002344,4.2200,4.2500,4.2000,4.2100,4.2200,7396179,31229315.1400,3,0.579900,1,-0.237000,0
2019-12-19,sz.002344,4.2100,4.2400,4.1900,4.2300,4.2100,6345625,26767284.0900,3,0.497500,1,0.475100,0
2019-12-20,sz.002344,4.2300,4.2600,4.2000,4.2100,4.2300,7200668,30454411.1600,3,0.564600,1,-0.472800,0
2019-12-23,sz.002344,4.2100,4.2100,4.1200,4.1300,4.2100,8015800,33466945.0000,3,0.628500,1,-1.900200,0
2019-12-24,sz.002344,4.1300,4.1700,4.1200,4.1600,4.1300,5362040,22225067.1000,3,0.420400,1,0.726400,0
2019-12-25,sz.002344,4.1600,4.1700,4.1200,4.1400,4.1600,4850510,20110955.6000,3,0.380300,1,-0.480800,0
2019-12-26,sz.002344,4.1500,4.2100,4.1300,4.1900,4.1400,6241543,26020984.0300,3,0.489400,1,1.207700,0
2019-12-27,sz.002344,4.2100,4.4700,4.2100,4.2600,4.1900,23291373,100510719.7900,3,1.826200,1,1.670600,0
2019-12-30,sz.002344,4.2300,4.4100,4.2100,4.4000,4.2600,22188671,96242235.2600,3,1.739700,1,3.286400,0
2019-12-31,sz.002344,4.3600,4.3900,4.3100,4.3600,4.4000,12866369,55976844.7900,3,1.008800,1,-0.909100,0
2020-01-02,sz.002344,4.3900,4.6300,4.3700,4.5300,4.3600,28974437,131049280.7800,3,2.271700,1,3.899100,0
2020-01-03,sz.002344,4.5200,4.6000,4.4400,4.4900,4.5300,20664933,93453600.2200,3,1.620200,1,-0.883000,0
2020-01-06,sz.002344,4.4600,4.5000,4.4200,4.4400,4.4900,16697297,74417371.8700,3,1.309100,1,-1.113600,0
2020-01-07,sz.002344,4.4600,4.4900,4.4200,4.4800,4.4400,15157109,67596316.1000,3,1.188400,1,0.900900,0
2020-01-08,sz.002344,4.4500,4.4600,4.3700,4.3800,4.4800,12657707,55926642.0900,3,0.992400,1,-2.232100,0
2020-01-09,sz.002344,4.4100,4.4700,4.4100,4.4500,4.3800,9081873,40294251.1700,3,0.712100,1,1.598200,0
2020-01-10,sz.002344,4.4800,4.5800,4.4600,4.4900,4.4500,16145615,72872761.0500,3,1.265900,1,0.898900,0
2020-01-13,sz.002344,4.5000,4.6100,4.5000,4.5200,4.4900,13157171,59716090.9200,3,1.031600,1,0.668200,0
2020-01-14,sz.002344,4.5300,4.5700,4.4700,4.4800,4.5200,11154831,50346110.2900,3,0.874600,1,-0.885000,0
2020-01-15,sz.002344,4.4800,4.5200,4.3800,4.4100,4.4800,11453805,50773841.1000,3,0.898000,1,-1.562500,0
2020-01-16,sz.002344,4.4200,4.4400,4.3800,4.4000,4.4100,7182210,31653429.9000,3,0.563100,1,-0.226800,0
2020-01-17,sz.002344,4.3900,4.4300,4.3600,4.4000,4.4000,6628201,29163251.3900,3,0.519700,1,0.000000,0
2020-01-20,sz.002344,4.3900,4.4200,4.3700,4.4100,4.4000,6222143,27347925.2600,3,0.487800,1,0.227300,0
2020-01-21,sz.002344,4.3900,4.4100,4.3100,4.3100,4.4100,9701407,42126871.3900,3,0.760600,1,-2.267600,0
2020-01-22,sz.002344,4.2900,4.3200,4.2200,4.3000,4.3100,7614425,32595094.6600,3,0.597000,1,-0.232000,0
2020-01-23,sz.002344,4.2800,4.2900,4.1600,4.1800,4.3000,9615206,40556635.1000,3,0.753900,1,-2.790700,0
2020-02-03,sz.002344,3.7700,3.8000,3.7600,3.7600,4.1800,11829601,44565761.9300,3,0.927500,1,-10.047800,0
2020-02-04,sz.002344,3.6300,3.7500,3.6300,3.7200,3.7600,11566340,42950875.3400,3,0.906900,1,-1.063800,0
2020-02-05,sz.002344,3.7200,3.8200,3.7100,3.7600,3.7200,9005168,33976104.6200,3,0.706000,1,1.075300,0
2020-02-06,sz.002344,3.7800,3.8500,3.7300,3.8300,3.7600,9427596,35871625.6500,3,0.739200,1,1.861700,0
2020-02-07,sz.002344,3.8100,3.8300,3.7500,3.8300,3.8300,8386895,31845534.2100,3,0.657600,1,0.000000,0
2020-02-10,sz.002344,3.8600,3.9000,3.8200,3.9000,3.8300,8279742,32045153.5300,3,0.649200,1,1.827700,0
2020-02-11,sz.002344,3.9000,3.9100,3.8500,3.8600,3.9000,6776106,26271751.6600,3,0.531300,1,-1.025600,0
2020-02-12,sz.002344,3.8700,3.9100,3.8400,3.9100,3.8600,7109513,27544152.0000,3,0.557400,1,1.295300,0
2020-02-13,sz.002344,3.8900,3.9200,3.8400,3.8500,3.9100,6204334,24035720.9000,3,0.486400,1,-1.534500,0
2020-02-14,sz.002344,3.8500,3.8700,3.8200,3.8400,3.8500,6049751,23262215.8300,3,0.474300,1,-0.259700,0
2020-02-17,sz.002344,3.8500,3.9300,3.8300,3.9200,3.8400,9906914,38572553.3800,3,0.776700,1,2.083300,0
2020-02-18,sz.002344,3.9200,3.9900,3.9100,3.9600,3.9200,9015182,35618847.0200,3,0.706800,1,1.020400,0
2020-02-19,sz.002344,3.9600,3.9800,3.9100,3.9300,3.9600,8421647,33227350.6500,3,0.660300,1,-0.757600,0
2020-02-20,sz.002344,3.9400,4.0100,3.9200,4.0100,3.9300,9268972,36809029.9100,3,0.726700,1,2.035600,0
2020-02-21,sz.002344,4.0100,4.0500,4.0000,4.0100,4.0100,8849500,35560668.0000,3,0.693800,1,0.000000,0
2020-02-24,sz.002344,4.0000,4.0200,3.9500,4.0100,4.0100,10053002,40078683.4800,3,0.788200,1,0.000000,0
2020-02-25,sz.002344,3.9400,3.9800,3.8900,3.9700,4.0100,10787528,42504952.7600,3,0.845800,1,-0.997500,0
2020-02-26,sz.002344,3.9400,4.0600,3.9200,4.0200,3.9700,13723491,55172913.4400,3,1.076000,1,1.259400,0
2020-02-27,sz.002344,4.0300,4.0800,4.0100,4.0200,4.0200,8488472,34265537.6800,3,0.665500,1,0.000000,0
2020-02-28,sz.002344,3.9500,3.9500,3.8200,3.8300,4.0200,11202793,43608397.3600,3,0.878400,1,-4.726400,0
2020-03-02,sz.002344,3.8200,3.9700,3.8200,3.9600,3.8300,8394512,32865807.8600,3,0.658200,1,3.394300,0
2020-03-03,sz.002344,4.0100,4.0200,3.9500,3.9600,3.9600,7906407,31528856.9800,3,0.619900,1,0.000000,0
2020-03-04,sz.002344,3.9600,4.1700,3.9400,4.1600,3.9600,18319601,74186955.9900,3,1.436300,1,5.050500,0
2020-03-05,sz.002344,4.2000,4.2000,4.1000,4.1500,4.1600,16450916,68112284.6400,3,1.289800,1,-0.240400,0
2020-03-06,sz.002344,4.0900,4.4800,4.0700,4.2900,4.1500,27609325,117894072.8500,3,2.164700,1,3.373500,0
2020-03-09,sz.002344,4.2200,4.2700,4.0600,4.0700,4.2900,17917942,74212825.1400,3,1.404900,1,-5.128200,0
2020-03-10,sz.002344,4.0200,4.1500,4.0100,4.1500,4.0700,10088905,41144628.5400,3,0.791000,1,1.965600,0
2020-03-11,sz.002344,4.1500,4.1900,4.1000,4.1000,4.1500,9747612,40373801.6800,3,0.764300,1,-1.204800,0
2020-03-12,sz.002344,4.0600,4.0700,3.9900,4.0100,4.1000,10267608,41379405.7400,3,0.805000,1,-2.195100,0
2020-03-13,sz.002344,3.8300,3.9900,3.8000,3.9500,4.0100,10099141,39331964.4200,3,0.791800,1,-1.496300,0
2020-03-16,sz.002344,3.9400,4.0000,3.8600,3.8700,3.9500,10938433,42993909.1900,3,0.857600,1,-2.025300,0
2020-03-17,sz.002344,3.8800,3.9100,3.7800,3.8700,3.8700,7837086,30198910.1100,3,0.614500,1,0.000000,0
2020-03-18,sz.002344,3.8900,3.9200,3.7900,3.7900,3.8700,7734831,29854652.2800,3,0.606400,1,-2.067200,0
2020-03-19,sz.002344,3.8000,3.9000,3.7500,3.8900,3.7900,12649385,48418358.8100,3,0.991800,1,2.638500,0
2020-03-20,sz.002344,3.8900,3.9200,3.8300,3.9100,3.8900,9445755,36632070.3500,3,0.740600,1,0.514100,0
2020-03-23,sz.002344,3.8000,3.8800,3.7900,3.8000,3.9100,9300513,35637462.5800,3,0.729200,1,-2.813300,0
2020-03-24,sz.002344,3.8400,3.8700,3.8000,3.8600,3.8000,6861130,26301457.2000,3,0.537900,1,1.578900,0
2020-03-25,sz.002344,3.9100,3.9500,3.8800,3.9300,3.8600,7350310,28753716.2000,3,0.576300,1,1.813500,0
2020-03-26,sz.002344,3.9100,3.9500,3.8700,3.8900,3.9300,6988700,27287205.7200,3,0.547900,1,-1.017800,0
2020-03-27,sz.002344,3.9200,3.9600,3.8900,3.8900,3.8900,6092304,23897297.4000,3,0.477700,1,0.000000,0
2020-03-30,sz.002344,3.8600,3.8900,3.7900,3.8300,3.8900,6428700,24605813.0000,3,0.504000,1,-1.542400,0
2020-03-31,sz.002344,3.8500,3.8700,3.8100,3.8100,3.8300,3670100,14075923.0000,3,0.287800,1,-0.522200,0
2020-04-01,sz.002344,3.8000,3.8500,3.7900,3.7900,3.8100,4335757,16545312.2300,3,0.339900,1,-0.524900,0
2020-04-02,sz.002344,3.7800,3.8400,3.7700,3.8400,3.7900,4717061,17985411.5100,3,0.369800,1,1.319300,0
2020-04-03,sz.002344,3.8400,3.8400,3.8000,3.8200,3.8400,3555200,13564657.0000,3,0.278700,1,-0.520800,0
2020-04-07,sz.002344,3.8600,3.8800,3.8300,3.8700,3.8200,7673900,29609336.3600,3,0.601700,1,1.308900,0
2020-04-08,sz.002344,3.8600,3.9100,3.8400,3.9000,3.8700,7219305,27930686.2600,3,0.566000,1,0.775200,0
2020-04-09,sz.002344,3.9100,3.9100,3.8800,3.8800,3.9000,4613754,17976991.0600,3,0.361700,1,-0.512800,0
2020-04-10,sz.002344,3.8900,3.9000,3.8200,3.8200,3.8800,6255700,24113140.0000,3,0.490500,1,-1.546400,0
2020-04-13,sz.002344,3.8300,3.8300,3.7900,3.8100,3.8200,3950400,15037862.0000,3,0.309700,1,-0.261800,0
2020-04-14,sz.002344,3.8000,3.8400,3.8000,3.8400,3.8100,3565100,13655360.0000,3,0.279500,1,0.787400,0
2020-04-15,sz.002344,3.8400,3.8500,3.7900,3.8000,3.8400,5388770,20595462.0000,3,0.422500,1,-1.041700,0
2020-04-16,sz.002344,3.8000,3.8100,3.7800,3.8000,3.8000,4591929,17431161.6200,3,0.360000,1,0.000000,0
2020-04-17,sz.002344,3.8100,3.8200,3.7900,3.7900,3.8000,4216600,16041121.0000,3,0.330600,1,-0.263200,0
2020-04-20,sz.002344,3.8000,3.8800,3.8000,3.8700,3.7900,9347400,36026664.0000,3,0.732900,1,2.110800,0
2020-04-21,sz.002344,3.8600,3.8700,3.8300,3.8500,3.8700,5512700,21208047.0000,3,0.432200,1,-0.516800,0
2020-04-22,sz.002344,3.8300,3.9500,3.8300,3.9500,3.8500,10076142,39383455.0600,3,0.790000,1,2.597400,0
2020-04-23,sz.002344,3.9600,4.0600,3.9300,3.9800,3.9500,12372000,49556743.0000,3,0.970000,1,0.759500,0
2020-04-24,sz.002344,3.9800,4.0400,3.9200,3.9400,3.9800,6212268,24603508.6800,3,0.487100,1,-1.005000,0
2020-04-27,sz.002344,3.9400,4.0600,3.9400,3.9800,3.9400,9058514,36380561.2200,3,0.710200,1,1.015200,0
2020-04-28,sz.002344,3.9900,4.0000,3.8000,3.8600,3.9800,9358189,36222400.7500,3,0.733700,1,-3.015100,0
2020-04-29,sz.002344,3.8600,3.9100,3.8400,3.8700,3.8600,3636700,14103360.0000,3,0.285100,1,0.259100,0
2020-04-30,sz.002344,3.8900,3.9600,3.8700,3.9200,3.8700,5854823,22978115.6300,3,0.459000,1,1.292000,0
2020-05-06,sz.002344,3.9000,3.9700,3.8900,3.9600,3.9200,6146901,24191647.9400,3,0.481900,1,1.020400,0
2020-05-07,sz.002344,3.9500,3.9700,3.9300,3.9400,3.9600,3974500,15683377.0000,3,0.311600,1,-0.505100,0
2020-05-08,sz.002344,3.9600,3.9900,3.9400,3.9600,3.9400,6522849,25878051.7200,3,0.511400,1,0.507600,0
2020-05-11,sz.002344,3.9600,3.9900,3.9200,3.9500,3.9600,3906507,15443772.0900,3,0.306300,1,-0.252500,0
2020-05-12,sz.002344,3.9500,3.9500,3.8900,3.9200,3.9500,3923659,15381698.1000,3,0.307600,1,-0.759500,0
2020-05-13,sz.002344,3.9000,3.9500,3.8800,3.9500,3.9200,5174009,20312467.2400,3,0.405700,1,0.765300,0
2020-05-14,sz.002344,3.9400,3.9400,3.8900,3.9000,3.9500,4923137,19243549.0900,3,0.386000,1,-1.265800,0
2020-05-15,sz.002344,3.9100,3.9400,3.8900,3.9000,3.9000,4573821,17915319.9000,3,0.358600,1,0.000000,0
2020-05-18,sz.002344,3.9100,3.9100,3.8600,3.8700,3.9000,5333080,20688551.0900,3,0.418100,1,-0.769200,0
2020-05-19,sz.002344,3.8900,3.9200,3.8800,3.9000,3.8700,3408108,13291205.1200,3,0.267200,1,0.775200,0
2020-05-20,sz.002344,3.9100,3.9100,3.8400,3.8600,3.9000,5514168,21320971.4300,3,0.432300,1,-1.025600,0
2020-05-21,sz.002344,3.8600,3.8800,3.8500,3.8600,3.8600,3792062,14641070.7000,3,0.297300,1,0.000000,0
2020-05-22,sz.002344,3.8500,3.8700,3.7800,3.7900,3.8600,5200600,19841204.0000,3,0.407800,1,-1.813500,0
2020-05-25,sz.002344,3.7900,3.8200,3.7900,3.8000,3.7900,2663621,10128473.5900,3,0.208800,1,0.263900,0
2020-05-26,sz.002344,3.8100,3.8600,3.7900,3.8500,3.8000,3715714,14254482.0400,3,0.291300,1,1.315800,0
2020-05-27,sz.002344,3.8400,3.9000,3.8300,3.8600,3.8500,4813921,18575019.0600,3,0.377400,1,0.259700,0
2020-05-28,sz.002344,3.8600,3.9000,3.8200,3.8600,3.8600,4093821,15827517.8500,3,0.321000,1,0.000000,0
2020-05-29,sz.002344,3.8500,4.0300,3.8400,3.9300,3.8600,11400228,45104339.6000,3,0.893800,1,1.813500,0
2020-06-01,sz.002344,3.9500,4.2100,3.9200,4.0800,3.9300,19550242,79470082.3900,3,1.532800,1,3.816800,0
2020-06-02,sz.002344,4.1400,4.4900,4.1400,4.4900,4.0800,25300480,110719583.1300,3,1.983700,1,10.049000,0
2020-06-03,sz.002344,4.7700,4.9400,4.6800,4.9400,4.4900,92348978,450668555.1000,3,7.240600,1,10.022300,0
2020-06-04,sz.002344,5.1100,5.4300,5.1000,5.4300,4.9400,153196192,818211922.1400,3,12.011300,1,9.919000,0
2020-06-05,sz.002344,5.5600,5.5600,4.9000,4.9400,5.4300,139812433,725097693.5900,3,10.962000,1,-9.023900,0
2020-06-08,sz.002344,4.8200,4.8700,4.4500,4.5100,4.9400,98043679,451115005.9600,3,7.687100,1,-8.704400,0
2020-06-09,sz.002344,4.4800,4.5600,4.4000,4.4600,4.5100,58448013,261176450.6700,3,4.582600,1,-1.108700,0
2020-06-10,sz.002344,4.4100,4.4900,4.3200,4.4600,4.4600,48364499,213274795.1700,3,3.792000,1,0.000000,0
2020-06-11,sz.002344,4.4000,4.4600,4.3400,4.3800,4.4400,44170713,194283581.8600,3,3.463200,1,-1.351400,0
2020-06-12,sz.002344,4.2500,4.4800,4.2300,4.3700,4.3800,46323478,202151595.6700,3,3.632000,1,-0.228300,0
2020-06-15,sz.002344,4.2900,4.3600,4.2300,4.2700,4.3700,38688505,166381233.3900,3,3.033400,1,-2.288300,0
2020-06-16,sz.002344,4.2800,4.3900,4.2700,4.3500,4.2700,30364634,131094722.7700,3,2.380700,1,1.873500,0
2020-06-17,sz.002344,4.3200,4.3400,4.2200,4.2400,4.3500,31591818,134635186.9000,3,2.476900,1,-2.528700,0
2020-06-18,sz.002344,4.2400,4.2700,4.1900,4.2300,4.2400,23019118,97536708.5600,3,1.804800,1,-0.235800,0
2020-06-19,sz.002344,4.2300,4.5700,4.2300,4.4500,4.2300,72891805,323702922.0500,3,5.715100,1,5.200900,0
2020-06-22,sz.002344,4.4300,4.4400,4.2500,4.2600,4.4500,44380000,191248063.9600,3,3.479600,1,-4.269700,0
2020-06-23,sz.002344,4.2200,4.2300,4.1400,4.1500,4.2600,27843014,116424349.3200,3,2.183000,1,-2.582200,0
2020-06-24,sz.002344,4.1600,4.1800,4.1300,4.1400,4.1500,13908458,57752255.8000,3,1.090500,1,-0.241000,0
2020-06-29,sz.002344,4.1900,4.2300,4.1000,4.1300,4.1400,15039756,62747642.8800,3,1.179200,1,-0.241500,0
2020-06-30,sz.002344,4.1600,4.1900,4.1400,4.1900,4.1300,16811859,70001687.2300,3,1.318100,1,1.452800,0
2020-07-01,sz.002344,4.1900,4.2800,4.1600,4.2300,4.1900,22368513,94375999.4200,3,1.753800,1,0.954700,0
2020-07-02,sz.002344,4.2400,4.2900,4.1900,4.2700,4.2300,21653298,92064830.1500,3,1.697700,1,0.945600,0
2020-07-03,sz.002344,4.2700,4.3500,4.2600,4.3100,4.2700,24318756,104468975.5300,3,1.906700,1,0.936800,0
2020-07-06,sz.002344,4.3200,4.5600,4.3100,4.5200,4.3100,44975295,199890127.5400,3,3.526300,1,4.872400,0
2020-07-07,sz.002344,4.5700,4.6800,4.4900,4.5200,4.5200,46086906,210726169.9800,3,3.613400,1,0.000000,0
2020-07-08,sz.002344,4.5500,4.7000,4.4900,4.6600,4.5200,42981484,197536895.5600,3,3.370000,1,3.097300,0
2020-07-09,sz.002344,4.6600,4.8500,4.6100,4.7800,4.6600,39619610,188225600.8200,3,3.106400,1,2.575100,0
2020-07-10,sz.002344,4.7500,4.8900,4.6900,4.7100,4.7800,38597612,184589456.8400,3,3.026200,1,-1.464400,0
2020-07-13,sz.002344,4.6900,4.8600,4.6800,4.8100,4.7100,33263780,158918261.6000,3,2.608000,1,2.123100,0
2020-07-14,sz.002344,4.8000,4.9900,4.7200,4.9100,4.8100,38697901,188175417.1700,3,3.034100,1,2.079000,0
2020-07-15,sz.002344,4.9200,4.9200,4.6100,4.6200,4.9100,33559561,158490917.9200,3,2.631200,1,-5.906300,0
2020-07-16,sz.002344,4.6100,4.7000,4.4700,4.4800,4.6200,22100068,101670307.3200,3,1.732700,1,-3.030300,0
2020-07-17,sz.002344,4.5000,4.5500,4.4100,4.4400,4.4800,16658323,74412401.7800,3,1.306100,1,-0.892900,0
2020-07-20,sz.002344,4.4800,4.6500,4.4600,4.6300,4.4400,21137726,96943465.9300,3,1.657300,1,4.279300,0
2020-07-21,sz.002344,4.6600,4.7100,4.5800,4.6100,4.6300,15137900,70213174.0000,3,1.186900,1,-0.432000,0
2020-07-22,sz.002344,4.5800,4.6700,4.5400,4.5800,4.6100,15708482,72340502.9900,3,1.231600,1,-0.650800,0
2020-07-23,sz.002344,4.5700,4.5700,4.4100,4.5100,4.5800,16030435,71958759.3300,3,1.256900,1,-1.528400,0
2020-07-24,sz.002344,4.5000,4.5800,4.3400,4.3400,4.5100,20222100,89954391.0000,3,1.585500,1,-3.769400,0
2020-07-27,sz.002344,4.3500,4.3600,4.2700,4.3100,4.3400,11897621,51213492.6700,3,0.932800,1,-0.691200,0
2020-07-28,sz.002344,4.3100,4.3800,4.3100,4.3500,4.3100,9494926,41243378.4200,3,0.744400,1,0.928100,0
2020-07-29,sz.002344,4.3400,4.4600,4.2700,4.4500,4.3500,13628601,59759825.3900,3,1.068500,1,2.298900,0
2020-07-30,sz.002344,4.4600,4.5000,4.4400,4.4700,4.4500,10340286,46198664.4300,3,0.810700,1,0.449400,0
2020-07-31,sz.002344,4.4400,4.5200,4.4200,4.5000,4.4700,11167000,49933055.0000,3,0.875500,1,0.671100,0
2020-08-03,sz.002344,4.5300,4.6300,4.5300,4.6300,4.5000,13544532,62013803.9700,3,1.062000,1,2.888900,0
2020-08-04,sz.002344,4.6400,4.6600,4.5300,4.5600,4.6300,11686031,53406886.0200,3,0.916200,1,-1.511900,0
2020-08-05,sz.002344,4.5700,4.5900,4.5000,4.5600,4.5600,12072039,54880915.7700,3,0.946500,1,0.000000,0
2020-08-06,sz.002344,4.5800,4.5900,4.4700,4.5300,4.5600,12491851,56490026.1900,3,0.979400,1,-0.657900,0
2020-08-07,sz.002344,4.5100,4.5200,4.4100,4.4500,4.5300,11643553,52017833.8100,3,0.912900,1,-1.766000,0
2020-08-10,sz.002344,4.4400,4.5600,4.4200,4.5500,4.4500,10703212,48219896.7000,3,0.839200,1,2.247200,0
2020-08-11,sz.002344,4.5500,4.6000,4.4400,4.4500,4.5500,14246114,64519365.0400,3,1.117000,1,-2.197800,0
2020-08-12,sz.002344,4.4300,4.4500,4.3500,4.4300,4.4500,11625997,51161433.0400,3,0.911500,1,-0.449400,0
2020-08-13,sz.002344,4.4400,4.6000,4.4300,4.5800,4.4300,18152539,82186094.9200,3,1.423200,1,3.386000,0
2020-08-14,sz.002344,4.6000,4.6900,4.5500,4.6300,4.5800,18777263,86805994.0500,3,1.472200,1,1.091700,0
2020-08-17,sz.002344,4.6500,4.6900,4.5900,4.6500,4.6300,18366034,85203547.4000,3,1.440000,1,0.432000,0
2020-08-18,sz.002344,4.6600,4.6700,4.6000,4.6200,4.6500,12896150,59626051.5000,3,1.011100,1,-0.645200,0
2020-08-19,sz.002344,4.6200,4.6200,4.5300,4.5400,4.6200,13054083,59660775.3100,3,1.023500,1,-1.731600,0
2020-08-20,sz.002344,4.5200,4.5600,4.4800,4.5000,4.5400,10830401,48961055.5300,3,0.849200,1,-0.881100,0
2020-08-21,sz.002344,4.5100,4.6000,4.5100,4.5400,4.5000,9919301,45068122.7000,3,0.777700,1,0.888900,0
2020-08-24,sz.002344,4.5900,4.6600,4.5500,4.6200,4.5400,19638700,90886424.9700,3,1.542000,1,1.762100,0
2020-08-25,sz.002344,4.6300,4.6500,4.5500,4.5600,4.6200,12979069,59585582.9800,3,1.019100,1,-1.298700,0
2020-08-26,sz.002344,4.5600,4.6100,4.5000,4.5200,4.5600,15310800,69683620.0000,3,1.202100,1,-0.877200,0
2020-08-27,sz.002344,4.5400,4.5400,4.4400,4.5000,4.5200,12075217,54195228.9500,3,0.948100,1,-0.442500,0
2020-08-28,sz.002344,4.4900,4.5500,4.4500,4.5300,4.5000,11258669,50674300.5900,3,0.884000,1,0.666700,0
2020-08-31,sz.002344,4.6000,4.6400,4.5400,4.5500,4.5300,16272932,74628472.1400,3,1.277700,1,0.441500,0
2020-09-01,sz.002344,4.5600,4.8900,4.5000,4.7700,4.5500,38695685,183467088.7000,3,3.038200,1,4.835200,0
2020-09-02,sz.002344,4.7500,4.8200,4.7000,4.7600,4.7700,20549034,97763540.1800,3,1.613400,1,-0.209600,0
2020-09-03,sz.002344,4.7200,4.7800,4.6800,4.7500,4.7600,16696160,78884013.6000,3,1.310900,1,-0.210100,0
2020-09-04,sz.002344,4.6700,4.6900,4.6000,4.6400,4.7500,16513144,76467744.2000,3,1.296600,1,-2.315800,0
2020-09-07,sz.002344,4.6400,4.6800,4.5300,4.5600,4.6400,16425800,75935453.0000,3,1.289700,1,-1.724100,0
2020-09-08,sz.002344,4.5600,4.6500,4.5500,4.6400,4.5600,12146526,55845537.0200,3,0.953700,1,1.754400,0
2020-09-09,sz.002344,4.6400,4.7500,4.6200,4.6400,4.6400,19052260,89261058.1000,3,1.495900,1,0.000000,0
2020-09-10,sz.002344,4.6600,4.7500,4.4300,4.4700,4.6400,23207070,106735451.2400,3,1.822100,1,-3.663800,0
2020-09-11,sz.002344,4.4500,4.5100,4.4000,4.4900,4.4700,12819870,57192716.6400,3,1.006600,1,0.447400,0
2020-09-14,sz.002344,4.4900,4.5300,4.4000,4.4500,4.4900,11051000,49348834.0000,3,0.867700,1,-0.890900,0
2020-09-15,sz.002344,4.4600,4.4700,4.4000,4.4300,4.4500,7056100,31245003.0000,3,0.554000,1,-0.449400,0
2020-09-16,sz.002344,4.4300,4.4500,4.4000,4.4400,4.4300,7250800,32095495.0000,3,0.569300,1,0.225700,0
2020-09-17,sz.002344,4.4400,4.4600,4.3600,4.4500,4.4400,10015500,44175254.0000,3,0.786400,1,0.225200,0
2020-09-18,sz.002344,4.4400,4.5100,4.4200,4.5000,4.4500,8894100,39698680.1200,3,0.698300,1,1.123600,0
2020-09-21,sz.002344,4.4900,4.5800,4.4600,4.5000,4.5000,8775800,39656932.7200,3,0.689000,1,0.000000,0
2020-09-22,sz.002344,4.4900,4.5100,4.4300,4.4400,4.5000,6748070,30143686.3000,3,0.529800,1,-1.333300,0
2020-09-23,sz.002344,4.4400,4.4600,4.4100,4.4300,4.4400,5002600,22191194.0000,3,0.392800,1,-0.225200,0
2020-09-24,sz.002344,4.4100,4.4100,4.2500,4.3000,4.4300,9412800,40802209.0000,3,0.739100,1,-2.934500,0
2020-09-25,sz.002344,4.3000,4.3200,4.2200,4.2500,4.3000,6643300,28355913.0000,3,0.521600,1,-1.162800,0
2020-09-28,sz.002344,4.2500,4.2800,4.2000,4.2100,4.2500,4958501,20986275.2200,3,0.389300,1,-0.941200,0
2020-09-29,sz.002344,4.2700,4.3100,4.2400,4.2600,4.2100,6822140,29150984.4000,3,0.535600,1,1.187600,0
2020-09-30,sz.002344,4.2600,4.2600,4.1800,4.2100,4.2600,6032465,25436200.3500,3,0.473600,1,-1.173700,0
2020-10-09,sz.002344,4.2500,4.3200,4.2400,4.3000,4.2100,7238006,31031620.7900,3,0.568300,1,2.137800,0
2020-10-12,sz.002344,4.3100,4.4000,4.3000,4.3800,4.3000,7766052,33874742.0200,3,0.609800,1,1.860500,0
2020-10-13,sz.002344,4.3800,4.3800,4.3300,4.3600,4.3800,5598900,24378280.4700,3,0.439600,1,-0.456600,0
2020-10-14,sz.002344,4.3500,4.3600,4.3200,4.3300,4.3600,4171100,18091687.0000,3,0.327500,1,-0.688100,0
2020-10-15,sz.002344,4.3300,4.4100,4.3300,4.3700,4.3300,7490850,32719981.1100,3,0.588200,1,0.923800,0
2020-10-16,sz.002344,4.3600,4.3900,4.3000,4.3400,4.3700,6826678,29657075.7400,3,0.536000,1,-0.686500,0
2020-10-19,sz.002344,4.3500,4.4200,4.3300,4.3500,4.3400,7658801,33525056.6000,3,0.601300,1,0.230400,0
2020-10-20,sz.002344,4.3200,4.4700,4.3100,4.3900,4.3500,9288672,40745243.6400,3,0.729300,1,0.919500,0
2020-10-21,sz.002344,4.3900,4.4000,4.2900,4.3100,4.3900,8324243,36098663.9500,3,0.653600,1,-1.822300,0
2020-10-22,sz.002344,4.2900,4.3000,4.2600,4.2800,4.3100,5346308,22877550.2400,3,0.419800,1,-0.696100,0
2020-10-23,sz.002344,4.2800,4.3100,4.2400,4.2600,4.2800,5662934,24245687.3700,3,0.444600,1,-0.467300,0
2020-10-26,sz.002344,4.2400,4.2700,4.2100,4.2300,4.2600,5354188,22643681.7800,3,0.420400,1,-0.704200,0
2020-10-27,sz.002344,4.2000,4.2300,4.1900,4.2200,4.2300,3820779,16079153.8000,3,0.300000,1,-0.236400,0
2020-10-28,sz.002344,4.2200,4.2200,4.0900,4.1500,4.2200,9036327,37483347.5800,3,0.709500,1,-1.658800,0
2020-10-29,sz.002344,4.1000,4.1400,4.0800,4.1100,4.1500,7022751,28859743.1000,3,0.551400,1,-0.963900,0
2020-10-30,sz.002344,4.1100,4.1300,3.9800,3.9800,4.1100,9917100,40203071.0000,3,0.778700,1,-3.163000,0
2020-11-02,sz.002344,3.9800,4.0000,3.9500,3.9800,3.9800,5919933,23533720.0100,3,0.464800,1,0.000000,0
2020-11-03,sz.002344,4.0000,4.0700,3.9800,4.0600,3.9800,5064185,20432747.4100,3,0.397600,1,2.010100,0
2020-11-04,sz.002344,4.0600,4.0800,3.9900,4.0400,4.0600,5302919,21380720.7200,3,0.416400,1,-0.492600,0
2020-11-05,sz.002344,4.0700,4.1000,4.0300,4.0800,4.0400,6923346,28150429.3900,3,0.543600,1,0.990100,0
2020-11-06,sz.002344,4.0900,4.0900,4.0600,4.0700,4.0800,5110130,20812883.9700,3,0.401200,1,-0.245100,0
2020-11-09,sz.002344,4.0700,4.1600,4.0600,4.1400,4.0700,8891292,36669388.9200,3,0.698100,1,1.719900,0
2020-11-10,sz.002344,4.1600,4.1600,4.1100,4.1200,4.1400,7325218,30258672.8800,3,0.575100,1,-0.483100,0
2020-11-11,sz.002344,4.1600,4.1600,4.1000,4.1000,4.1200,5698059,23493562.4900,3,0.447400,1,-0.485400,0
2020-11-12,sz.002344,4.1200,4.1300,4.0900,4.1100,4.1000,4394980,18039154.8700,3,0.345100,1,0.243900,0
2020-11-13,sz.002344,4.1000,4.1100,4.0500,4.0700,4.1100,4988100,20331331.0000,3,0.391600,1,-0.973200,0
2020-11-16,sz.002344,4.0900,4.1600,4.0900,4.1500,4.0700,7128700,29463073.0000,3,0.559700,1,1.965600,0
2020-11-17,sz.002344,4.1400,4.1700,4.1200,4.1500,4.1500,6549777,27168804.7800,3,0.514300,1,0.000000,0
2020-11-18,sz.002344,4.1600,4.1900,4.1400,4.1700,4.1500,6266393,26148928.7400,3,0.492000,1,0.481900,0
2020-11-19,sz.002344,4.1800,4.2100,4.1400,4.1700,4.1700,6017202,25132006.3400,3,0.472400,1,0.000000,0
2020-11-20,sz.002344,4.1500,4.1800,4.1300,4.1600,4.1700,4142801,17205403.1300,3,0.325300,1,-0.239800,0
2020-11-23,sz.002344,4.1800,4.2500,4.1600,4.2100,4.1600,8539971,35982228.0600,3,0.670500,1,1.201900,0
2020-11-24,sz.002344,4.2200,4.2400,4.1900,4.1900,4.2100,4174946,17581254.1200,3,0.327800,1,-0.475100,0
2020-11-25,sz.002344,4.2100,4.2200,4.1700,4.1800,4.1900,5803667,24336542.3500,3,0.455700,1,-0.238700,0
2020-11-26,sz.002344,4.1800,4.2000,4.1400,4.1600,4.1800,4163000,17342000.0000,3,0.326900,1,-0.478500,0
2020-11-27,sz.002344,4.1600,4.2000,4.1500,4.1900,4.1600,5124224,21389045.8400,3,0.402300,1,0.721200,0
2020-11-30,sz.002344,4.2000,4.2400,4.1600,4.1900,4.1900,7119401,29975541.1900,3,0.559000,1,0.000000,0
2020-12-01,sz.002344,4.1900,4.2400,4.1800,4.2300,4.1900,6139025,25863172.4700,3,0.482000,1,0.954700,0
2020-12-02,sz.002344,4.2300,4.2600,4.2200,4.2500,4.2300,6203300,26315353.0000,3,0.487100,1,0.472800,0
2020-12-03,sz.002344,4.2600,4.2600,4.2200,4.2400,4.2500,4897665,20744154.9400,3,0.384500,1,-0.235300,0
2020-12-04,sz.002344,4.2400,4.2400,4.1800,4.1800,4.2400,5354624,22483412.5600,3,0.420400,1,-1.415100,0
2020-12-07,sz.002344,4.2000,4.2100,4.1700,4.1800,4.1800,3833059,16057445.2100,3,0.301000,1,0.000000,0
2020-12-08,sz.002344,4.1600,4.1900,4.1500,4.1600,4.1800,3253136,13574319.1200,3,0.255400,1,-0.478500,0
2020-12-09,sz.002344,4.1600,4.1700,4.0600,4.0600,4.1600,5681100,23323148.0000,3,0.446100,1,-2.403800,0
2020-12-10,sz.002344,4.0600,4.0800,4.0400,4.0600,4.0600,4506647,18288718.3100,3,0.353800,1,0.000000,0
2020-12-11,sz.002344,4.0600,4.0700,3.9700,4.0100,4.0600,6366967,25513741.7800,3,0.499900,1,-1.231500,0
2020-12-14,sz.002344,4.0300,4.0600,3.9900,4.0500,4.0100,4382292,17647283.8400,3,0.344100,1,0.997500,0
2020-12-15,sz.002344,4.0300,4.0800,4.0000,4.0500,4.0500,3902992,15780725.6000,3,0.306400,1,0.000000,0
2020-12-16,sz.002344,4.0600,4.1100,4.0300,4.0700,4.0500,4182831,16995196.8600,3,0.328400,1,0.493800,0
2020-12-17,sz.002344,4.1000,4.1000,3.9900,4.0600,4.0700,6102639,24634989.5400,3,0.479200,1,-0.245700,0
2020-12-18,sz.002344,4.0600,4.1000,4.0200,4.0400,4.0600,4894358,19846886.4600,3,0.384300,1,-0.492600,0
2020-12-21,sz.002344,4.0200,4.0800,4.0100,4.0700,4.0400,3884741,15774310.7000,3,0.305000,1,0.742600,0
2020-12-22,sz.002344,4.0600,4.0600,3.9900,3.9900,4.0700,5676100,22835870.0000,3,0.445700,1,-1.965600,0
2020-12-23,sz.002344,3.9900,4.0300,3.9900,4.0000,3.9900,3905820,15662775.0000,3,0.306700,1,0.250600,0
2020-12-24,sz.002344,4.0200,4.0200,3.8900,3.8900,4.0000,7703600,30338695.4200,3,0.604900,1,-2.750000,0
2020-12-25,sz.002344,3.8900,3.9700,3.8900,3.9500,3.8900,4047410,15932384.0000,3,0.317800,1,1.542400,0
2020-12-28,sz.002344,3.9200,4.1300,3.9200,4.0800,3.9500,12615902,51153313.9700,3,0.990600,1,3.291100,0
2020-12-29,sz.002344,4.0600,4.1400,4.0400,4.0400,4.0800,7623211,31058924.5500,3,0.598500,1,-0.980400,0
2020-12-30,sz.002344,4.0500,4.0700,4.0100,4.0300,4.0400,4793000,19352069.0000,3,0.376300,1,-0.247500,0
2020-12-31,sz.002344,4.0500,4.1300,4.0300,4.0900,4.0300,7305660,29905887.4400,3,0.573600,1,1.488800,0
2021-01-04,sz.002344,4.0800,4.1100,4.0500,4.0800,4.0900,5934753,24186045.6500,3,0.466000,1,-0.244500,0
2021-01-05,sz.002344,4.0500,4.0800,4.0100,4.0500,4.0800,6544900,26485532.0000,3,0.513900,1,-0.735300,0
2021-01-06,sz.002344,4.0600,4.0700,3.9800,3.9900,4.0500,6880287,27601559.5300,3,0.540200,1,-1.481500,0
2021-01-07,sz.002344,3.9900,4.0000,3.8700,3.8800,3.9900,8299892,32504994.6600,3,0.651700,1,-2.756900,0
2021-01-08,sz.002344,3.8700,3.9200,3.8200,3.9000,3.8800,5378888,20861989.2000,3,0.422300,1,0.515500,0
2021-01-11,sz.002344,3.9000,3.9000,3.7900,3.8000,3.9000,6552702,25116075.2100,3,0.514500,1,-2.564100,0
2021-01-12,sz.002344,3.7900,3.8500,3.7900,3.8100,3.8000,3740794,14274682.9400,3,0.293700,1,0.263200,0
2021-01-13,sz.002344,3.8200,3.8200,3.7000,3.7300,3.8100,8170098,30617039.3700,3,0.641500,1,-2.099700,0
2021-01-14,sz.002344,3.7100,3.7900,3.7000,3.7600,3.7300,4587855,17215240.4300,3,0.360200,1,0.804300,0
2021-01-15,sz.002344,3.7500,3.8400,3.7500,3.8200,3.7600,3696506,14089033.3000,3,0.290200,1,1.595700,0
2021-01-18,sz.002344,3.8000,3.8500,3.8000,3.8200,3.8200,3549434,13583918.3200,3,0.278700,1,0.000000,0
2021-01-19,sz.002344,3.8100,3.8600,3.7700,3.8500,3.8200,6146796,23510548.7600,3,0.482600,1,0.785300,0
2021-01-20,sz.002344,3.8500,3.8600,3.7900,3.8100,3.8500,4098310,15647154.0000,3,0.321800,1,-1.039000,0
2021-01-21,sz.002344,3.8100,3.8600,3.7900,3.8300,3.8100,3912546,14978176.3400,3,0.307200,1,0.524900,0
2021-01-22,sz.002344,3.8200,3.8200,3.7600,3.7700,3.8300,4225878,15992402.8400,3,0.331800,1,-1.566600,0
2021-01-25,sz.002344,3.7700,3.7800,3.6900,3.7000,3.7700,5508965,20468294.8500,3,0.432500,1,-1.856800,0
2021-01-26,sz.002344,3.7000,3.7100,3.6600,3.6700,3.7000,3737000,13775477.0000,3,0.293400,1,-0.810800,0
2021-01-27,sz.002344,3.6700,3.7000,3.6700,3.7000,3.6700,3508178,12928269.8200,3,0.275400,1,0.817400,0
2021-01-28,sz.002344,3.6900,3.7100,3.6800,3.6800,3.7000,3157598,11660726.6000,3,0.247900,1,-0.540500,0
2021-01-29,sz.002344,3.6900,3.7100,3.6200,3.6300,3.6800,4677487,17095680.8100,3,0.367300,1,-1.358700,0
2021-02-01,sz.002344,3.6200,3.6600,3.5900,3.6500,3.6300,4080258,14797101.7100,3,0.320400,1,0.551000,0
2021-02-02,sz.002344,3.6600,3.6900,3.6500,3.6600,3.6500,2614365,9595755.9000,3,0.205300,1,0.274000,0
2021-02-03,sz.002344,3.6400,3.6600,3.5900,3.6000,3.6600,3628242,13131965.4300,3,0.284900,1,-1.639300,0
2021-02-04,sz.002344,3.6100,3.6100,3.4900,3.5100,3.6000,5278554,18645798.8400,3,0.414500,1,-2.500000,0
2021-02-05,sz.002344,3.5200,3.5500,3.4800,3.4900,3.5100,3203700,11237700.0000,3,0.251500,1,-0.569800,0
2021-02-08,sz.002344,3.4900,3.5300,3.4900,3.5000,3.4900,2671740,9381734.9000,3,0.209800,1,0.286500,0
2021-02-09,sz.002344,3.5100,3.5400,3.5000,3.5300,3.5000,2890934,10178292.0400,3,0.227000,1,0.857100,0
2021-02-10,sz.002344,3.5300,3.5700,3.5300,3.5500,3.5300,2363200,8401430.0000,3,0.185500,1,0.566600,0
2021-02-18,sz.002344,3.5700,3.6300,3.5700,3.6200,3.5500,3449303,12422737.8000,3,0.270800,1,1.971800,0
2021-02-19,sz.002344,3.6200,3.7200,3.6000,3.7200,3.6200,5262704,19336843.6100,3,0.413200,1,2.762400,0
2021-02-22,sz.002344,3.7200,3.8400,3.7100,3.7600,3.7200,7202879,27258321.3700,3,0.565500,1,1.075300,0
2021-02-23,sz.002344,3.7600,3.7900,3.7200,3.7500,3.7600,4890033,18385690.9100,3,0.383900,1,-0.266000,0
2021-02-24,sz.002344,3.7600,3.7800,3.7300,3.7500,3.7500,4207265,15800696.4000,3,0.330300,1,0.000000,0
2021-02-25,sz.002344,3.7600,3.7900,3.7400,3.7500,3.7500,5224900,19678265.0000,3,0.410200,1,0.000000,0
2021-02-26,sz.002344,3.7300,3.7600,3.7100,3.7500,3.7500,4450478,16652549.7200,3,0.349400,1,0.000000,0
2021-03-01,sz.002344,3.7500,3.8100,3.7400,3.7700,3.7500,5405874,20376678.2400,3,0.424400,1,0.533300,0
2021-03-02,sz.002344,3.7700,3.7900,3.7300,3.7500,3.7700,3964400,14901052.0000,3,0.311300,1,-0.530500,0
2021-03-03,sz.002344,3.7400,3.8000,3.7300,3.7900,3.7500,6781902,25565311.6000,3,0.532500,1,1.066700,0
2021-03-04,sz.002344,3.7700,3.8100,3.7600,3.7800,3.7900,5205559,19696610.5600,3,0.408700,1,-0.263900,0
2021-03-05,sz.002344,3.7800,3.8300,3.7700,3.8200,3.7800,4954458,18885340.2400,3,0.389000,1,1.058200,0
2021-03-08,sz.002344,3.8200,3.8500,3.7800,3.7900,3.8200,7665061,29288976.2500,3,0.601800,1,-0.785300,0
2021-03-09,sz.002344,3.7900,3.8000,3.6600,3.7400,3.7900,8267929,30911633.1700,3,0.649200,1,-1.319300,0
2021-03-10,sz.002344,3.7400,3.7600,3.6900,3.7100,3.7400,4465400,16627837.0000,3,0.350600,1,-0.802100,0
2021-03-11,sz.002344,3.7000,3.7500,3.6900,3.7400,3.7100,3694100,13771312.0000,3,0.290000,1,0.808600,0
2021-03-12,sz.002344,3.7400,3.8200,3.7400,3.7900,3.7400,5194400,19656575.0000,3,0.407800,1,1.336900,0
2021-03-15,sz.002344,3.7900,3.8300,3.7600,3.8200,3.7900,6321265,23999950.7000,3,0.496300,1,0.791600,0
2021-03-16,sz.002344,3.8200,3.8400,3.8000,3.8400,3.8200,4779956,18280303.9200,3,0.375300,1,0.523600,0
2021-03-17,sz.002344,3.8300,3.8500,3.8000,3.8400,3.8400,5244000,20039777.7000,3,0.411700,1,0.000000,0
2021-03-18,sz.002344,3.8400,3.8400,3.8000,3.8200,3.8400,3834927,14649675.1400,3,0.301100,1,-0.520800,0
2021-03-19,sz.002344,3.8100,3.8500,3.8000,3.8100,3.8200,4479600,17125832.0000,3,0.351700,1,-0.261800,0
2021-03-22,sz.002344,3.8100,3.8500,3.7900,3.8500,3.8100,4834571,18522056.6300,3,0.379600,1,1.049900,0
2021-03-23,sz.002344,3.8500,3.9200,3.8400,3.8500,3.8500,8847465,34292248.7400,3,0.694700,1,0.000000,0
2021-03-24,sz.002344,3.8300,3.8900,3.8300,3.8600,3.8500,4604300,17810889.0000,3,0.361500,1,0.259700,0
2021-03-25,sz.002344,3.8600,3.8900,3.8200,3.8300,3.8600,6529201,25148691.8200,3,0.512600,1,-0.777200,0
2021-03-26,sz.002344,3.8200,3.8500,3.8100,3.8400,3.8300,4168900,15980513.0000,3,0.327300,1,0.261100,0
2021-03-29,sz.002344,3.8400,3.8500,3.8200,3.8400,3.8400,3599600,13798174.0000,3,0.282600,1,0.000000,0
2021-03-30,sz.002344,3.8400,3.8500,3.7600,3.7600,3.8400,5658140,21439979.2000,3,0.444300,1,-2.083300,0
2021-03-31,sz.002344,3.7600,3.8000,3.7400,3.7900,3.7600,3582476,13533594.2800,3,0.281300,1,0.797900,0
2021-04-01,sz.002344,3.7900,3.9100,3.7400,3.8700,3.7900,8651476,33314383.8000,3,0.679300,1,2.110800,0
2021-04-02,sz.002344,3.8600,3.8800,3.8200,3.8400,3.8700,5267222,20263385.0400,3,0.413600,1,-0.775200,0
2021-04-06,sz.002344,3.8500,3.8800,3.8200,3.8700,3.8400,3944000,15172347.0000,3,0.309700,1,0.781300,0
2021-04-07,sz.002344,3.8500,3.9100,3.8500,3.9000,3.8700,4583510,17828456.9000,3,0.359900,1,0.775200,0
2021-04-08,sz.002344,3.9000,3.9000,3.8300,3.8400,3.9000,4307801,16654631.8400,3,0.338200,1,-1.538500,0
2021-04-09,sz.002344,3.8400,3.9200,3.8300,3.9100,3.8400,4846409,18746110.8300,3,0.380500,1,1.822900,0
2021-04-12,sz.002344,3.9100,4.0400,3.8900,3.9500,3.9100,11406524,45284933.6000,3,0.895600,1,1.023000,0
2021-04-13,sz.002344,3.9300,3.9800,3.9000,3.9100,3.9500,6388400,25154835.0000,3,0.501600,1,-1.012700,0
2021-04-14,sz.002344,3.9100,4.0800,3.8600,4.0700,3.9100,12682865,50845310.2500,3,0.995800,1,4.092100,0
2021-04-15,sz.002344,4.0500,4.0600,3.9900,4.0200,4.0700,6814342,27387710.6100,3,0.535000,1,-1.228500,0
2021-04-16,sz.002344,4.0200,4.0700,4.0100,4.0300,4.0200,6072400,24522896.0000,3,0.476800,1,0.248800,0
2021-04-19,sz.002344,4.0200,4.0400,3.9800,4.0000,4.0300,6848965,27456050.6500,3,0.534400,1,-0.744400,0
2021-04-20,sz.002344,4.0000,4.0800,3.9900,4.0000,4.0000,6300900,25406307.0000,3,0.491600,1,0.000000,0
2021-04-21,sz.002344,4.0000,4.0100,3.9400,3.9500,4.0000,4913332,19493895.0400,3,0.383400,1,-1.250000,0
2021-04-22,sz.002344,3.9700,3.9800,3.9100,3.9300,3.9500,4712600,18586471.0000,3,0.367700,1,-0.506300,0
2021-04-23,sz.002344,3.9600,3.9600,3.8700,3.8900,3.9300,4086301,15927973.4800,3,0.318800,1,-1.017800,0
2021-04-26,sz.002344,3.8900,3.9100,3.8400,3.8500,3.8900,3688035,14294804.6300,3,0.287800,1,-1.028300,0
2021-04-27,sz.002344,3.8600,3.8600,3.8000,3.8400,3.8500,3716900,14211977.0000,3,0.290000,1,-0.259700,0
2021-04-28,sz.002344,3.8300,3.8900,3.8200,3.8600,3.8400,3832100,14800660.0000,3,0.299000,1,0.520800,0
2021-04-29,sz.002344,3.8900,4.0400,3.8800,3.9700,3.8600,9869540,39218827.8000,3,0.770100,1,2.849700,0
2021-04-30,sz.002344,3.9800,4.0500,3.9000,3.9300,3.9700,7421300,29400093.0000,3,0.579100,1,-1.007600,0
2021-05-06,sz.002344,3.9400,4.0200,3.9400,3.9600,3.9300,5897378,23453015.9600,3,0.460200,1,0.763400,0
2021-05-07,sz.002344,3.9700,4.0400,3.9400,4.0000,3.9600,7156635,28582112.6500,3,0.558400,1,1.010100,0
2021-05-10,sz.002344,4.0000,4.1600,3.9900,4.1300,4.0000,12807625,52477108.7500,3,0.999400,1,3.250000,0
2021-05-11,sz.002344,4.1200,4.3500,4.0900,4.3500,4.1300,30021169,127532750.5000,3,2.342500,1,5.326900,0
2021-05-12,sz.002344,4.2600,4.3700,4.2000,4.3200,4.3500,24428526,104351156.7900,3,1.906100,1,-0.689700,0
2021-05-13,sz.002344,4.2500,4.3300,4.2300,4.2300,4.3200,14806525,63135758.4200,3,1.155300,1,-2.083300,0
2021-05-14,sz.002344,4.2300,4.2700,4.1600,4.2000,4.2300,12844687,54034318.1900,3,1.002200,1,-0.709200,0
2021-05-17,sz.002344,4.1900,4.1900,4.1300,4.1500,4.2000,9885868,41078699.9500,3,0.771400,1,-1.190500,0
2021-05-18,sz.002344,4.1500,4.2100,4.1300,4.1600,4.1500,7377843,30766470.8800,3,0.575700,1,0.241000,0
2021-05-19,sz.002344,4.1500,4.1800,4.1100,4.1400,4.1600,7010106,29035292.2200,3,0.547000,1,-0.480800,0
2021-05-20,sz.002344,4.1300,4.2300,4.1100,4.1200,4.1400,8398200,34986241.4300,3,0.655300,1,-0.483100,0
2021-05-21,sz.002344,4.1300,4.1800,4.1100,4.1500,4.1200,5309971,21998412.9400,3,0.414300,1,0.728200,0
2021-05-24,sz.002344,4.1400,4.2100,4.0800,4.1700,4.1500,7508300,31237503.1200,3,0.585900,1,0.481900,0
2021-05-25,sz.002344,4.1700,4.1700,4.1100,4.1500,4.1700,6019283,24907784.7600,3,0.469700,1,-0.479600,0
2021-05-26,sz.002344,4.1400,4.2800,4.1300,4.2600,4.1500,11371201,47804300.6600,3,0.887300,1,2.650600,0
2021-05-27,sz.002344,4.3000,4.3000,4.1900,4.2100,4.2600,11544300,48921997.7100,3,0.900800,1,-1.173700,0
2021-05-28,sz.002344,4.1900,4.2100,4.1200,4.1400,4.1900,6815857,28381325.9800,3,0.531800,1,-1.193300,0
2021-05-31,sz.002344,4.1400,4.2300,4.1400,4.2000,4.1400,5593673,23331670.4800,3,0.436500,1,1.449300,0
2021-06-01,sz.002344,4.2000,4.2400,4.1700,4.2000,4.2000,6416800,26929770.0000,3,0.500700,1,0.000000,0
2021-06-02,sz.002344,4.1900,4.2400,4.1700,4.1900,4.2000,6154600,25859071.0000,3,0.480200,1,-0.238100,0
2021-06-03,sz.002344,4.1900,4.2100,4.1500,4.1700,4.1900,5225010,21852007.8000,3,0.407700,1,-0.477300,0
2021-06-04,sz.002344,4.1700,4.1800,4.0900,4.1200,4.1700,8315390,34245012.2000,3,0.648800,1,-1.199000,0
2021-06-07,sz.002344,4.1200,4.2200,4.1100,4.2000,4.1200,5759401,23998530.1500,3,0.449400,1,1.941700,0
2021-06-08,sz.002344,4.2200,4.2200,4.1600,4.1900,4.2000,4389643,18391643.3100,3,0.342500,1,-0.238100,0
2021-06-09,sz.002344,4.1900,4.2000,4.1700,4.1900,4.1900,2674928,11195204.0400,3,0.208700,1,0.000000,0
2021-06-10,sz.002344,4.1900,4.2100,4.1500,4.2000,4.1900,5172640,21606507.4000,3,0.403600,1,0.238700,0
2021-06-11,sz.002344,4.2900,4.3200,4.1800,4.1800,4.2000,9505939,40233464.3800,3,0.741700,1,-0.476200,0
2021-06-15,sz.002344,4.1500,4.2200,4.1200,4.1200,4.1800,5845928,24335744.2000,3,0.456100,1,-1.435400,0
2021-06-16,sz.002344,4.1400,4.1800,4.1200,4.1200,4.1200,3541309,14657066.1700,3,0.276300,1,0.000000,0
2021-06-17,sz.002344,4.1200,4.1200,4.0500,4.0600,4.1200,4843512,19764148.8400,3,0.377900,1,-1.456300,0
2021-06-18,sz.002344,4.0500,4.0700,4.0300,4.0700,4.0600,3932900,15947180.0000,3,0.306900,1,0.246300,0
2021-06-21,sz.002344,4.0700,4.1000,4.0300,4.0600,4.0700,3282000,13358774.0000,3,0.256100,1,-0.245700,0
2021-06-22,sz.002344,4.0800,4.1100,4.0800,4.1000,4.0600,3121960,12786483.9900,3,0.243600,1,0.985200,0
2021-06-23,sz.002344,4.0800,4.1000,4.0600,4.0900,4.1000,2983560,12165743.8000,3,0.232800,1,-0.243900,0
2021-06-24,sz.002344,4.0800,4.1000,4.0500,4.0600,4.0900,3934589,16000312.3700,3,0.307000,1,-0.733500,0
2021-06-25,sz.002344,4.0700,4.1200,4.0500,4.1100,4.0600,4381363,17928171.0100,3,0.341900,1,1.231500,0
2021-06-28,sz.002344,4.1200,4.1700,4.0900,4.1000,4.1100,4557200,18805978.0000,3,0.355600,1,-0.243300,0
2021-06-29,sz.002344,4.1100,4.1300,4.0700,4.0900,4.1000,3421260,14008668.4000,3,0.267000,1,-0.243900,0
2021-06-30,sz.002344,4.0800,4.1000,4.0500,4.0700,4.0900,3864100,15727479.0000,3,0.301500,1,-0.489000,0
2021-07-01,sz.002344,4.0800,4.0900,4.0100,4.0200,4.0700,4154700,16858979.3500,3,0.324200,1,-1.228500,0
2021-07-02,sz.002344,4.0700,4.0700,4.0000,4.0100,4.0200,4195246,16883895.7800,3,0.327300,1,-0.248800,0
2021-07-05,sz.002344,4.0100,4.0300,3.9900,4.0100,4.0100,3829201,15342196.0000,3,0.298800,1,0.000000,0
2021-07-06,sz.002344,4.0100,4.0300,3.9900,4.0200,4.0100,2597600,10423306.0000,3,0.202700,1,0.249400,0
2021-07-07,sz.002344,4.0100,4.0300,4.0000,4.0200,4.0200,3083700,12385749.0000,3,0.240600,1,0.000000,0
2021-07-08,sz.002344,4.0100,4.0200,3.9200,3.9400,4.0200,5726400,22654970.0000,3,0.446800,1,-1.990000,0
2021-07-09,sz.002344,3.9200,3.9500,3.9100,3.9300,3.9400,4146371,16271504.3200,3,0.323500,1,-0.253800,0
2021-07-12,sz.002344,3.9500,3.9800,3.9300,3.9300,3.9300,4639100,18297411.4800,3,0.362000,1,0.000000,0
2021-07-13,sz.002344,3.9200,3.9200,3.8800,3.9100,3.9300,6801400,26545548.0000,3,0.530700,1,-0.508900,0
2021-07-14,sz.002344,3.9300,3.9700,3.8900,3.8900,3.9100,7228000,28419459.0000,3,0.564000,1,-0.511500,0
2021-07-15,sz.002344,3.9000,3.9300,3.8600,3.9200,3.8900,4458500,17365835.0000,3,0.347900,1,0.771200,0
2021-07-16,sz.002344,3.9200,3.9400,3.8900,3.9100,3.9200,4191200,16402993.0000,3,0.327000,1,-0.255100,0
2021-07-19,sz.002344,3.9300,3.9700,3.8900,3.9500,3.9100,5150600,20289394.0000,3,0.401900,1,1.023000,0
2021-07-20,sz.002344,3.9300,3.9800,3.9200,3.9500,3.9500,3634700,14325506.0000,3,0.283600,1,0.000000,0
2021-07-21,sz.002344,3.9600,3.9800,3.9400,3.9700,3.9500,3712481,14710078.9500,3,0.289700,1,0.506300,0
2021-07-22,sz.002344,3.9700,3.9800,3.9400,3.9700,3.9700,2703299,10703410.0400,3,0.210900,1,0.000000,0
2021-07-23,sz.002344,3.9700,3.9800,3.9200,3.9300,3.9700,3975327,15657876.6800,3,0.310200,1,-1.007600,0
2021-07-26,sz.002344,3.9200,3.9300,3.7900,3.8300,3.9300,7125222,27485958.9200,3,0.556000,1,-2.544500,0
2021-07-27,sz.002344,3.8200,3.8600,3.7700,3.7800,3.8300,5406122,20657592.1600,3,0.421800,1,-1.305500,0
2021-07-28,sz.002344,3.7800,3.7900,3.6600,3.7200,3.7800,6285300,23356186.1100,3,0.490400,1,-1.587300,0
2021-07-29,sz.002344,3.7400,3.7600,3.7000,3.7500,3.7200,3777900,14110358.0000,3,0.294800,1,0.806500,0
2021-07-30,sz.002344,3.7500,3.7500,3.6900,3.7000,3.7500,4105300,15252319.0000,3,0.320300,1,-1.333300,0
2021-08-02,sz.002344,3.7400,3.8100,3.7000,3.7900,3.7000,4369659,16413064.4600,3,0.341000,1,2.432400,0
2021-08-03,sz.002344,3.7700,3.8300,3.7700,3.7800,3.7900,3049922,11581119.6000,3,0.238000,1,-0.263900,0
2021-08-04,sz.002344,3.8000,3.8300,3.7800,3.8100,3.7800,3397500,12926801.0000,3,0.265100,1,0.793700,0
2021-08-05,sz.002344,3.8100,3.8300,3.7800,3.8000,3.8100,3151800,11990173.0000,3,0.245900,1,-0.262500,0
2021-08-06,sz.002344,3.8100,3.8100,3.7600,3.7900,3.8000,3850600,14538812.0000,3,0.300500,1,-0.263200,0
2021-08-09,sz.002344,3.7700,3.8400,3.7700,3.8300,3.7900,3992500,15250351.0000,3,0.311500,1,1.055400,0
2021-08-10,sz.002344,3.8400,3.9200,3.8300,3.8800,3.8300,5361000,20756955.0000,3,0.418300,1,1.305500,0
2021-08-11,sz.002344,3.8800,4.0200,3.8700,3.9400,3.8800,10933800,43253377.0000,3,0.853100,1,1.546400,0
2021-08-12,sz.002344,3.9700,3.9800,3.9200,3.9500,3.9400,4615900,18226119.3400,3,0.360200,1,0.253800,0
2021-08-13,sz.002344,3.9400,3.9900,3.9200,3.9600,3.9500,4259000,16840235.0000,3,0.332300,1,0.253200,0
2021-08-16,sz.002344,3.9800,4.0000,3.9500,3.9600,3.9600,3597672,14285479.9800,3,0.280700,1,0.000000,0
2021-08-17,sz.002344,3.9500,3.9600,3.8500,3.8700,3.9600,7244115,28274626.8000,3,0.565200,1,-2.272700,0
2021-08-18,sz.002344,3.8600,3.9400,3.8500,3.9300,3.8700,4242900,16552481.0000,3,0.331100,1,1.550400,0
2021-08-19,sz.002344,3.9100,3.9700,3.8800,3.9500,3.9300,4684800,18372843.0000,3,0.365500,1,0.508900,0
2021-08-20,sz.002344,3.9300,3.9500,3.8500,3.9100,3.9500,8193695,31809934.6500,3,0.639300,1,-1.012700,0
2021-08-23,sz.002344,3.9100,3.9900,3.8900,3.9200,3.9100,10101789,39774219.2200,3,0.788200,1,0.255800,0
2021-08-24,sz.002344,3.9200,3.9600,3.9100,3.9300,3.9200,7258663,28543108.5400,3,0.566400,1,0.255100,0
2021-08-25,sz.002344,3.9500,4.0300,3.9200,4.0200,3.9300,9660900,38416214.2500,3,0.753800,1,2.290100,0
2021-08-26,sz.002344,4.0200,4.0700,3.9800,4.0200,4.0200,8223871,33102600.4800,3,0.641700,1,0.000000,0
2021-08-27,sz.002344,4.0200,4.0300,3.9700,3.9900,4.0200,6986300,27898302.0700,3,0.545100,1,-0.746300,0
2021-08-30,sz.002344,3.9800,4.0000,3.9700,3.9900,3.9900,5538797,22064730.0600,3,0.432200,1,0.000000,0
2021-08-31,sz.002344,3.9900,4.0600,3.9800,4.0400,3.9900,7017798,28171729.4100,3,0.547600,1,1.253100,0
2021-09-01,sz.002344,4.0500,4.0900,4.0000,4.0300,4.0400,8026300,32453641.0000,3,0.626300,1,-0.247500,0
2021-09-02,sz.002344,4.0200,4.1100,4.0100,4.0900,4.0300,8907758,36211265.0300,3,0.695100,1,1.488800,0
2021-09-03,sz.002344,4.0900,4.1400,4.0500,4.0800,4.0900,9209443,37685173.3100,3,0.718600,1,-0.244500,0
2021-09-06,sz.002344,4.0800,4.1400,4.0700,4.1300,4.0800,7014985,28821964.6500,3,0.547400,1,1.225500,0
2021-09-07,sz.002344,4.1200,4.1600,4.1100,4.1500,4.1300,7209659,29817863.2600,3,0.562600,1,0.484300,0
2021-09-08,sz.002344,4.1500,4.2400,4.1300,4.2100,4.1500,9073171,37977841.7800,3,0.708000,1,1.445800,0
2021-09-09,sz.002344,4.2200,4.2400,4.1900,4.2200,4.2100,9144728,38588774.8800,3,0.713500,1,0.237500,0
2021-09-10,sz.002344,4.2500,4.2700,4.1700,4.2100,4.2200,9680910,40822252.7000,3,0.755400,1,-0.237000,0
2021-09-13,sz.002344,4.1900,4.2500,4.1900,4.2400,4.2100,7043400,29800863.4000,3,0.549600,1,0.712600,0
2021-09-14,sz.002344,4.2600,4.2800,4.1400,4.1600,4.2400,8290700,34871285.0000,3,0.646900,1,-1.886800,0
2021-09-15,sz.002344,4.1600,4.2300,4.1400,4.2200,4.1600,7281550,30538842.7000,3,0.568200,1,1.442300,0
2021-09-16,sz.002344,4.2400,4.2500,4.1500,4.1800,4.2200,8006055,33690168.7500,3,0.624700,1,-0.947900,0
2021-09-17,sz.002344,4.1700,4.1900,4.0900,4.1400,4.1800,7837475,32388907.2600,3,0.611500,1,-0.956900,0
2021-09-22,sz.002344,4.1000,4.1800,4.1000,4.1500,4.1400,10007800,41420896.0000,3,0.780900,1,0.241500,0
2021-09-23,sz.002344,4.1800,4.3300,4.1700,4.2800,4.1500,15514421,66188190.1000,3,1.210600,1,3.132500,0
2021-09-24,sz.002344,4.2900,4.3000,4.1900,4.1900,4.2800,8673400,36697199.2900,3,0.676800,1,-2.102800,0
2021-09-27,sz.002344,4.1900,4.2100,4.0400,4.0800,4.1900,10078362,41379914.2000,3,0.786400,1,-2.625300,0
2021-09-28,sz.002344,4.0800,4.1300,4.0600,4.1100,4.0800,7180536,29403785.9600,3,0.560300,1,0.735300,0
2021-09-29,sz.002344,4.0500,4.1200,4.0000,4.0000,4.1100,7553700,30572741.0000,3,0.589400,1,-2.676400,0
2021-09-30,sz.002344,4.0200,4.0500,4.0000,4.0500,4.0000,5413314,21811228.4200,3,0.422400,1,1.250000,0
2021-10-08,sz.002344,4.0700,4.2000,4.0700,4.1900,4.0500,10633202,44020034.3600,3,0.829700,1,3.456800,0
2021-10-11,sz.002344,4.2200,4.3000,4.1900,4.2400,4.1900,11088812,47188036.0000,3,0.865200,1,1.193300,0
2021-10-12,sz.002344,4.2600,4.2800,4.1800,4.2100,4.2400,7235600,30588010.0000,3,0.564600,1,-0.707500,0
2021-10-13,sz.002344,4.2300,4.2300,4.0900,4.1500,4.2100,9123669,37827392.9000,3,0.711900,1,-1.425200,0
2021-10-14,sz.002344,4.1900,4.5700,4.1600,4.5700,4.1500,42323269,188636651.0000,3,3.302400,1,10.120500,0
2021-10-15,sz.002344,4.6000,4.6900,4.4200,4.4500,4.5700,47734398,215536024.9000,3,3.724600,1,-2.625800,0
2021-10-18,sz.002344,4.4600,4.5700,4.4200,4.4800,4.4500,24497660,110036741.9000,3,1.911500,1,0.674200,0
2021-10-19,sz.002344,4.5000,4.6400,4.4400,4.4600,4.4800,20513495,92482197.9900,3,1.600600,1,-0.446400,0
2021-10-20,sz.002344,4.4800,4.5800,4.4300,4.5400,4.4600,18350135,82866447.8200,3,1.431800,1,1.793700,0
2021-10-21,sz.002344,4.5900,4.6000,4.4800,4.5400,4.5400,15102925,68435839.4500,3,1.178400,1,0.000000,0
2021-10-22,sz.002344,4.4800,4.8700,4.4800,4.7300,4.5400,41375033,196292826.2500,3,3.228400,1,4.185000,0
2021-10-25,sz.002344,4.7000,4.7900,4.6000,4.6700,4.7300,29239120,136493587.6700,3,2.281500,1,-1.268500,0
2021-10-26,sz.002344,4.6400,4.6600,4.4500,4.4900,4.6700,25924911,117155677.7000,3,2.022900,1,-3.854400,0
2021-10-27,sz.002344,4.5000,4.5600,4.3800,4.4100,4.4900,19241890,85970906.5800,3,1.501400,1,-1.781700,0
2021-10-28,sz.002344,4.4200,4.5500,4.3700,4.4800,4.4100,22665228,101368360.9600,3,1.768500,1,1.587300,0
2021-10-29,sz.002344,4.4600,4.6000,4.4000,4.5700,4.4800,21949638,99194125.5600,3,1.712700,1,2.008900,0
2021-11-01,sz.002344,4.5700,4.7200,4.5000,4.6700,4.5700,22224568,102858268.5300,3,1.734100,1,2.188200,0
2021-11-02,sz.002344,4.6600,4.6900,4.4000,4.4500,4.6700,26525593,119955250.8300,3,2.069700,1,-4.710900,0
2021-11-03,sz.002344,4.4300,4.5500,4.4200,4.5400,4.4500,15157290,68006002.7300,3,1.182700,1,2.022500,0
2021-11-04,sz.002344,4.5100,4.5400,4.4400,4.4800,4.5400,13070765,58418349.5500,3,1.019900,1,-1.321600,0
2021-11-05,sz.002344,4.4700,4.5100,4.4100,4.4200,4.4800,12964085,57757607.7200,3,1.011600,1,-1.339300,0
2021-11-08,sz.002344,4.4200,4.5400,4.4100,4.4400,4.4200,10363570,46249047.6800,3,0.808600,1,0.452500,0
2021-11-09,sz.002344,4.4200,4.4800,4.2800,4.3000,4.4400,22240072,97123828.3300,3,1.735300,1,-3.153200,0
2021-11-10,sz.002344,4.3000,4.3400,4.2400,4.2900,4.3000,11667821,49937718.6900,3,0.910400,1,-0.232600,0
2021-11-11,sz.002344,4.2700,4.4000,4.2700,4.3700,4.2900,11403684,49709721.5600,3,0.889800,1,1.864800,0
2021-11-12,sz.002344,4.3800,4.3900,4.3100,4.3600,4.3700,8097001,35252596.9100,3,0.631800,1,-0.228800,0
2021-11-15,sz.002344,4.3700,4.4500,4.3300,4.4300,4.3600,12573400,55355271.0000,3,0.981100,1,1.605500,0
2021-11-16,sz.002344,4.5100,4.8700,4.4900,4.8700,4.4300,23638080,111984674.0900,3,1.844400,1,9.932300,0
2021-11-17,sz.002344,4.9700,4.9700,4.7200,4.8400,4.8700,49104330,237732013.1000,3,3.831500,1,-0.616000,0
2021-11-18,sz.002344,4.9100,5.0200,4.7800,4.8900,4.8400,35507078,173596336.7800,3,2.770500,1,1.033100,0
2021-11-19,sz.002344,4.8400,4.9400,4.7200,4.7600,4.8900,23906950,114380767.0500,3,1.865400,1,-2.658500,0
2021-11-22,sz.002344,4.7600,4.7700,4.6900,4.7600,4.7600,16057025,75922523.7500,3,1.252900,1,0.000000,0
2021-11-23,sz.002344,4.7300,4.8100,4.6900,4.7500,4.7600,13930854,66029616.4800,3,1.087000,1,-0.210100,0
2021-11-24,sz.002344,4.7500,4.9500,4.7300,4.7300,4.7500,26264633,126808507.6700,3,2.049400,1,-0.421100,0
2021-11-25,sz.002344,4.7900,4.8600,4.5900,4.6200,4.7300,25515824,119302294.1500,3,1.990900,1,-2.325600,0
2021-11-26,sz.002344,4.6200,4.6700,4.5600,4.6100,4.6200,15086413,69432816.0900,3,1.177200,1,-0.216500,0
2021-11-29,sz.002344,4.5700,4.6000,4.4400,4.4500,4.6100,17493766,78640054.7000,3,1.365000,1,-3.470700,0
2021-11-30,sz.002344,4.4500,4.5600,4.4500,4.5100,4.4500,14618300,66014367.3400,3,1.140600,1,1.348300,0
2021-12-01,sz.002344,4.5300,4.5500,4.4800,4.5500,4.5100,11448300,51623825.0000,3,0.893300,1,0.886900,0
2021-12-02,sz.002344,4.5600,4.5800,4.4600,4.4600,4.5500,12706569,57315109.1800,3,0.991500,1,-1.978000,0
2021-12-03,sz.002344,4.4900,4.5300,4.4300,4.5100,4.4600,9933845,44602067.1500,3,0.775100,1,1.121100,0
2021-12-06,sz.002344,4.5100,4.6400,4.5000,4.5200,4.5100,15736902,71808193.1400,3,1.227900,1,0.221700,0
2021-12-07,sz.002344,4.5300,4.6300,4.5100,4.5500,4.5200,15076311,68636584.7900,3,1.176400,1,0.663700,0
2021-12-08,sz.002344,4.5500,4.5600,4.4500,4.5500,4.5500,11989578,54077357.0600,3,0.935500,1,0.000000,0
2021-12-09,sz.002344,4.5600,4.6900,4.5500,4.6500,4.5500,16460936,76353308.4800,3,1.284400,1,2.197800,0
2021-12-10,sz.002344,4.6500,4.7200,4.5900,4.6700,4.6500,16293075,75786577.8400,3,1.271300,1,0.430100,0
2021-12-13,sz.002344,4.6900,4.7100,4.6100,4.6100,4.6700,13669316,63360850.4000,3,1.066600,1,-1.284800,0
2021-12-14,sz.002344,4.6200,4.6200,4.5000,4.5500,4.6100,11042192,50130550.6800,3,0.861600,1,-1.301500,0
2021-12-15,sz.002344,4.5500,4.5800,4.5100,4.5500,4.5500,9067984,41260082.8600,3,0.707600,1,0.000000,0
2021-12-16,sz.002344,4.5600,4.6300,4.5200,4.5800,4.5500,9231178,42216779.2600,3,0.720300,1,0.659300,0
2021-12-17,sz.002344,4.5800,4.6700,4.5400,4.6100,4.5800,12011016,55463441.9500,3,0.937200,1,0.655000,0
2021-12-20,sz.002344,4.6200,4.8200,4.6100,4.6800,4.6100,19635714,92633569.0500,3,1.532100,1,1.518400,0
2021-12-21,sz.002344,4.6900,4.8400,4.6600,4.8000,4.6800,25440925,121845441.8700,3,1.985100,1,2.564100,0
2021-12-22,sz.002344,4.9000,4.9000,4.7000,4.7500,4.8000,19626807,93063712.3200,3,1.531400,1,-1.041700,0
2021-12-23,sz.002344,4.7700,4.7900,4.6900,4.7600,4.7500,13725588,64997331.3800,3,1.071000,1,0.210500,0
2021-12-24,sz.002344,4.7600,4.9500,4.7600,4.8500,4.7600,26107178,126604333.4300,3,2.037100,1,1.890800,0
2021-12-27,sz.002344,4.8300,4.9300,4.8000,4.8600,4.8500,17120873,83129296.9900,3,1.335900,1,0.206200,0
2021-12-28,sz.002344,4.8600,4.8800,4.7500,4.7900,4.8600,13419459,64219914.8900,3,1.047100,1,-1.440300,0
2021-12-29,sz.002344,4.8000,4.8600,4.7300,4.8000,4.7900,11168324,53653804.4000,3,0.871400,1,0.208800,0
2021-12-30,sz.002344,4.8000,4.8400,4.7500,4.7800,4.8000,11349412,54349898.8200,3,0.885600,1,-0.416700,0
2021-12-31,sz.002344,4.7800,4.9500,4.7500,4.9000,4.7800,20160300,98209434.7100,3,1.573100,1,2.510500,0
2022-01-04,sz.002344,4.9100,5.0600,4.9000,5.0200,4.9000,22286804,111407657.0200,3,1.739000,1,2.449000,0
2022-01-05,sz.002344,5.1000,5.1000,4.9100,4.9500,5.0200,14861443,73690934.0900,3,1.159600,1,-1.394400,0
2022-01-06,sz.002344,4.9700,4.9900,4.8700,4.9200,4.9500,12223543,60122258.7100,3,0.953800,1,-0.606100,0
2022-01-07,sz.002344,4.9200,5.0000,4.8300,4.8400,4.9200,14748545,72298817.4000,3,1.150800,1,-1.626000,0
2022-01-10,sz.002344,4.8700,4.8800,4.8100,4.8700,4.8400,10654181,51692890.1400,3,0.831300,1,0.619800,0
2022-01-11,sz.002344,4.8700,4.9800,4.8600,4.8700,4.8700,14884724,73010360.6100,3,1.161400,1,0.000000,0
2022-01-12,sz.002344,4.8700,4.8900,4.7800,4.8400,4.8700,13448034,64919395.6900,3,1.049300,1,-0.616000,0
2022-01-13,sz.002344,4.8300,4.9200,4.8000,4.8100,4.8400,11809400,57346816.6700,3,0.921500,1,-0.619800,0
2022-01-14,sz.002344,4.8100,4.8300,4.6900,4.7200,4.8100,13184172,62748516.2800,3,1.028700,1,-1.871100,0
2022-01-17,sz.002344,4.7300,4.8200,4.7100,4.8200,4.7200,11063191,52960103.2400,3,0.863200,1,2.118600,0
2022-01-18,sz.002344,4.8300,4.8700,4.7600,4.7800,4.8200,10347094,49758563.5700,3,0.807400,1,-0.829900,0
2022-01-19,sz.002344,4.7700,4.9300,4.7500,4.9200,4.7800,14314680,69802792.1200,3,1.116900,1,2.928900,0
2022-01-20,sz.002344,4.8900,4.9400,4.7800,4.7800,4.9200,13220682,63775163.4300,3,1.031600,1,-2.845500,0
2022-01-21,sz.002344,4.7800,4.8000,4.6700,4.6900,4.7800,8526225,40244149.2500,3,0.665300,1,-1.882800,0
2022-01-24,sz.002344,4.7300,4.8100,4.6700,4.7500,4.6900,12767165,60780344.4000,3,0.996200,1,1.279300,0
2022-01-25,sz.002344,4.7500,4.7600,4.4400,4.4600,4.7500,18926228,86460204.2000,3,1.476800,1,-6.105300,0
2022-01-26,sz.002344,4.4600,4.5300,4.4200,4.5100,4.4600,9283029,41564222.2500,3,0.724300,1,1.121100,0
2022-01-27,sz.002344,4.5000,4.5100,4.3800,4.4000,4.5100,12387600,55152111.0000,3,0.966600,1,-2.439000,0
2022-01-28,sz.002344,4.4000,4.5200,4.3500,4.4400,4.4000,12006890,53482514.1100,3,0.936900,1,0.909100,0
2022-02-07,sz.002344,4.5100,4.5800,4.4700,4.5300,4.4400,13322332,60271226.2900,3,1.039500,1,2.027000,0
2022-02-08,sz.002344,4.5200,4.6600,4.5100,4.6300,4.5300,13908747,64043010.5000,3,1.085300,1,2.207500,0
2022-02-09,sz.002344,4.6500,4.6900,4.6200,4.6500,4.6300,8752558,40703197.2000,3,0.682900,1,0.432000,0
2022-02-10,sz.002344,4.6400,4.6800,4.6200,4.6600,4.6500,7667474,35678378.9600,3,0.598300,1,0.215100,0
2022-02-11,sz.002344,4.7200,4.8000,4.6700,4.7300,4.6600,14855078,70326315.6400,3,1.159100,1,1.502100,0
2022-02-14,sz.002344,4.6900,4.7100,4.5900,4.6100,4.7300,11216114,51996983.7400,3,0.875200,1,-2.537000,0
2022-02-15,sz.002344,4.6300,4.6500,4.5700,4.5900,4.6100,7652140,35280699.3100,3,0.597100,1,-0.433800,0
2022-02-16,sz.002344,4.6100,4.7500,4.6100,4.7300,4.5900,10099999,47535223.6500,3,0.788100,1,3.050100,0
2022-02-17,sz.002344,4.7500,4.7700,4.6800,4.7000,4.7300,9417950,44406659.5300,3,0.734900,1,-0.634200,0
2022-02-18,sz.002344,4.6600,4.7400,4.6400,4.7200,4.7000,8590293,40354946.9300,3,0.670300,1,0.425500,0
2022-02-21,sz.002344,4.7200,4.7400,4.6600,4.7300,4.7200,7142547,33571749.7000,3,0.557300,1,0.211900,0
2022-02-22,sz.002344,4.7200,4.7800,4.6500,4.7100,4.7300,9059100,42650359.0000,3,0.706900,1,-0.422800,0
2022-02-23,sz.002344,4.7000,4.7200,4.6400,4.6900,4.7100,8124006,37982107.0800,3,0.633900,1,-0.424600,0
2022-02-24,sz.002344,4.6700,4.7400,4.4800,4.5300,4.6900,14245978,65534236.2100,3,1.111600,1,-3.411500,0
2022-02-25,sz.002344,4.5400,4.6600,4.5300,4.6200,4.5300,10305506,47621729.6400,3,0.804100,1,1.986800,0
2022-02-28,sz.002344,4.6300,4.6500,4.5200,4.5400,4.6200,8397500,38293078.0000,3,0.655200,1,-1.731600,0
2022-03-01,sz.002344,4.5700,4.5900,4.5400,4.5700,4.5400,5439300,24840210.0000,3,0.424400,1,0.660800,0
2022-03-02,sz.002344,4.5500,4.6000,4.5200,4.5700,4.5700,6031375,27578939.0000,3,0.470600,1,0.000000,0
2022-03-03,sz.002344,4.5800,4.8500,4.5800,4.8200,4.5700,19497201,92258784.0000,3,1.521300,1,5.470500,0
2022-03-04,sz.002344,4.8100,4.8200,4.7100,4.7200,4.8200,15114283,71717174.0000,3,1.179300,1,-2.074700,0
2022-03-07,sz.002344,4.7100,4.7600,4.6200,4.6300,4.7200,11902059,55727172.0000,3,0.928700,1,-1.906800,0
2022-03-08,sz.002344,4.6800,4.7200,4.4300,4.4500,4.6300,14272964,64793769.0000,3,1.113700,1,-3.887700,0
2022-03-09,sz.002344,4.4600,4.4700,4.1800,4.3300,4.4500,16236794,70470245.0000,3,1.266900,1,-2.696600,0
2022-03-10,sz.002344,4.3700,4.5400,4.3700,4.4500,4.3300,13359263,59782783.0000,3,1.042500,1,2.771400,0
2022-03-11,sz.002344,4.4300,4.5400,4.3700,4.5300,4.4500,13367752,59312958.0000,3,1.043200,1,1.797800,0
2022-03-14,sz.002344,4.5200,4.5400,4.3900,4.3900,4.5300,7886150,35281026.0000,3,0.615400,1,-3.090500,0
2022-03-15,sz.002344,4.4000,4.4200,4.0900,4.1000,4.3900,12440430,52860935.0000,3,0.970800,1,-6.605900,0
2022-03-16,sz.002344,4.1600,4.2500,4.0400,4.2000,4.1000,10317054,42814536.0000,3,0.805100,1,2.439000,0
2022-03-17,sz.002344,4.2700,4.3100,4.1800,4.2100,4.2000,8831936,37522534.0000,3,0.689200,1,0.238100,0
2022-03-18,sz.002344,4.2100,4.3100,4.1900,4.2900,4.2100,7639336,32570596.2400,3,0.596100,1,1.900200,0
2022-03-21,sz.002344,4.3200,4.3700,4.2900,4.3600,4.2900,7934296,34427235.7400,3,0.619200,1,1.631700,0
2022-03-22,sz.002344,4.3200,4.4700,4.3000,4.4300,4.3600,11222234,49518737.2600,3,0.875700,1,1.605500,0
2022-03-23,sz.002344,4.4200,4.4500,4.3400,4.3900,4.4300,8187194,35951280.7200,3,0.638900,1,-0.902900,0
2022-03-24,sz.002344,4.3800,4.4200,4.3200,4.3300,4.3900,7220921,31541986.1400,3,0.563500,1,-1.366700,0
2022-03-25,sz.002344,4.3800,4.4800,4.3500,4.4200,4.3300,9747155,43077179.8900,3,0.760600,1,2.078500,0
2022-03-28,sz.002344,4.3900,4.4800,4.3800,4.4400,4.4200,7963551,35262287.1300,3,0.621400,1,0.452500,0
2022-03-29,sz.002344,4.4300,4.5000,4.3800,4.4000,4.4400,8129521,36045253.1900,3,0.634400,1,-0.900900,0
2022-03-30,sz.002344,4.4300,4.4600,4.3800,4.4300,4.4000,7395337,32716090.9900,3,0.577100,1,0.681800,0
2022-03-31,sz.002344,4.4500,4.5900,4.4200,4.5100,4.4300,14950990,67654436.2500,3,1.166700,1,1.805900,0
2022-04-01,sz.002344,4.5100,4.6100,4.5000,4.5800,4.5100,12438151,56619983.5900,3,0.970600,1,1.552100,0
2022-04-06,sz.002344,4.5800,4.7000,4.5600,4.6700,4.5800,15174302,70539421.0700,3,1.184100,1,1.965100,0
2022-04-07,sz.002344,4.6800,4.6800,4.5200,4.5400,4.6700,13562474,62171434.9200,3,1.058400,1,-2.783700,0
2022-04-08,sz.002344,4.5800,4.6100,4.4800,4.6000,4.5400,9964467,45400416.4200,3,0.777600,1,1.321600,0
2022-04-11,sz.002344,4.5900,4.6700,4.5000,4.5100,4.6000,12993141,59471541.2600,3,1.013900,1,-1.956500,0
2022-04-12,sz.002344,4.5200,4.7000,4.4600,4.6500,4.5100,15757527,72110815.9200,3,1.229600,1,3.104200,0
2022-04-13,sz.002344,4.6400,4.6900,4.5600,4.6400,4.6500,18906578,87732000.7000,3,1.475400,1,-0.215100,0
2022-04-14,sz.002344,4.6500,4.7300,4.6100,4.6900,4.6400,14531774,67925009.1900,3,1.134000,1,1.077600,0
2022-04-15,sz.002344,4.6800,4.7700,4.6000,4.6400,4.6900,21542586,100990451.9300,3,1.681100,1,-1.066100,0
2022-04-18,sz.002344,4.6000,4.6900,4.5600,4.6600,4.6400,19232994,89365557.1000,3,1.500900,1,0.431000,0
2022-04-19,sz.002344,4.6100,4.6500,4.4800,4.6400,4.6600,19346405,88678125.4400,3,1.509700,1,-0.429200,0
2022-04-20,sz.002344,4.6300,4.7700,4.5700,4.6100,4.6400,21159970,98487005.3800,3,1.651200,1,-0.646600,0
2022-04-21,sz.002344,4.6200,4.6300,4.3700,4.3900,4.6100,22764458,102167471.1600,3,1.776400,1,-4.772200,0
2022-04-22,sz.002344,4.3800,4.4000,4.2700,4.3300,4.3900,16623141,72100924.5300,3,1.297200,1,-1.366700,0
2022-04-25,sz.002344,4.2900,4.3200,4.0000,4.0100,4.3300,21583094,89641700.3400,3,1.684300,1,-7.390300,0
2022-04-26,sz.002344,4.0300,4.0500,3.7900,3.8200,4.0100,17474923,68561271.6300,3,1.363700,1,-4.738200,0
2022-04-27,sz.002344,3.7400,3.8700,3.6800,3.8700,3.8200,18437761,69401656.6400,3,1.438800,1,1.308900,0
2022-04-28,sz.002344,3.8600,3.9400,3.7500,3.8100,3.8700,14108109,54201186.8400,3,1.100900,1,-1.550400,0
2022-04-29,sz.002344,3.8300,4.0300,3.8300,4.0000,3.8100,14733274,58218361.4600,3,1.149700,1,4.986900,0
2022-05-05,sz.002344,4.0500,4.2600,4.0100,4.1700,4.0000,21335384,89372177.1800,3,1.664900,1,4.250000,0
2022-05-06,sz.002344,4.1400,4.1500,4.0400,4.0600,4.1700,12591038,51418095.4200,3,0.982600,1,-2.637900,0
2022-05-09,sz.002344,4.0800,4.2400,4.0800,4.1700,4.0600,11809842,49315547.7200,3,0.921600,1,2.709400,0
2022-05-10,sz.002344,4.1300,4.2500,4.1100,4.2300,4.1700,11002029,46029167.9400,3,0.858600,1,1.438800,0
2022-05-11,sz.002344,4.2500,4.3000,4.1600,4.1700,4.2300,14099500,59434890.0000,3,1.100300,1,-1.418400,0
2022-05-12,sz.002344,4.1400,4.2100,4.1400,4.1900,4.1700,7659000,31960551.0000,3,0.597700,1,0.479600,0
2022-05-13,sz.002344,4.1900,4.3100,4.1900,4.2700,4.1900,11553610,49163737.5700,3,0.901600,1,1.909300,0
2022-05-16,sz.002344,4.3000,4.3700,4.2600,4.3500,4.2700,12368708,53457180.7200,3,0.965200,1,1.873500,0
2022-05-17,sz.002344,4.3900,4.3900,4.2400,4.2600,4.3500,11461352,49072337.0800,3,0.894400,1,-2.069000,0
2022-05-18,sz.002344,4.2500,4.3600,4.2400,4.3000,4.2600,8165644,35139920.1600,3,0.637200,1,0.939000,0
2022-05-19,sz.002344,4.2700,4.3100,4.2200,4.2800,4.3000,8432423,35977436.0600,3,0.658000,1,-0.465100,0
2022-05-20,sz.002344,4.3000,4.3200,4.2400,4.2700,4.2800,7911091,33754282.7500,3,0.617300,1,-0.233600,0
2022-05-23,sz.002344,4.2600,4.3000,4.2400,4.2700,4.2700,8502000,36301097.0000,3,0.663500,1,0.000000,0
2022-05-24,sz.002344,4.2700,4.2900,4.0900,4.0900,4.2700,13538514,56537597.8200,3,1.056500,1,-4.215500,0
2022-05-25,sz.002344,4.1100,4.1900,4.0800,4.1900,4.0900,9877705,41059944.8100,3,0.770800,1,2.445000,0
2022-05-26,sz.002344,4.2000,4.2800,4.1600,4.2800,4.1900,8900352,37673121.7500,3,0.694500,1,2.148000,0
2022-05-27,sz.002344,4.3000,4.3200,4.2300,4.3000,4.2800,11701392,50033890.0800,3,0.913100,1,0.467300,0
2022-05-30,sz.002344,4.3700,4.6300,4.3600,4.5400,4.3000,33625260,151549997.9100,3,2.624000,1,5.581400,0
2022-05-31,sz.002344,4.5500,4.5800,4.4600,4.5300,4.5400,20275135,91652914.1800,3,1.582200,1,-0.220300,0
2022-06-01,sz.002344,4.5700,4.6400,4.5300,4.6300,4.5300,19355605,88863530.5700,3,1.510400,1,2.207500,0
2022-06-02,sz.002344,4.5800,4.6400,4.5200,4.5500,4.6300,13439222,61332660.5800,3,1.048700,1,-1.727900,0
2022-06-06,sz.002344,4.6100,4.6200,4.4800,4.5400,4.5500,13300340,60198143.6000,3,1.037900,1,-0.219800,0
2022-06-07,sz.002344,4.5600,4.5600,4.4500,4.5100,4.5400,10409601,46861937.5000,3,0.812300,1,-0.660800,0
2022-06-08,sz.002344,4.4900,4.5700,4.3900,4.4700,4.5100,13167864,58696901.9700,3,1.027600,1,-0.886900,0
2022-06-09,sz.002344,4.4800,4.4800,4.3900,4.4100,4.4700,8088415,35811269.9000,3,0.631200,1,-1.342300,0
2022-06-10,sz.002344,4.4200,4.4700,4.3800,4.4400,4.4100,9606715,42652121.6000,3,0.749700,1,0.680300,0
2022-06-13,sz.002344,4.4400,4.5400,4.4200,4.5300,4.4400,16479600,74169974.0000,3,1.286000,1,2.027000,0
2022-06-14,sz.002344,4.4900,4.5400,4.4100,4.5300,4.5300,14557542,65094708.6200,3,1.136000,1,0.000000,0
2022-06-15,sz.002344,4.5600,4.6300,4.5400,4.5500,4.5300,14028600,64400953.9000,3,1.094700,1,0.441500,0
2022-06-16,sz.002344,4.5600,4.5900,4.5300,4.5600,4.5500,9827277,44791456.5100,3,0.766900,1,0.219800,0
2022-06-17,sz.002344,4.5200,4.5600,4.4300,4.4700,4.5300,9216815,41270831.9000,3,0.719200,1,-1.324500,0
2022-06-20,sz.002344,4.4600,4.4900,4.4300,4.4400,4.4700,8225473,36607762.1200,3,0.641900,1,-0.671100,0
2022-06-21,sz.002344,4.4400,4.5800,4.4200,4.5000,4.4400,13250639,59669000.9400,3,1.034000,1,1.351400,0
2022-06-22,sz.002344,4.4500,4.5000,4.3500,4.3500,4.5000,15953870,70273489.5000,3,1.245000,1,-3.333300,0
2022-06-23,sz.002344,4.3500,4.5100,4.3400,4.5100,4.3500,13237330,58699057.0600,3,1.033000,1,3.678200,0
2022-06-24,sz.002344,4.5400,4.5600,4.4400,4.4700,4.5100,9760180,43756912.6000,3,0.761600,1,-0.886900,0
2022-06-27,sz.002344,4.5100,4.7400,4.5100,4.5700,4.4700,20300966,93564666.0200,3,1.584200,1,2.237100,0
2022-06-28,sz.002344,4.6000,4.6300,4.5200,4.5800,4.5700,13008693,59516801.6700,3,1.015100,1,0.218800,0
2022-06-29,sz.002344,4.5400,4.6500,4.5400,4.5500,4.5800,12270790,56415616.2600,3,0.957600,1,-0.655000,0
2022-06-30,sz.002344,4.5700,4.7000,4.5400,4.6700,4.5500,18354768,85274360.5200,3,1.432300,1,2.637400,0
2022-07-01,sz.002344,4.6900,4.7900,4.6100,4.6300,4.6700,17429335,81583846.7200,3,1.360100,1,-0.856500,0
2022-07-04,sz.002344,4.6200,4.7300,4.6100,4.6700,4.6300,17364327,81192913.1900,3,1.355000,1,0.863900,0
2022-07-05,sz.002344,4.6700,4.7000,4.5900,4.6300,4.6700,12902698,59772923.7000,3,1.006900,1,-0.856500,0
2022-07-06,sz.002344,4.6300,4.6300,4.5000,4.5400,4.6300,11864092,53950488.5200,3,0.925800,1,-1.943800,0
2022-07-07,sz.002344,4.5500,4.5800,4.5000,4.5300,4.5400,9397206,42715707.8100,3,0.733300,1,-0.220300,0
2022-07-08,sz.002344,4.5500,4.6100,4.5400,4.5700,4.5300,8255713,37821224.2800,3,0.644200,1,0.883000,0
2022-07-11,sz.002344,4.5500,4.5900,4.4900,4.5800,4.5700,10370445,47155024.3700,3,0.809300,1,0.218800,0
2022-07-12,sz.002344,4.5600,4.6700,4.5400,4.6300,4.5800,13692290,63401486.6200,3,1.068500,1,1.091700,0
2022-07-13,sz.002344,4.6200,4.6800,4.6000,4.6500,4.6300,10844892,50322201.9600,3,0.846300,1,0.432000,0
2022-07-14,sz.002344,4.6600,4.6600,4.5400,4.5600,4.6500,8743548,40149309.6000,3,0.682300,1,-1.935500,0
2022-07-15,sz.002344,4.5500,4.5800,4.4200,4.4300,4.5600,12601710,56505692.0900,3,0.983400,1,-2.850900,0
2022-07-18,sz.002344,4.4500,4.5700,4.4300,4.5400,4.4300,16030734,72450059.4000,3,1.251000,1,2.483100,0
2022-07-19,sz.002344,4.5600,4.6100,4.5000,4.5700,4.5400,11392992,51849239.7600,3,0.889100,1,0.660800,0
2022-07-20,sz.002344,4.5700,4.6200,4.5400,4.6100,4.5700,10288779,47274224.4000,3,0.802900,1,0.875300,0
2022-07-21,sz.002344,4.6300,4.6600,4.5900,4.6200,4.6100,11536700,53381738.0000,3,0.900300,1,0.216900,0
2022-07-22,sz.002344,4.6500,4.6700,4.5900,4.6500,4.6200,11779938,54575687.5600,3,0.919300,1,0.649400,0
2022-07-25,sz.002344,4.6500,4.7600,4.6300,4.7000,4.6500,14527912,68422181.6800,3,1.133700,1,1.075300,0
2022-07-26,sz.002344,4.7100,4.7300,4.6500,4.7100,4.7000,8744900,41027907.0000,3,0.682400,1,0.212800,0
2022-07-27,sz.002344,4.7300,4.7500,4.6500,4.6600,4.7100,9848274,46123246.2700,3,0.768500,1,-1.061600,0
2022-07-28,sz.002344,4.8000,4.9600,4.7200,4.7200,4.6600,44331319,214158736.1300,3,3.459400,1,1.287600,0
2022-07-29,sz.002344,4.7900,4.8000,4.6100,4.6100,4.7200,27133000,126939609.5400,3,2.117300,1,-2.330500,0
2022-08-01,sz.002344,4.6000,4.6100,4.5300,4.5500,4.6100,15416388,70233164.9900,3,1.203000,1,-1.301500,0
2022-08-02,sz.002344,4.5300,4.5300,4.2500,4.2900,4.5500,22742934,98862061.0000,3,1.774800,1,-5.714300,0
2022-08-03,sz.002344,4.2800,4.3600,4.1800,4.2000,4.2900,17936625,76707386.2500,3,1.399700,1,-2.097900,0
2022-08-04,sz.002344,4.2200,4.2600,4.1600,4.2400,4.2000,15872983,66869245.0700,3,1.238700,1,0.952400,0
2022-08-05,sz.002344,4.2600,4.6600,4.2500,4.6600,4.2400,27284317,122054016.9800,3,2.129200,1,9.905700,0
2022-08-08,sz.002344,4.9000,5.1200,4.8200,4.8700,4.6600,92512979,457439071.2500,3,7.219300,1,4.506400,0
2022-08-09,sz.002344,4.8800,4.9700,4.7900,4.8600,4.8700,50509538,244799127.1600,3,3.941500,1,-0.205300,0
2022-08-10,sz.002344,4.8600,4.9500,4.7900,4.9100,4.8600,34768486,169797495.8300,3,2.713200,1,1.028800,0
2022-08-11,sz.002344,4.9800,5.3500,4.9500,5.2200,4.9100,77062380,397292633.7400,3,6.013600,1,6.313600,0
2022-08-12,sz.002344,5.2800,5.3400,5.0600,5.0600,5.2200,45435884,233670918.9400,3,3.545600,1,-3.065100,0
2022-08-15,sz.002344,5.0900,5.1700,5.0000,5.0100,5.0600,27443407,138426702.9400,3,2.141600,1,-0.988100,0
2022-08-16,sz.002344,5.0600,5.1000,4.9800,5.0700,5.0100,20369506,102783302.3800,3,1.589500,1,1.197600,0
2022-08-17,sz.002344,5.1100,5.1200,4.9900,5.0600,5.0700,18853734,94895234.9600,3,1.471300,1,-0.197200,0
2022-08-18,sz.002344,5.0600,5.0700,4.9100,4.9300,5.0600,19629245,97125181.5400,3,1.531800,1,-2.569200,0
2022-08-19,sz.002344,4.9200,5.0600,4.8800,4.9500,4.9300,16447132,81979564.4500,3,1.283500,1,0.405700,0
2022-08-22,sz.002344,4.9300,5.0900,4.9100,5.0000,4.9500,19602312,98464433.4800,3,1.529700,1,1.010100,0
2022-08-23,sz.002344,4.9800,5.1200,4.9800,5.0700,5.0000,18872606,95386415.3900,3,1.472700,1,1.400000,0
2022-08-24,sz.002344,5.0500,5.1000,4.8800,4.9100,5.0700,19242613,95533981.2800,3,1.501600,1,-3.155800,0
2022-08-25,sz.002344,4.9300,5.0100,4.9000,4.9800,4.9100,15419560,76423755.3000,3,1.203300,1,1.425700,0
2022-08-26,sz.002344,4.9400,5.0000,4.9000,4.9200,4.9800,14744838,72697668.9600,3,1.150600,1,-1.204800,0
2022-08-29,sz.002344,4.7800,4.8100,4.7000,4.7800,4.9200,25582738,121655238.8400,3,1.996400,1,-2.845500,0
2022-08-30,sz.002344,4.8500,4.9000,4.7300,4.8300,4.7800,16958562,81465564.7400,3,1.323400,1,1.046000,0
2022-08-31,sz.002344,4.8400,4.9100,4.7300,4.7400,4.8300,18059605,86571180.0900,3,1.409300,1,-1.863400,0
2022-09-01,sz.002344,4.7600,4.8500,4.7400,4.7900,4.7400,15925542,76538699.4600,3,1.242800,1,1.054900,0
2022-09-02,sz.002344,4.8700,4.8900,4.8100,4.8500,4.7900,12560403,60906877.2000,3,0.980200,1,1.252600,0
2022-09-05,sz.002344,4.8600,4.8900,4.7900,4.8300,4.8500,12456222,60207706.6300,3,0.972000,1,-0.412400,0
2022-09-06,sz.002344,4.8300,4.9400,4.8200,4.9300,4.8300,12383242,60615377.5200,3,0.966300,1,2.070400,0
2022-09-07,sz.002344,4.9100,4.9200,4.8000,4.8200,4.9300,11972866,57943397.6000,3,0.934300,1,-2.231200,0
2022-09-08,sz.002344,4.7900,4.8100,4.7000,4.7700,4.8200,11310394,53720136.1600,3,0.882600,1,-1.037300,0
2022-09-09,sz.002344,4.7500,4.8000,4.7200,4.7800,4.7700,8121768,38730585.8000,3,0.633800,1,0.209600,0
2022-09-13,sz.002344,4.7800,5.0400,4.7800,4.9200,4.7800,25367500,125158336.5300,3,1.979600,1,2.928900,0
2022-09-14,sz.002344,4.8500,4.9000,4.8000,4.8100,4.9200,12397190,60054714.7400,3,0.967400,1,-2.235800,0
2022-09-15,sz.002344,4.8900,4.9700,4.7300,4.8100,4.8100,19198107,93185340.0900,3,1.498100,1,0.000000,0
2022-09-16,sz.002344,4.8000,4.8000,4.5600,4.5600,4.8100,22002755,102271300.3600,3,1.717000,1,-5.197500,0
2022-09-19,sz.002344,4.5000,4.5600,4.4000,4.4900,4.5600,13811014,61882138.3000,3,1.077800,1,-1.535100,0
2022-09-20,sz.002344,4.5500,4.6400,4.4700,4.5700,4.4900,11221285,51476725.3800,3,0.875700,1,1.781700,0
2022-09-21,sz.002344,4.5800,4.6100,4.4500,4.5800,4.5700,10571196,47809805.0000,3,0.824900,1,0.218800,0
2022-09-22,sz.002344,4.6200,4.6400,4.4600,4.4600,4.5800,13544000,61320894.0000,3,1.056900,1,-2.620100,0
2022-09-23,sz.002344,4.4600,4.5100,4.4000,4.4300,4.4600,9890087,44056056.4100,3,0.771800,1,-0.672600,0
2022-09-26,sz.002344,4.3900,4.4200,4.2800,4.2800,4.4300,11220005,48775832.6500,3,0.875600,1,-3.386000,0
2022-09-27,sz.002344,4.3100,4.4600,4.2400,4.4600,4.2800,15180242,66168699.4800,3,1.184600,1,4.205600,0
2022-09-28,sz.002344,4.4500,4.4900,4.3900,4.4000,4.4600,10566970,46827900.1100,3,0.824600,1,-1.345300,0
2022-09-29,sz.002344,4.4600,4.4900,4.3000,4.3400,4.4000,10413642,45756720.3000,3,0.812600,1,-1.363600,0
2022-09-30,sz.002344,4.3400,4.3700,4.2800,4.3000,4.3400,9451887,40824508.7100,3,0.737600,1,-0.921700,0
2022-10-10,sz.002344,4.3000,4.3500,4.2000,4.2100,4.3000,10385348,44299253.5600,3,0.810400,1,-2.093000,0
2022-10-11,sz.002344,4.2100,4.2500,4.1200,4.2200,4.2100,8822628,37007486.5600,3,0.688500,1,0.237500,0
2022-10-12,sz.002344,4.2200,4.3000,4.1500,4.2800,4.2200,8684229,36766729.6000,3,0.677700,1,1.421800,0
2022-10-13,sz.002344,4.2900,4.3300,4.2400,4.2700,4.2800,8240240,35243812.5000,3,0.643000,1,-0.233600,0
2022-10-14,sz.002344,4.3000,4.3700,4.3000,4.3600,4.2700,8762175,38099721.2500,3,0.683800,1,2.107700,0
2022-10-17,sz.002344,4.3600,4.3900,4.3000,4.3700,4.3600,8714732,37962698.3800,3,0.680100,1,0.229400,0
2022-10-18,sz.002344,4.3700,4.4200,4.3400,4.3600,4.3700,9389118,41131278.1200,3,0.732700,1,-0.228800,0
2022-10-19,sz.002344,4.3500,4.3600,4.2900,4.2900,4.3600,7932000,34249608.0000,3,0.619000,1,-1.605500,0
2022-10-20,sz.002344,4.2700,4.6500,4.2200,4.3800,4.2900,34238417,150166027.7200,3,2.671800,1,2.097900,0
2022-10-21,sz.002344,4.3800,4.4900,4.2200,4.2300,4.3800,27955348,121290617.1800,3,2.181500,1,-3.424700,0
2022-10-24,sz.002344,4.2200,4.2400,4.0600,4.0700,4.2300,22735540,94184167.9000,3,1.774200,1,-3.782500,0
2022-10-25,sz.002344,4.0700,4.1100,3.9900,4.0700,4.0700,11649864,47190113.7900,3,0.909100,1,0.000000,0
2022-10-26,sz.002344,4.0900,4.1800,4.0700,4.1400,4.0700,11126854,46066783.0200,3,0.868300,1,1.719900,0
2022-10-27,sz.002344,4.1500,4.2300,4.1200,4.1700,4.1400,10557954,43947119.1800,3,0.823900,1,0.724600,0
2022-10-28,sz.002344,4.1400,4.1500,3.9300,3.9500,4.1700,17888530,71981994.5100,3,1.395900,1,-5.275800,0
2022-10-31,sz.002344,3.9200,3.9900,3.8700,3.9100,3.9500,11117163,43614779.7600,3,0.867500,1,-1.012700,0
2022-11-01,sz.002344,3.9200,4.0400,3.9100,4.0300,3.9100,9591346,38183824.6200,3,0.748500,1,3.069100,0
2022-11-02,sz.002344,4.0300,4.0900,4.0000,4.0400,4.0300,8772629,35523726.8400,3,0.684600,1,0.248100,0
2022-11-03,sz.002344,4.0300,4.0800,4.0100,4.0400,4.0400,6798738,27504512.1400,3,0.530500,1,0.000000,0
2022-11-04,sz.002344,4.0400,4.1100,4.0300,4.1100,4.0400,8674763,35416493.9100,3,0.676900,1,1.732700,0
2022-11-07,sz.002344,4.1000,4.1500,4.0800,4.1300,4.1100,11055600,45504104.0000,3,0.862700,1,0.486600,0
2022-11-08,sz.002344,4.1500,4.1500,4.0900,4.1200,4.1300,7716100,31774447.0000,3,0.602100,1,-0.242100,0
2022-11-09,sz.002344,4.1200,4.1600,4.1100,4.1200,4.1200,7137886,29523796.9000,3,0.557000,1,0.000000,0
2022-11-10,sz.002344,4.1000,4.1900,4.0800,4.1800,4.1200,11189400,46426524.0000,3,0.873200,1,1.456300,0
2022-11-11,sz.002344,4.2500,4.2800,4.1800,4.2400,4.1800,14323004,60648400.9200,3,1.117700,1,1.435400,0
2022-11-14,sz.002344,4.2600,4.2800,4.2200,4.2400,4.2400,9916016,42124429.0000,3,0.773800,1,0.000000,0
2022-11-15,sz.002344,4.2400,4.2900,4.2300,4.2800,4.2400,9010700,38480477.9100,3,0.703200,1,0.943400,0
2022-11-16,sz.002344,4.2700,4.3000,4.2600,4.2700,4.2800,9038700,38647789.0000,3,0.705300,1,-0.233600,0
2022-11-17,sz.002344,4.2800,4.3100,4.2500,4.2900,4.2700,8328700,35609699.0000,3,0.649900,1,0.468400,0
2022-11-18,sz.002344,4.2900,4.3200,4.2600,4.2600,4.2900,9840439,42237233.7000,3,0.767900,1,-0.699300,0
2022-11-21,sz.002344,4.2500,4.2600,4.1800,4.2300,4.2600,10101739,42601619.9700,3,0.788300,1,-0.704200,0
2022-11-22,sz.002344,4.2600,4.2800,4.1900,4.2200,4.2300,8931606,37755637.7100,3,0.697000,1,-0.236400,0
2022-11-23,sz.002344,4.2400,4.2400,4.1600,4.1800,4.2200,7899156,33100071.6400,3,0.616400,1,-0.947900,0
2022-11-24,sz.002344,4.1900,4.2400,4.1500,4.1900,4.1800,6543800,27421343.0000,3,0.510600,1,0.239200,0
2022-11-25,sz.002344,4.1700,4.2600,4.1700,4.2300,4.1900,9578990,40464165.4400,3,0.747500,1,0.954700,0
2022-11-28,sz.002344,4.2200,4.2400,4.1200,4.2400,4.2300,9589970,40315624.4400,3,0.748400,1,0.236400,0
2022-11-29,sz.002344,4.2800,4.3200,4.2500,4.3200,4.2400,10315514,44302709.3800,3,0.805000,1,1.886800,0
2022-11-30,sz.002344,4.3300,4.3500,4.2900,4.3200,4.3200,8857447,38242746.5100,3,0.691200,1,0.000000,0
2022-12-01,sz.002344,4.3300,4.4000,4.3100,4.3200,4.3200,8860270,38478301.8000,3,0.691400,1,0.000000,0
2022-12-02,sz.002344,4.3100,4.3800,4.3000,4.3500,4.3200,8730100,37872937.0000,3,0.681300,1,0.694400,0
2022-12-05,sz.002344,4.4000,4.4200,4.3700,4.4000,4.3500,10919274,47955057.8600,3,0.852100,1,1.149400,0
2022-12-06,sz.002344,4.3900,4.5500,4.3700,4.4800,4.4000,21328633,95318466.7800,3,1.664400,1,1.818200,0
2022-12-07,sz.002344,4.5300,4.6700,4.5200,4.5800,4.4800,36443603,166936781.1700,3,2.843900,1,2.232100,0
2022-12-08,sz.002344,4.6000,4.6500,4.5300,4.6200,4.5800,26321473,120982741.8800,3,2.054000,1,0.873400,0
2022-12-09,sz.002344,4.6200,4.6200,4.4900,4.5000,4.6200,20830896,94401866.0000,3,1.625600,1,-2.597400,0
2022-12-12,sz.002344,4.5000,4.5400,4.4000,4.4200,4.5000,17110379,76352155.3000,3,1.335200,1,-1.777800,0
2022-12-13,sz.002344,4.4200,4.6500,4.4000,4.5500,4.4200,20912100,95085668.5000,3,1.631900,1,2.941200,0
2022-12-14,sz.002344,4.5900,4.8500,4.5900,4.7000,4.5500,31511862,149282984.8800,3,2.459000,1,3.296700,0
2022-12-15,sz.002344,4.7300,4.8200,4.5600,4.6000,4.7000,27259305,127547040.8400,3,2.127200,1,-2.127700,0
2022-12-16,sz.002344,4.6400,4.6600,4.5400,4.6300,4.6000,19136866,88117292.0600,3,1.493400,1,0.652200,0
2022-12-19,sz.002344,4.6900,4.7400,4.5000,4.5300,4.6300,17211268,79294273.8000,3,1.343100,1,-2.159800,0
2022-12-20,sz.002344,4.5100,4.5600,4.4200,4.4900,4.5300,10321389,46432074.8400,3,0.805400,1,-0.883000,0
2022-12-21,sz.002344,4.5000,4.6400,4.4600,4.5800,4.4900,12322400,56283378.0000,3,0.961600,1,2.004500,0
2022-12-22,sz.002344,4.5900,4.6300,4.4500,4.4900,4.5800,13021500,58970029.0000,3,1.016100,1,-1.965100,0
2022-12-23,sz.002344,4.4500,4.5200,4.4100,4.4300,4.4900,9533500,42509384.0000,3,0.744000,1,-1.336300,0
2022-12-26,sz.002344,4.4400,4.4800,4.4000,4.4000,4.4300,9399100,41643993.0000,3,0.733500,1,-0.677200,0
2022-12-27,sz.002344,4.4500,4.5900,4.4200,4.5400,4.4000,12018993,54234214.8500,3,0.937900,1,3.181800,0
2022-12-28,sz.002344,4.5500,4.5500,4.4400,4.4800,4.5400,9624600,43201540.0000,3,0.751100,1,-1.321600,0
2022-12-29,sz.002344,4.4800,4.5800,4.4200,4.5300,4.4800,10944878,49461620.6600,3,0.854100,1,1.116100,0
2022-12-30,sz.002344,4.5500,4.7300,4.5200,4.6900,4.5300,21035008,97377139.6000,3,1.641500,1,3.532000,0
2023-01-03,sz.002344,4.6500,4.6900,4.6200,4.6500,4.6900,16441000,76455938.0000,3,1.283000,1,-0.852900,0
2023-01-04,sz.002344,4.6300,4.6800,4.6100,4.6500,4.6500,10906832,50687088.5200,3,0.851100,1,0.000000,0
2023-01-05,sz.002344,4.6500,4.6600,4.5300,4.5400,4.6500,17900582,81781366.5400,3,1.396900,1,-2.365600,0
2023-01-06,sz.002344,4.5200,4.5500,4.4100,4.4200,4.5400,16997235,75826348.3500,3,1.326400,1,-2.643200,0
2023-01-09,sz.002344,4.4300,4.4600,4.4000,4.4100,4.4200,9550100,42260734.0800,3,0.745200,1,-0.226200,0
2023-01-10,sz.002344,4.4200,4.4300,4.3800,4.4000,4.4100,8186728,36094833.2000,3,0.638900,1,-0.226800,0
2023-01-11,sz.002344,4.4100,4.4200,4.2800,4.3000,4.4000,13430962,58269694.7000,3,1.048100,1,-2.272700,0
2023-01-12,sz.002344,4.3000,4.3100,4.2500,4.2600,4.3000,7759541,33218687.6600,3,0.605500,1,-0.930200,0
2023-01-13,sz.002344,4.2800,4.3400,4.2700,4.3300,4.2600,7132947,30750811.1000,3,0.556600,1,1.643200,0
2023-01-16,sz.002344,4.3300,4.3900,4.3200,4.3400,4.3300,9522900,41534404.0000,3,0.743100,1,0.230900,0
2023-01-17,sz.002344,4.3500,4.3700,4.3000,4.3200,4.3400,6467300,27982415.0000,3,0.504700,1,-0.460800,0
2023-01-18,sz.002344,4.3400,4.3500,4.3100,4.3200,4.3200,9229300,39956091.1900,3,0.720200,1,0.000000,0
2023-01-19,sz.002344,4.3000,4.3300,4.2900,4.3300,4.3200,10222286,44071695.5200,3,0.797700,1,0.231500,0
2023-01-20,sz.002344,4.3300,4.3800,4.3100,4.3700,4.3300,12953623,56406683.6400,3,1.010800,1,0.923800,0
2023-01-30,sz.002344,4.4100,4.4500,4.3900,4.4000,4.3700,12132207,53553077.6400,3,0.946700,1,0.686500,0
2023-01-31,sz.002344,4.4000,4.4700,4.3800,4.4600,4.4000,9777034,43359306.3500,3,0.763000,1,1.363600,0
2023-02-01,sz.002344,4.4600,4.5100,4.4400,4.5000,4.4600,9825511,44034028.1700,3,0.766700,1,0.896900,0
2023-02-02,sz.002344,4.5000,4.5700,4.4700,4.5400,4.5000,12788909,57882244.1900,3,0.998000,1,0.888900,0
2023-02-03,sz.002344,4.5500,4.5500,4.4800,4.5100,4.5400,10740800,48450904.0000,3,0.838200,1,-0.660800,0
2023-02-06,sz.002344,4.4900,4.5700,4.4600,4.5500,4.5100,9971000,45298541.0000,3,0.778100,1,0.886900,0
2023-02-07,sz.002344,4.5800,4.5900,4.5100,4.5400,4.5500,8425510,38199798.3000,3,0.657500,1,-0.219800,0
2023-02-08,sz.002344,4.5500,4.5500,4.4900,4.5000,4.5400,8157835,36888501.1500,3,0.636600,1,-0.881100,0
2023-02-09,sz.002344,4.4900,4.5700,4.4800,4.5700,4.5000,10285304,46569174.0400,3,0.802600,1,1.555600,0
2023-02-10,sz.002344,4.5500,4.6300,4.5500,4.6100,4.5700,10592892,48692251.1800,3,0.826600,1,0.875300,0
2023-02-13,sz.002344,4.6100,4.6600,4.6000,4.6300,4.6100,8903200,41186592.0000,3,0.694800,1,0.433800,0
2023-02-14,sz.002344,4.6400,4.6400,4.5700,4.5900,4.6300,7308366,33629602.8700,3,0.570300,1,-0.863900,0
2023-02-15,sz.002344,4.6000,4.6000,4.5500,4.5500,4.5900,8990542,41066559.1000,3,0.701600,1,-0.871500,0
2023-02-16,sz.002344,4.5700,4.6100,4.4700,4.5000,4.5500,12465563,56677635.6500,3,0.972800,1,-1.098900,0
2023-02-17,sz.002344,4.5200,4.5500,4.4900,4.5200,4.5000,11220300,50730713.0000,3,0.875600,1,0.444400,0
2023-02-20,sz.002344,4.5200,4.6200,4.4900,4.6100,4.5200,11719886,53454446.7200,3,0.914600,1,1.991200,0
2023-02-21,sz.002344,4.6100,4.6300,4.5600,4.6200,4.6100,11237886,51657350.3000,3,0.877000,1,0.216900,0
2023-02-22,sz.002344,4.6000,4.6400,4.5900,4.6300,4.6200,9675135,44713949.5700,3,0.755000,1,0.216500,0
2023-02-23,sz.002344,4.6400,4.6800,4.6000,4.6200,4.6300,9320200,43209316.0000,3,0.727300,1,-0.216000,0
2023-02-24,sz.002344,4.6500,4.6500,4.5800,4.6400,4.6200,7293000,33718541.0000,3,0.569100,1,0.432900,0
2023-02-27,sz.002344,4.6500,4.6800,4.5700,4.5800,4.6400,7557393,34923658.9400,3,0.589700,1,-1.293100,0
2023-02-28,sz.002344,4.5800,4.6900,4.5800,4.6900,4.5800,12549500,58420724.0000,3,0.979300,1,2.401700,0
2023-03-01,sz.002344,4.6900,4.7000,4.6400,4.6800,4.6900,8664113,40406097.4500,3,0.676100,1,-0.213200,0
2023-03-02,sz.002344,4.6700,4.7000,4.6600,4.6800,4.6800,7312200,34205695.0000,3,0.570600,1,0.000000,0
2023-03-03,sz.002344,4.6900,4.7100,4.6400,4.6800,4.6800,8327775,38920061.2300,3,0.649900,1,0.000000,0
2023-03-06,sz.002344,4.6900,4.7300,4.6600,4.7200,4.6800,11270168,53051707.2800,3,0.879500,1,0.854700,0
2023-03-07,sz.002344,4.7200,4.7400,4.6100,4.6100,4.7200,12409072,57933591.0400,3,0.968400,1,-2.330500,0
2023-03-08,sz.002344,4.6200,4.6600,4.5800,4.6300,4.6100,10001000,46208685.0000,3,0.780400,1,0.433800,0
2023-03-09,sz.002344,4.6400,4.6400,4.5500,4.5800,4.6300,6269700,28763369.0000,3,0.489300,1,-1.079900,0
2023-03-10,sz.002344,4.5600,4.5700,4.5200,4.5200,4.5800,7806650,35438104.5000,3,0.609200,1,-1.310000,0
2023-03-13,sz.002344,4.5200,4.5400,4.4600,4.5000,4.5200,8088337,36314309.5800,3,0.631200,1,-0.442500,0
2023-03-14,sz.002344,4.5000,4.5000,4.3800,4.4300,4.5000,10885200,48232485.0000,3,0.849400,1,-1.555600,0
2023-03-15,sz.002344,4.4400,4.5100,4.4300,4.4900,4.4300,9070933,40543074.8400,3,0.707900,1,1.354400,0
2023-03-16,sz.002344,4.4700,4.4800,4.4100,4.4100,4.4900,7829434,34776059.9400,3,0.611000,1,-1.781700,0
2023-03-17,sz.002344,4.4300,4.4900,4.4200,4.4500,4.4100,8612775,38351522.0000,3,0.672100,1,0.907000,0
2023-03-20,sz.002344,4.4600,4.4900,4.4000,4.4300,4.4500,8141399,36212077.0000,3,0.635300,1,-0.449400,0
2023-03-21,sz.002344,4.4400,4.5200,4.4300,4.5200,4.4300,8007250,35937374.9300,3,0.624900,1,2.031600,0
2023-03-22,sz.002344,4.5500,4.6000,4.5200,4.5900,4.5200,11906773,54435746.6500,3,0.929200,1,1.548700,0
2023-03-23,sz.002344,4.5900,4.6400,4.5700,4.6400,4.5900,10201294,47034912.4800,3,0.796100,1,1.089300,0
2023-03-24,sz.002344,4.6500,4.6900,4.6100,4.6400,4.6400,12226375,56829704.0000,3,0.954100,1,0.000000,0
2023-03-27,sz.002344,4.6600,4.6800,4.5800,4.6500,4.6400,10888917,50476274.1800,3,0.849700,1,0.215500,0
2023-03-28,sz.002344,4.6800,4.7100,4.6200,4.6700,4.6500,10407211,48638487.5900,3,0.812100,1,0.430100,0
2023-03-29,sz.002344,4.7000,4.7000,4.5900,4.6600,4.6700,13865808,64375477.2800,3,1.082000,1,-0.214100,0
2023-03-30,sz.002344,4.6500,4.6600,4.5900,4.6300,4.6600,9284892,42953686.1200,3,0.724600,1,-0.643800,0
2023-03-31,sz.002344,4.6600,4.7800,4.6400,4.7600,4.6300,15594050,73519890.4700,3,1.216900,1,2.807800,0
2023-04-03,sz.002344,4.7600,4.9200,4.7500,4.8000,4.7600,20386809,98381734.6400,3,1.590900,1,0.840300,0
2023-04-04,sz.002344,4.7900,4.8100,4.7000,4.7300,4.8000,13398526,63568757.9800,3,1.045600,1,-1.458300,0
2023-04-06,sz.002344,4.7200,4.7300,4.6400,4.6500,4.7300,11179800,52318659.0000,3,0.872400,1,-1.691300,0
2023-04-07,sz.002344,4.6700,4.6900,4.6400,4.6600,4.6500,8456987,39451620.3200,3,0.659900,1,0.215100,0
2023-04-10,sz.002344,4.6600,4.6700,4.5500,4.5600,4.6600,13662157,62747979.9200,3,1.066100,1,-2.145900,0
2023-04-11,sz.002344,4.5700,4.6000,4.5200,4.5800,4.5600,8371000,38191856.0000,3,0.653200,1,0.438600,0
2023-04-12,sz.002344,4.6200,4.8600,4.6000,4.7600,4.5800,24880883,118214750.3300,3,1.941600,1,3.930100,0
2023-04-13,sz.002344,4.7600,4.9600,4.7600,4.9100,4.7600,31693990,154241479.8800,3,2.473300,1,3.151300,0
2023-04-14,sz.002344,4.9100,5.0800,4.8700,4.8900,4.9100,33079197,163757524.3100,3,2.581400,1,-0.407300,0
2023-04-17,sz.002344,4.9400,4.9600,4.8400,4.8800,4.8900,19887140,97286010.1400,3,1.551900,1,-0.204500,0
2023-04-18,sz.002344,4.8700,4.9000,4.8200,4.8500,4.8800,10322800,50090672.0000,3,0.805500,1,-0.614800,0
2023-04-19,sz.002344,4.8600,4.9800,4.8300,4.8500,4.8500,16346887,80057825.4300,3,1.275600,1,0.000000,0
2023-04-20,sz.002344,4.8700,4.9500,4.7900,4.9300,4.8500,16863075,82163265.9400,3,1.315900,1,1.649500,0
2023-04-21,sz.002344,4.9200,4.9500,4.7700,4.7900,4.9300,18022599,87351455.1200,3,1.406400,1,-2.839800,0
2023-04-24,sz.002344,4.8200,4.9100,4.7400,4.8600,4.7900,16783900,81282860.0000,3,1.309700,1,1.461400,0
2023-04-25,sz.002344,4.8600,4.8900,4.6500,4.7300,4.8600,20690771,98241836.1100,3,1.614600,1,-2.674900,0
2023-04-26,sz.002344,4.7500,4.8100,4.6600,4.7500,4.7300,18486005,87558099.8300,3,1.442600,1,0.422800,0
2023-04-27,sz.002344,4.7600,4.8400,4.7200,4.7700,4.7500,16887082,80849398.5300,3,1.317800,1,0.421100,0
2023-04-28,sz.002344,4.8000,5.0000,4.7800,4.9700,4.7700,25893718,127518131.0400,3,2.020600,1,4.192900,0
2023-05-04,sz.002344,4.9800,5.1700,4.9800,5.1300,4.9700,29645144,151411912.7400,3,2.313400,1,3.219300,0
2023-05-05,sz.002344,5.1200,5.3000,5.0700,5.2600,5.1300,44304911,230124567.3800,3,3.457400,1,2.534100,0
2023-05-08,sz.002344,5.3200,5.3500,5.1900,5.2500,5.2600,33208845,174633178.6800,3,2.591500,1,-0.190100,0
2023-05-09,sz.002344,5.2700,5.5000,5.2100,5.3100,5.2500,41469667,222172607.7400,3,3.236100,1,1.142900,0
2023-05-10,sz.002344,5.3100,5.3600,5.1800,5.2000,5.3100,26032523,136411783.6000,3,2.031500,1,-2.071600,0
2023-05-11,sz.002344,5.2300,5.5200,5.2100,5.3700,5.2000,30702600,164646024.4900,3,2.395900,1,3.269200,0
2023-05-12,sz.002344,5.3600,5.7700,5.3300,5.4600,5.3700,57529063,319040829.7000,3,4.489300,1,1.676000,0
2023-05-15,sz.002344,5.5100,5.5500,5.2300,5.4000,5.4600,42311548,226273894.7600,3,3.301800,1,-1.098900,0
2023-05-16,sz.002344,5.4000,5.4100,5.2200,5.2700,5.4000,26229735,138830240.1000,3,2.046900,1,-2.407400,0
2023-05-17,sz.002344,5.2500,5.3300,5.1600,5.2200,5.2700,17990895,94120755.3700,3,1.403900,1,-0.948800,0
2023-05-18,sz.002344,5.2700,5.3800,5.2300,5.2600,5.2200,18946880,100363632.6400,3,1.478500,1,0.766300,0
2023-05-19,sz.002344,5.3000,5.3100,5.1500,5.1700,5.2600,20147393,104701667.6500,3,1.572200,1,-1.711000,0
2023-05-22,sz.002344,5.1900,5.2200,5.1300,5.1800,5.1700,18711380,96832852.8000,3,1.460200,1,0.193400,0
2023-05-23,sz.002344,5.2000,5.2300,5.1100,5.1300,5.1800,22323446,115415914.1900,3,1.742000,1,-0.965300,0
2023-05-24,sz.002344,5.1500,5.1900,5.0000,5.0400,5.1300,27261100,138121978.0000,3,2.127300,1,-1.754400,0
2023-05-25,sz.002344,5.0600,5.0800,4.8700,4.9700,5.0400,23510844,116557284.0100,3,1.834700,1,-1.388900,0
2023-05-26,sz.002344,5.0300,5.0300,4.9000,5.0200,4.9700,15744181,78247648.8300,3,1.228600,1,1.006000,0
2023-05-29,sz.002344,5.0000,5.0700,4.9300,4.9500,5.0200,14290100,71343171.0000,3,1.115100,1,-1.394400,0
2023-05-30,sz.002344,4.9700,5.0700,4.9000,5.0700,4.9500,13801214,69009670.8600,3,1.077000,1,2.424200,0
2023-05-31,sz.002344,5.0500,5.0900,4.9900,5.0400,5.0700,9976778,50263198.3900,3,0.778500,1,-0.591700,0
2023-06-01,sz.002344,5.0400,5.1400,4.9900,5.0500,5.0400,15217434,77268918.0600,3,1.187500,1,0.198400,0
2023-06-02,sz.002344,5.0700,5.2600,5.0600,5.2200,5.0500,21814859,113538683.7400,3,1.702300,1,3.366300,0
2023-06-05,sz.002344,5.2500,5.4500,5.2200,5.3400,5.2200,25143926,134548777.4000,3,1.962100,1,2.298900,0
2023-06-06,sz.002344,5.3000,5.4400,5.2100,5.2200,5.3400,16356622,86492592.0400,3,1.276400,1,-2.247200,0
2023-06-07,sz.002344,5.2100,5.3700,5.2100,5.3300,5.2200,13705023,72621048.7300,3,1.069500,1,2.107300,0
2023-06-08,sz.002344,5.3500,5.3500,5.2300,5.3100,5.3300,13178027,69623970.3700,3,1.028400,1,-0.375200,0
2023-06-09,sz.002344,5.3100,5.3500,5.2500,5.2800,5.3100,11252178,59573783.8400,3,0.878100,1,-0.565000,0
2023-06-12,sz.002344,5.2800,5.2800,5.1900,5.2300,5.2800,10720200,56071839.0000,3,0.836600,1,-0.947000,0
2023-06-13,sz.002344,5.2400,5.2600,5.1600,5.2300,5.2300,9945801,51957112.2300,3,0.776100,1,0.000000,0
2023-06-14,sz.002344,5.2500,5.3200,5.1700,5.2700,5.2300,13004828,68442991.5600,3,1.014800,1,0.764800,0
2023-06-15,sz.002344,5.2800,5.3000,5.1200,5.1500,5.2700,16332100,84444014.0000,3,1.274500,1,-2.277000,0
2023-06-16,sz.002344,5.1700,5.1800,5.0400,5.0500,5.1500,13583893,69235204.9000,3,1.060000,1,-1.941700,0
2023-06-19,sz.002344,5.0600,5.0600,4.9200,4.9400,5.0500,14204074,70672280.5600,3,1.108400,1,-2.178200,0
2023-06-20,sz.002344,4.9500,4.9700,4.7700,4.7800,4.9400,20287761,97987023.5800,3,1.583200,1,-3.238900,0
2023-06-21,sz.002344,4.7900,4.8000,4.7000,4.7000,4.7800,13962428,66189136.4400,3,1.089600,1,-1.673600,0
2023-06-26,sz.002344,4.7100,4.7300,4.5700,4.5900,4.7000,17697001,81888692.5700,3,1.381000,1,-2.340400,0
2023-06-27,sz.002344,4.6000,4.7200,4.6000,4.6800,4.5900,14017602,65536655.3300,3,1.093900,1,1.960800,0
2023-06-28,sz.002344,4.7000,4.7100,4.6200,4.7000,4.6800,10578362,49377443.3000,3,0.825500,1,0.427400,0
2023-06-29,sz.002344,4.6800,4.7500,4.6700,4.7200,4.7000,10054900,47305107.4400,3,0.784600,1,0.425500,0
2023-06-30,sz.002344,4.7300,4.7700,4.6800,4.7300,4.7200,10192383,48295847.7600,3,0.795500,1,0.211900,0
2023-07-03,sz.002344,4.7600,4.8100,4.7300,4.7600,4.7300,11275000,53708440.0000,3,0.879900,1,0.634200,0
2023-07-04,sz.002344,4.7900,4.7900,4.7300,4.7400,4.7600,8725100,41495130.0000,3,0.680900,1,-0.420200,0
2023-07-05,sz.002344,4.7500,4.8000,4.7400,4.7600,4.7400,9575112,45647224.5500,3,0.747200,1,0.421900,0
2023-07-06,sz.002344,4.7500,4.8100,4.7500,4.7800,4.7600,8449218,40370302.0400,3,0.659300,1,0.420200,0
2023-07-07,sz.002344,4.7600,4.8500,4.7300,4.8200,4.7800,9634000,46212673.0000,3,0.751800,1,0.836800,0
2023-07-10,sz.002344,4.8200,4.8700,4.7800,4.8500,4.8200,9032106,43684581.6200,3,0.704800,1,0.622400,0
2023-07-11,sz.002344,4.8500,4.8500,4.8000,4.8200,4.8500,6577978,31698163.4000,3,0.513300,1,-0.618600,0
2023-07-12,sz.002344,4.8300,4.8400,4.7400,4.7400,4.8200,7257502,34725573.2200,3,0.566300,1,-1.659800,0
2023-07-13,sz.002344,4.7700,4.8200,4.7500,4.8100,4.7400,7072634,33877930.2000,3,0.551900,1,1.476800,0
2023-07-14,sz.002344,4.8100,4.8600,4.7900,4.8300,4.8100,7090073,34195823.1300,3,0.553300,1,0.415800,0
2023-07-17,sz.002344,4.8200,4.8300,4.7600,4.8000,4.8300,6519000,31209478.0000,3,0.508700,1,-0.621100,0
2023-07-18,sz.002344,4.8000,4.8600,4.7700,4.8500,4.8000,7705787,37184273.9500,3,0.601300,1,1.041700,0
2023-07-19,sz.002344,4.8300,4.9500,4.8200,4.9300,4.8500,12482547,61252434.7700,3,0.974100,1,1.649500,0
2023-07-20,sz.002344,4.9800,5.0000,4.9200,4.9300,4.9300,11652229,57770679.9700,3,0.909300,1,0.000000,0
2023-07-21,sz.002344,4.9300,5.0200,4.9000,4.9900,4.9300,12587525,62714818.2500,3,0.982300,1,1.217000,0
2023-07-24,sz.002344,4.9700,5.0200,4.9300,4.9800,4.9900,8910929,44403521.1300,3,0.695400,1,-0.200400,0
2023-07-25,sz.002344,5.0400,5.0600,4.9800,5.0300,4.9800,11322668,56928033.0400,3,0.883600,1,1.004000,0
2023-07-26,sz.002344,5.0700,5.0700,4.9800,5.0300,5.0300,8479200,42487891.0000,3,0.661700,1,0.000000,0
2023-07-27,sz.002344,5.0200,5.0400,4.9800,5.0000,5.0300,8630242,43252504.8400,3,0.673500,1,-0.596400,0
2023-07-28,sz.002344,4.9900,5.1500,4.9600,5.1300,5.0000,12497200,63572062.8400,3,0.975200,1,2.600000,0
2023-07-31,sz.002344,5.1900,5.2100,5.1300,5.2000,5.1300,12822819,66437491.6800,3,1.000600,1,1.364500,0
2023-08-01,sz.002344,5.1900,5.2600,5.1700,5.1900,5.2000,11485402,59852858.3600,3,0.896300,1,-0.192300,0
2023-08-02,sz.002344,5.1900,5.2600,5.1700,5.2000,5.1900,10191100,53081450.0000,3,0.795300,1,0.192700,0
2023-08-03,sz.002344,5.2000,5.2800,5.1700,5.2300,5.2000,9839900,51264627.0000,3,0.767900,1,0.576900,0
2023-08-04,sz.002344,5.2400,5.2700,5.1700,5.1900,5.2300,9703900,50575889.0000,3,0.757300,1,-0.764800,0
2023-08-07,sz.002344,5.1800,5.2100,5.1200,5.1500,5.1900,10584927,54532317.3200,3,0.826000,1,-0.770700,0
2023-08-08,sz.002344,5.1500,5.1900,5.0700,5.1000,5.1500,9351873,47754540.0300,3,0.729800,1,-0.970900,0
2023-08-09,sz.002344,5.1100,5.1200,5.0300,5.0500,5.1000,7002138,35405886.5200,3,0.546400,1,-0.980400,0
2023-08-10,sz.002344,5.0500,5.1200,5.0300,5.0600,5.0500,7090150,35866287.5000,3,0.553300,1,0.198000,0
2023-08-11,sz.002344,5.1100,5.1100,4.9500,4.9600,5.0600,9755800,48772214.0000,3,0.761300,1,-1.976300,0
2023-08-14,sz.002344,4.9200,4.9800,4.8800,4.9700,4.9600,7985700,39371657.6200,3,0.623200,1,0.201600,0
2023-08-15,sz.002344,5.0100,5.0300,4.9400,4.9600,4.9700,8928038,44490788.3800,3,0.696700,1,-0.201200,0
2023-08-16,sz.002344,4.9700,5.0500,4.9100,4.9900,4.9600,7738200,38548409.0000,3,0.603900,1,0.604800,0
2023-08-17,sz.002344,4.9900,5.0500,4.8900,5.0400,4.9900,9806909,48810685.1700,3,0.765300,1,1.002000,0
2023-08-18,sz.002344,5.0900,5.0900,4.9100,4.9100,5.0400,9258997,46273789.9400,3,0.722500,1,-2.579400,0
2023-08-21,sz.002344,4.9200,5.0000,4.8900,4.9000,4.9100,9924282,49000433.8000,3,0.774400,1,-0.203700,0
2023-08-22,sz.002344,4.8700,4.9500,4.7800,4.8600,4.8600,9650800,46652788.0000,3,0.753100,1,0.000000,0
2023-08-23,sz.002344,4.8900,4.8900,4.7800,4.7900,4.8600,7288000,35078676.0000,3,0.568700,1,-1.440300,0
2023-08-24,sz.002344,4.8100,4.8600,4.7600,4.7900,4.7900,7493600,36009303.0000,3,0.584800,1,0.000000,0
2023-08-25,sz.002344,4.7600,4.7600,4.3800,4.4100,4.7900,38960241,176189795.4000,3,3.040900,1,-7.933200,0
2023-08-28,sz.002344,4.6000,4.6500,4.4500,4.4600,4.4100,26302100,118667960.0000,3,2.052900,1,1.133800,0
2023-08-29,sz.002344,4.4400,4.5900,4.4200,4.5800,4.4600,17728614,80078871.0200,3,1.383700,1,2.690600,0
2023-08-30,sz.002344,4.5700,4.5900,4.4500,4.4700,4.5800,16935805,76210326.3000,3,1.321900,1,-2.401700,0
2023-08-31,sz.002344,4.4800,4.4800,4.3600,4.3900,4.4700,15227842,66945378.3800,3,1.188500,1,-1.789700,0
2023-09-01,sz.002344,4.3900,4.4700,4.3900,4.4300,4.3900,15292600,67770811.0000,3,1.193600,1,0.911200,0
2023-09-04,sz.002344,4.4300,4.5100,4.4300,4.5000,4.4300,11892500,53307214.0000,3,0.928200,1,1.580100,0
2023-09-05,sz.002344,4.5100,4.5200,4.4500,4.4700,4.5000,9549420,42674453.6000,3,0.745300,1,-0.666700,0
2023-09-06,sz.002344,4.4800,4.5000,4.4500,4.4800,4.4700,6698781,29954752.0700,3,0.522800,1,0.223700,0
2023-09-07,sz.002344,4.4800,4.5000,4.4000,4.4100,4.4800,8734683,38903666.6800,3,0.681700,1,-1.562500,0
2023-09-08,sz.002344,4.4200,4.4300,4.3500,4.4000,4.4100,7333700,32281606.0000,3,0.572400,1,-0.226800,0
2023-09-11,sz.002344,4.4300,4.4900,4.3800,4.4800,4.4000,8414515,37426962.6700,3,0.656800,1,1.818200,0
2023-09-12,sz.002344,4.5000,4.5100,4.4500,4.4900,4.4800,8892169,39853321.1500,3,0.694000,1,0.223200,0
2023-09-13,sz.002344,4.4900,4.5100,4.4200,4.4500,4.4900,7556800,33651640.0000,3,0.589800,1,-0.890900,0
2023-09-14,sz.002344,4.4600,4.4600,4.4100,4.4200,4.4500,6574573,29073152.9300,3,0.513200,1,-0.674200,0
2023-09-15,sz.002344,4.4400,4.4800,4.4100,4.4600,4.4200,9409600,41771277.0000,3,0.734400,1,0.905000,0
2023-09-18,sz.002344,4.4600,4.5100,4.4100,4.4800,4.4600,8028664,35857049.0600,3,0.626600,1,0.448400,0
2023-09-19,sz.002344,4.4800,4.4800,4.4300,4.4400,4.4800,6831288,30437277.7200,3,0.533200,1,-0.892900,0
2023-09-20,sz.002344,4.4600,4.4700,4.4100,4.4100,4.4400,6482400,28721298.0000,3,0.506000,1,-0.675700,0
2023-09-21,sz.002344,4.4100,4.4400,4.3700,4.3800,4.4100,7234400,31815017.0000,3,0.564700,1,-0.680300,0
2023-09-22,sz.002344,4.3700,4.4500,4.3600,4.4400,4.3800,7941000,35069083.0000,3,0.619800,1,1.369900,0
2023-09-25,sz.002344,4.4500,4.4500,4.3800,4.3800,4.4400,8584000,37791228.0000,3,0.670000,1,-1.351400,0
2023-09-26,sz.002344,4.3800,4.4000,4.3300,4.3300,4.3800,9295314,40541695.7600,3,0.725500,1,-1.141600,0
2023-09-27,sz.002344,4.3300,4.3600,4.3000,4.3100,4.3300,7831943,33927685.7600,3,0.611300,1,-0.461900,0
2023-09-28,sz.002344,4.3400,4.3800,4.3300,4.3600,4.3100,6486457,28270330.0900,3,0.506300,1,1.160100,0
2023-10-09,sz.002344,4.3600,4.3700,4.1900,4.2000,4.3600,20397958,86586075.7600,3,1.592100,1,-3.669700,0
2023-10-10,sz.002344,4.2200,4.2800,4.1800,4.2100,4.2000,14108100,59593397.0000,3,1.101100,1,0.238100,0
2023-10-11,sz.002344,4.2100,4.2300,4.1600,4.1700,4.2100,8151307,34173876.1900,3,0.636200,1,-0.950100,0
2023-10-12,sz.002344,4.1800,4.2400,4.1700,4.2000,4.1700,7686575,32268432.0000,3,0.599900,1,0.719400,0
2023-10-13,sz.002344,4.1900,4.2000,4.1300,4.1400,4.2000,8154600,33845318.0000,3,0.636500,1,-1.428600,0
2023-10-16,sz.002344,4.1300,4.1700,4.1100,4.1300,4.1400,9983900,41318180.0000,3,0.779300,1,-0.241500,0
2023-10-17,sz.002344,4.1400,4.1700,4.1100,4.1400,4.1300,7067800,29297913.0000,3,0.551600,1,0.242100,0
2023-10-18,sz.002344,4.1500,4.1600,4.0600,4.0600,4.1400,9265027,37862389.8900,3,0.723100,1,-1.932400,0
2023-10-19,sz.002344,4.0600,4.1000,4.0200,4.0300,4.0600,10031856,40665158.1400,3,0.783000,1,-0.738900,0
2023-10-20,sz.002344,4.0200,4.0700,4.0100,4.0300,4.0300,6607556,26696040.2400,3,0.515700,1,0.000000,0
2023-10-23,sz.002344,4.0200,4.0300,3.9200,3.9400,4.0300,10805605,42881355.9000,3,0.843400,1,-2.233300,0
2023-10-24,sz.002344,3.9700,4.0500,3.9600,4.0400,3.9400,9836600,39446210.0000,3,0.767800,1,2.538100,0
2023-10-25,sz.002344,4.0400,4.1000,4.0400,4.0700,4.0400,8477000,34581805.0000,3,0.661600,1,0.742600,0
2023-10-26,sz.002344,4.0500,4.1100,4.0400,4.1000,4.0700,8289234,33785340.7000,3,0.647000,1,0.737100,0
2023-10-27,sz.002344,4.0900,4.1500,4.0600,4.1200,4.1000,8338420,34365625.5600,3,0.650800,1,0.487800,0
2023-10-30,sz.002344,4.1000,4.1700,4.1000,4.1500,4.1200,9043618,37511411.5300,3,0.705900,1,0.728200,0
2023-10-31,sz.002344,4.1400,4.1800,4.1100,4.1700,4.1500,7316544,30330189.8400,3,0.571100,1,0.481900,0
2023-11-01,sz.002344,4.1600,4.1800,4.1300,4.1600,4.1700,8150646,33874991.3600,3,0.636200,1,-0.239800,0
2023-11-02,sz.002344,4.1700,4.2000,4.1300,4.1400,4.1600,7879903,32797049.4800,3,0.615000,1,-0.480800,0
2023-11-03,sz.002344,4.1500,4.1700,4.1300,4.1400,4.1400,7307500,30360076.0000,3,0.570400,1,0.000000,0
2023-11-06,sz.002344,4.1700,4.2300,4.1600,4.2200,4.1400,8675512,36435192.0400,3,0.677100,1,1.932400,0
2023-11-07,sz.002344,4.2300,4.2600,4.1900,4.2400,4.2200,7944332,33496363.4600,3,0.620100,1,0.473900,0
2023-11-08,sz.002344,4.2400,4.2500,4.2100,4.2400,4.2400,7733500,32735932.0000,3,0.603600,1,0.000000,0
2023-11-09,sz.002344,4.2400,4.2900,4.2200,4.2700,4.2400,12501483,53216264.8800,3,0.975800,1,0.707500,0
2023-11-10,sz.002344,4.2500,4.3000,4.1900,4.2800,4.2700,12545593,53293489.5400,3,0.979200,1,0.234200,0
2023-11-13,sz.002344,4.2900,4.3500,4.2400,4.3200,4.2800,17394425,74616737.7500,3,1.357600,1,0.934600,0
2023-11-14,sz.002344,4.3100,4.4700,4.3000,4.4100,4.3200,25042241,109902454.1000,3,1.954600,1,2.083300,0
2023-11-15,sz.002344,4.4300,4.4400,4.3400,4.4000,4.4100,17200679,75380187.5600,3,1.342500,1,-0.226800,0
2023-11-16,sz.002344,4.3800,4.4100,4.3600,4.3700,4.4000,11280000,49512814.0000,3,0.880400,1,-0.681800,0
2023-11-17,sz.002344,4.3500,4.4100,4.3400,4.4000,4.3700,11598900,50791207.0000,3,0.905300,1,0.686500,0
2023-11-20,sz.002344,4.4000,4.4300,4.3500,4.4000,4.4000,10645550,46627548.5000,3,0.830900,1,0.000000,0
2023-11-21,sz.002344,4.3900,4.5000,4.3900,4.4700,4.4000,19036513,84933843.0200,3,1.485800,1,1.590900,0
2023-11-22,sz.002344,4.4500,4.5100,4.4300,4.4300,4.4700,13159955,58723507.9500,3,1.027100,1,-0.894900,0
2023-11-23,sz.002344,4.4300,4.4600,4.3700,4.4400,4.4300,10674300,47231018.0000,3,0.833100,1,0.225700,0
2023-11-24,sz.002344,4.4400,4.4600,4.3900,4.4200,4.4400,9357754,41373178.6800,3,0.730400,1,-0.450500,0
2023-11-27,sz.002344,4.4300,4.4500,4.3800,4.4100,4.4200,8274275,36506471.0000,3,0.645800,1,-0.226200,0
2023-11-28,sz.002344,4.4100,4.5000,4.3900,4.4600,4.4100,8214899,36532569.5600,3,0.641200,1,1.133800,0
2023-11-29,sz.002344,4.4600,4.4600,4.3500,4.3700,4.4600,14039664,61472566.4600,3,1.095800,1,-2.017900,0
2023-11-30,sz.002344,4.3800,4.3900,4.3400,4.3800,4.3700,8702556,38054254.1600,3,0.679200,1,0.228800,0
2023-12-01,sz.002344,4.3500,4.4300,4.3400,4.3600,4.3800,13344687,58514073.5800,3,1.041600,1,-0.456600,0
2023-12-04,sz.002344,4.3600,4.4000,4.3100,4.3400,4.3600,12389787,53848837.5800,3,0.967000,1,-0.458700,0
2023-12-05,sz.002344,4.3500,4.3500,4.2900,4.3000,4.3400,7525200,32542888.0000,3,0.587300,1,-0.921700,0
2023-12-06,sz.002344,4.2900,4.4100,4.2700,4.3600,4.3000,11150700,48400191.0000,3,0.870300,1,1.395300,0
2023-12-07,sz.002344,4.3600,4.4100,4.3100,4.3900,4.3600,9252812,40353911.6000,3,0.722200,1,0.688100,0
2023-12-08,sz.002344,4.3900,4.3900,4.2500,4.2600,4.3900,16268902,70098078.9000,3,1.269800,1,-2.961300,0
2023-12-11,sz.002344,4.2600,4.3400,4.2200,4.3400,4.2600,13858559,59179797.7000,3,1.081700,1,1.877900,0
2023-12-12,sz.002344,4.3400,4.3900,4.3100,4.3600,4.3400,11502079,49894414.0200,3,0.897700,1,0.460800,0
2023-12-13,sz.002344,4.3600,4.3900,4.3200,4.3300,4.3600,12141528,52914487.1400,3,0.947700,1,-0.688100,0
2023-12-14,sz.002344,4.3500,4.5000,4.3400,4.4400,4.3300,17870056,79150441.0800,3,1.394800,1,2.540400,0
2023-12-15,sz.002344,4.4500,4.4600,4.3800,4.4200,4.4400,15038348,66300518.1600,3,1.173800,1,-0.450500,0
2023-12-18,sz.002344,4.4200,4.4200,4.2600,4.2800,4.4200,13994675,60494377.1000,3,1.092300,1,-3.167400,0
2023-12-19,sz.002344,4.2900,4.3000,4.2100,4.2400,4.2800,8917499,37900519.7400,3,0.696000,1,-0.934600,0
2023-12-20,sz.002344,4.2500,4.2600,4.1500,4.1600,4.2400,11215071,47143852.3600,3,0.875300,1,-1.886800,0
2023-12-21,sz.002344,4.1500,4.2200,4.1100,4.2000,4.1600,8523491,35498753.2900,3,0.665300,1,0.961500,0
2023-12-22,sz.002344,4.2200,4.2300,4.1200,4.1500,4.2000,8069400,33660740.0000,3,0.629800,1,-1.190500,0
2023-12-25,sz.002344,4.1400,4.1400,4.0500,4.0700,4.1500,9382771,38294320.9700,3,0.732300,1,-1.927700,0
2023-12-26,sz.002344,4.0500,4.0900,4.0100,4.0200,4.0700,5874000,23789827.0000,3,0.458500,1,-1.228500,0
2023-12-27,sz.002344,4.0100,4.0800,3.9700,4.0700,4.0200,8767200,35242727.0000,3,0.684300,1,1.243800,0
2023-12-28,sz.002344,4.0800,4.1400,4.0300,4.1000,4.0700,8191500,33524007.0000,3,0.639400,1,0.737100,0
2023-12-29,sz.002344,4.1000,4.1300,4.0900,4.1000,4.1000,9883300,40579343.0000,3,0.771400,1,0.000000,0
2024-01-02,sz.002344,4.1200,4.1600,4.0900,4.1200,4.1000,11873800,48954073.0000,3,0.926800,1,0.487800,0
2024-01-03,sz.002344,4.1200,4.1900,4.1000,4.1700,4.1200,10521974,43754285.8600,3,0.821200,1,1.213600,0
2024-01-04,sz.002344,4.1600,4.1800,4.1200,4.1600,4.1700,7058900,29283143.0000,3,0.551000,1,-0.239800,0
2024-01-05,sz.002344,4.1600,4.1900,4.0600,4.0800,4.1600,13686426,56341433.0800,3,1.068200,1,-1.923100,0
2024-01-08,sz.002344,4.0900,4.0900,4.0000,4.0100,4.0800,9215300,37267026.0000,3,0.719300,1,-1.715700,0
2024-01-09,sz.002344,4.0200,4.0900,4.0000,4.0700,4.0100,8423102,34136869.6800,3,0.657400,1,1.496300,0
2024-01-10,sz.002344,4.0800,4.1100,4.0100,4.0600,4.0700,7792101,31721194.0800,3,0.608200,1,-0.245700,0
2024-01-11,sz.002344,4.0700,4.1400,4.0400,4.1200,4.0600,8393688,34320608.4000,3,0.655100,1,1.477800,0
2024-01-12,sz.002344,4.1200,4.1800,4.0800,4.0900,4.1200,7580688,31282245.4400,3,0.591700,1,-0.728200,0
2024-01-15,sz.002344,4.0800,4.1700,4.0600,4.1300,4.0900,8536309,35227815.2600,3,0.666300,1,0.978000,0
2024-01-16,sz.002344,4.1400,4.1600,4.0100,4.0700,4.1300,16379950,66623565.5000,3,1.278500,1,-1.452800,0
2024-01-17,sz.002344,4.0600,4.0800,3.9600,3.9700,4.0700,11087300,44644986.3500,3,0.865400,1,-2.457000,0
2024-01-18,sz.002344,3.9400,3.9400,3.7400,3.8700,3.9700,19839450,75986385.5000,3,1.548500,1,-2.518900,0
2024-01-19,sz.002344,3.8600,3.9200,3.8200,3.8700,3.8700,11216500,43462176.0000,3,0.875500,1,0.000000,0
2024-01-22,sz.002344,3.8600,3.8800,3.6300,3.6400,3.8700,13858126,51975447.6200,3,1.081600,1,-5.943200,0
2024-01-23,sz.002344,3.6500,3.7000,3.5600,3.6700,3.6400,12100561,44020010.8600,3,0.944500,1,0.824200,0
2024-01-24,sz.002344,3.6800,3.8300,3.6500,3.8300,3.6700,15178986,56969310.9400,3,1.184700,1,4.359700,0
2024-01-25,sz.002344,3.8300,3.9500,3.8200,3.9400,3.8300,14532789,56650499.8500,3,1.134300,1,2.872100,0
2024-01-26,sz.002344,3.9500,4.0700,3.9300,4.0200,3.9400,14207724,57037692.6500,3,1.108900,1,2.030500,0
2024-01-29,sz.002344,4.0300,4.0400,3.9300,3.9400,4.0200,13454846,53560842.5400,3,1.050200,1,-1.990000,0
2024-01-30,sz.002344,3.9000,3.9700,3.8100,3.8100,3.9400,12008750,46700823.0000,3,0.937300,1,-3.299500,0
2024-01-31,sz.002344,3.8100,3.8400,3.6600,3.6800,3.8100,17772150,66342154.0000,3,1.387100,1,-3.412100,0
2024-02-01,sz.002344,3.6800,3.7300,3.5300,3.6100,3.6800,17836500,64633870.0000,3,1.392200,1,-1.902200,0
2024-02-02,sz.002344,3.6100,3.7000,3.3500,3.4800,3.6100,22756288,80232954.4000,3,1.776100,1,-3.601100,0
2024-02-05,sz.002344,3.4400,3.4400,3.1300,3.1600,3.4800,38663480,123509888.7000,3,3.017700,1,-9.195400,0
2024-02-06,sz.002344,3.0900,3.3700,3.0200,3.2700,3.1600,24823119,78683336.8700,3,1.937500,1,3.481000,0
2024-02-07,sz.002344,3.2800,3.3000,3.1100,3.1900,3.2700,20427418,65727619.2300,3,1.594400,1,-2.446500,0
2024-02-08,sz.002344,3.2200,3.5000,3.1800,3.4200,3.1900,22726908,75493496.9300,3,1.773900,1,7.210000,0
2024-02-19,sz.002344,3.4500,3.5600,3.4200,3.4800,3.4200,16295523,56909105.2600,3,1.271900,1,1.754400,0
2024-02-20,sz.002344,3.4800,3.5200,3.4300,3.5100,3.4800,8743285,30487445.9200,3,0.682400,1,0.862100,0
2024-02-21,sz.002344,3.4900,3.6100,3.4600,3.5300,3.5100,12874800,45860982.0000,3,1.004900,1,0.569800,0
2024-02-22,sz.002344,3.5300,3.5900,3.5200,3.5600,3.5300,7626300,27077576.0000,3,0.595200,1,0.849900,0
2024-02-23,sz.002344,3.5800,3.6600,3.5600,3.6400,3.5600,12518500,45211426.0000,3,0.977100,1,2.247200,0
2024-02-26,sz.002344,3.6500,3.7000,3.6200,3.6500,3.6400,11439202,41783703.2800,3,0.892800,1,0.274700,0
2024-02-27,sz.002344,3.6400,3.7000,3.6100,3.7000,3.6500,9086200,33385859.0000,3,0.709200,1,1.369900,0
2024-02-28,sz.002344,3.7000,3.7500,3.5100,3.5100,3.7000,23634265,86194554.1500,3,1.844700,1,-5.135100,0
2024-02-29,sz.002344,3.5000,3.6000,3.4600,3.5800,3.5100,15473800,54884346.0000,3,1.207700,1,1.994300,0
2024-03-01,sz.002344,3.5800,3.6100,3.5400,3.5900,3.5800,12785997,45631094.2600,3,0.998000,1,0.279300,0
2024-03-04,sz.002344,3.5900,3.6000,3.4900,3.5400,3.5900,11236364,39681288.2800,3,0.877000,1,-1.392800,0
2024-03-05,sz.002344,3.5400,3.5400,3.4700,3.4700,3.5400,10667200,37277886.0000,3,0.832600,1,-1.977400,0
2024-03-06,sz.002344,3.4600,3.5300,3.4400,3.5100,3.4700,13112341,45839489.8600,3,1.023400,1,1.152700,0
2024-03-07,sz.002344,3.5100,3.5800,3.5000,3.5200,3.5100,11647160,41197400.2000,3,0.909100,1,0.284900,0
2024-03-08,sz.002344,3.5300,3.5600,3.4800,3.5600,3.5200,8122930,28628764.6000,3,0.634000,1,1.136400,0
2024-03-11,sz.002344,3.5600,3.5900,3.5400,3.5800,3.5600,10075210,35993174.4100,3,0.786400,1,0.561800,0
2024-03-12,sz.002344,3.5900,3.6500,3.5700,3.6400,3.5800,10198136,36843590.2000,3,0.796000,1,1.676000,0
2024-03-13,sz.002344,3.6400,3.6500,3.5800,3.6200,3.6400,9199836,33286365.0900,3,0.718100,1,-0.549500,0
2024-03-14,sz.002344,3.6200,3.6400,3.5800,3.6200,3.6200,8783900,31769242.0000,3,0.685600,1,0.000000,0
2024-03-15,sz.002344,3.6100,3.7200,3.5900,3.7200,3.6200,10321962,37761172.0500,3,0.805600,1,2.762400,0
2024-03-18,sz.002344,3.7200,3.7400,3.6800,3.7400,3.7200,10976146,40668252.9000,3,0.856700,1,0.537600,0
2024-03-19,sz.002344,3.7400,3.7400,3.6900,3.7000,3.7400,9976558,37086096.0200,3,0.778700,1,-1.069500,0
2024-03-20,sz.002344,3.7000,3.7400,3.6800,3.7300,3.7000,7519383,27902629.4400,3,0.586900,1,0.810800,0
2024-03-21,sz.002344,3.7300,3.7700,3.7000,3.7600,3.7300,9707214,36326988.1600,3,0.757700,1,0.804300,0
2024-03-22,sz.002344,3.7700,3.7900,3.6600,3.7100,3.7600,10030600,37282949.0000,3,0.782900,1,-1.329800,0
2024-03-25,sz.002344,3.6800,3.7300,3.6300,3.6300,3.7100,7928000,29222295.8500,3,0.618800,1,-2.156300,0
2024-03-26,sz.002344,3.6300,3.6800,3.5900,3.6800,3.6300,11414399,41584015.3500,3,0.890900,1,1.377400,0
2024-03-27,sz.002344,3.6800,3.7000,3.5900,3.5900,3.6800,9782531,35700661.1500,3,0.763500,1,-2.445700,0
2024-03-28,sz.002344,3.5900,3.6900,3.5700,3.6400,3.5900,10601900,38655196.0000,3,0.827500,1,1.392800,0
2024-03-29,sz.002344,3.6300,3.6700,3.6300,3.6600,3.6400,6596033,24070400.1200,3,0.514800,1,0.549500,0
2024-04-01,sz.002344,3.6800,3.7300,3.6700,3.7300,3.6600,10818180,40148024.7100,3,0.844400,1,1.912600,0
2024-04-02,sz.002344,3.7400,3.7900,3.7200,3.7800,3.7300,11957829,44959372.5700,3,0.933300,1,1.340500,0
2024-04-03,sz.002344,3.7800,3.8200,3.7600,3.8000,3.7800,9850251,37348106.7800,3,0.768700,1,0.529100,0
2024-04-08,sz.002344,3.8000,3.8000,3.7000,3.7200,3.8000,11160831,41832348.2500,3,0.871000,1,-2.105300,0
2024-04-09,sz.002344,3.7100,3.7500,3.6900,3.7300,3.7200,6368700,23679806.0000,3,0.497000,1,0.268800,0
2024-04-10,sz.002344,3.7500,3.7600,3.6400,3.6800,3.7300,8957600,33075409.0000,3,0.699000,1,-1.340500,0
2024-04-11,sz.002344,3.7000,3.7300,3.6400,3.6900,3.6800,8088248,29885929.2000,3,0.631200,1,0.271700,0
2024-04-12,sz.002344,3.6700,3.7100,3.6300,3.6500,3.6900,6874020,25237125.7600,3,0.536400,1,-1.084000,0
2024-04-15,sz.002344,3.6400,3.6600,3.4400,3.5100,3.6500,14147220,49899912.6000,3,1.104000,1,-3.835600,0
2024-04-16,sz.002344,3.4700,3.4800,3.2600,3.2900,3.5100,15605636,52384603.8800,3,1.217800,1,-6.267800,0
2024-04-17,sz.002344,3.3100,3.4700,3.3100,3.4700,3.2900,12131900,41457448.0000,3,0.946700,1,5.471100,0
2024-04-18,sz.002344,3.4600,3.5100,3.4300,3.4500,3.4700,7797900,27082759.0000,3,0.608500,1,-0.576400,0
2024-04-19,sz.002344,3.4600,3.5000,3.4100,3.4200,3.4500,7244700,24953000.0000,3,0.565400,1,-0.869600,0
2024-04-22,sz.002344,3.4300,3.4500,3.3500,3.3900,3.4200,5469469,18597993.2900,3,0.426800,1,-0.877200,0
2024-04-23,sz.002344,3.3900,3.4300,3.3700,3.4000,3.3900,5518600,18792959.0000,3,0.430700,1,0.295000,0
2024-04-24,sz.002344,3.4100,3.4300,3.3700,3.4300,3.4000,4979357,16972781.3700,3,0.388600,1,0.882400,0
2024-04-25,sz.002344,3.4200,3.4800,3.4000,3.4500,3.4300,5232769,18034544.3600,3,0.408300,1,0.583100,0
2024-04-26,sz.002344,3.4500,3.5700,3.4400,3.5600,3.4500,8409515,29504305.2500,3,0.656200,1,3.188400,0
2024-04-29,sz.002344,3.5400,3.6700,3.5200,3.6600,3.5600,11147015,40170255.2500,3,0.869900,1,2.809000,0
2024-04-30,sz.002344,3.6500,3.6900,3.6300,3.6600,3.6600,8825530,32262994.2000,3,0.688700,1,0.000000,0
2024-05-06,sz.002344,3.7000,3.7500,3.6900,3.7000,3.6600,8837693,32815379.0500,3,0.689700,1,1.092900,0
2024-05-07,sz.002344,3.7000,3.7200,3.6500,3.7000,3.7000,8705578,32105198.8200,3,0.679400,1,0.000000,0
2024-05-08,sz.002344,3.6900,3.7000,3.6400,3.6500,3.7000,8056200,29558940.0000,3,0.628700,1,-1.351400,0
2024-05-09,sz.002344,3.6600,3.7200,3.6400,3.7100,3.6500,7210700,26663255.0000,3,0.562700,1,1.643800,0
2024-05-10,sz.002344,3.7200,3.7600,3.6800,3.7500,3.7100,7863592,29321455.0800,3,0.613600,1,1.078200,0
2024-05-13,sz.002344,3.7400,3.7400,3.6500,3.6700,3.7500,8576000,31524806.0000,3,0.669200,1,-2.133300,0
2024-05-14,sz.002344,3.6700,3.7200,3.6600,3.7000,3.6700,6900500,25495570.0000,3,0.538500,1,0.817400,0
2024-05-15,sz.002344,3.7000,3.7400,3.6700,3.7000,3.7000,6183100,22925013.0000,3,0.482500,1,0.000000,0
2024-05-16,sz.002344,3.7100,3.7700,3.6900,3.7400,3.7000,8319482,31169039.9000,3,0.649200,1,1.081100,0
2024-05-17,sz.002344,3.7400,3.8000,3.6900,3.8000,3.7400,11272200,42246405.0000,3,0.879600,1,1.604300,0
2024-05-20,sz.002344,3.8000,3.8300,3.7500,3.7700,3.8000,12185600,46047223.0000,3,0.950900,1,-0.789500,0
2024-05-21,sz.002344,3.7500,3.7600,3.7000,3.7200,3.7700,8171900,30473624.0000,3,0.637700,1,-1.326300,0
2024-05-22,sz.002344,3.7300,3.7800,3.7100,3.7400,3.7200,7659800,28714129.0000,3,0.597700,1,0.537600,0
2024-05-23,sz.002344,3.7400,3.7400,3.6300,3.6500,3.7400,7215500,26466303.0000,3,0.563100,1,-2.406400,0
2024-05-24,sz.002344,3.6500,3.6800,3.6000,3.6000,3.6500,5371800,19541700.0000,3,0.419200,1,-1.369900,0
2024-05-27,sz.002344,3.6200,3.6500,3.5600,3.6200,3.6000,5181000,18650520.0000,3,0.404300,1,0.555600,0
2024-05-28,sz.002344,3.6200,3.6200,3.5300,3.5400,3.6200,7315500,26085241.0000,3,0.570900,1,-2.209900,0
2024-05-29,sz.002344,3.5600,3.5900,3.5100,3.5300,3.5400,5432700,19301244.0000,3,0.423900,1,-0.282500,0
2024-05-30,sz.002344,3.5100,3.5500,3.4500,3.4800,3.5300,7305100,25486075.9600,3,0.570100,1,-1.416400,0
2024-05-31,sz.002344,3.4800,3.5300,3.4800,3.4900,3.4800,5784304,20247682.0000,3,0.451400,1,0.287400,0
2024-06-03,sz.002344,3.5000,3.5100,3.3800,3.4100,3.4900,8601604,29492932.6800,3,0.671200,1,-2.292300,0
2024-06-04,sz.002344,3.4100,3.4100,3.3500,3.4000,3.4100,6629400,22427917.0000,3,0.517300,1,-0.293300,0
2024-06-05,sz.002344,3.3800,3.3900,3.2900,3.2900,3.4000,11917725,39790028.5000,3,0.930000,1,-3.235300,0
2024-06-06,sz.002344,3.3000,3.3200,3.0900,3.1300,3.2900,17443257,55438839.3500,3,1.361200,1,-4.863200,0
2024-06-07,sz.002344,3.1800,3.2600,3.1400,3.2500,3.1300,11728808,37610638.3200,3,0.915300,1,3.833900,0
2024-06-11,sz.002344,3.2500,3.2600,3.1700,3.2300,3.2500,7078300,22724757.0000,3,0.552400,1,-0.615400,0
2024-06-12,sz.002344,3.2200,3.2800,3.2100,3.2700,3.2300,5965804,19388566.9200,3,0.465600,1,1.238400,0
2024-06-13,sz.002344,3.2800,3.2800,3.1600,3.1800,3.2700,9513100,30398985.0000,3,0.742400,1,-2.752300,0
2024-06-14,sz.002344,3.1700,3.2100,3.1500,3.2000,3.1800,5374271,17125208.1600,3,0.419400,1,0.628900,0
2024-06-17,sz.002344,3.1900,3.2000,3.1400,3.1500,3.2000,5645900,17847595.0000,3,0.440600,1,-1.562500,0
2024-06-18,sz.002344,3.1500,3.1900,3.1500,3.1800,3.1500,3724300,11804634.0000,3,0.290600,1,0.952400,0
2024-06-19,sz.002344,3.1800,3.1900,3.1400,3.1700,3.1800,4471200,14171256.0000,3,0.348900,1,-0.314500,0
2024-06-20,sz.002344,3.1700,3.1800,3.0900,3.1000,3.1700,6561514,20495685.4000,3,0.512000,1,-2.208200,0
2024-06-21,sz.002344,3.1000,3.1400,3.0800,3.1000,3.1000,3651414,11365947.5000,3,0.284900,1,0.000000,0
2024-06-24,sz.002344,3.0700,3.0700,3.0000,3.0100,3.1000,10921800,33071320.9600,3,0.852300,1,-2.903200,0
2024-06-25,sz.002344,3.0200,3.0900,3.0100,3.0600,3.0100,7907416,24187074.2000,3,0.617100,1,1.661100,0
2024-06-26,sz.002344,3.0600,3.1300,3.0300,3.1300,3.0600,5819519,17971863.0900,3,0.454100,1,2.287600,0
2024-06-27,sz.002344,3.1100,3.1500,3.0600,3.0800,3.1300,6372240,19718543.8000,3,0.497300,1,-1.597400,0
2024-06-28,sz.002344,3.0700,3.1100,3.0500,3.0600,3.0800,8608300,26589391.0000,3,0.671800,1,-0.649400,0
2024-07-01,sz.002344,3.0600,3.1300,3.0300,3.1200,3.0600,6799900,21040539.0000,3,0.530600,1,1.960800,0
2024-07-02,sz.002344,3.1300,3.1800,3.1200,3.1600,3.1200,7745354,24460114.6400,3,0.604400,1,1.282100,0
2024-07-03,sz.002344,3.1600,3.2400,3.1500,3.2100,3.1600,7666199,24623516.7900,3,0.598200,1,1.582300,0
2024-07-04,sz.002344,3.1700,3.1800,3.0600,3.0700,3.1700,8627311,26818847.4300,3,0.673200,1,-3.154600,0
2024-07-05,sz.002344,3.0600,3.1200,3.0400,3.1000,3.0700,5215700,16090650.0000,3,0.407000,1,0.977200,0
2024-07-08,sz.002344,3.1000,3.1000,3.0000,3.0100,3.1000,6369100,19341997.0000,3,0.497000,1,-2.903200,0
2024-07-09,sz.002344,3.0100,3.0600,2.9500,3.0400,3.0100,8709500,26119983.8900,3,0.679700,1,0.996700,0
2024-07-10,sz.002344,3.0400,3.0600,2.9800,2.9900,3.0400,6471919,19522363.1900,3,0.505000,1,-1.644700,0
2024-07-11,sz.002344,3.0300,3.1300,3.0300,3.1200,2.9900,10192311,31372504.1000,3,0.795400,1,4.347800,0
2024-07-12,sz.002344,3.1200,3.1900,3.1000,3.1400,3.1200,6859900,21609654.0000,3,0.535300,1,0.641000,0
2024-07-15,sz.002344,3.1400,3.1400,3.0700,3.0800,3.1400,5001611,15463258.8800,3,0.390300,1,-1.910800,0
2024-07-16,sz.002344,3.0700,3.0900,3.0500,3.0700,3.0800,4805100,14731530.0000,3,0.375000,1,-0.324700,0
2024-07-17,sz.002344,3.0600,3.1200,3.0600,3.0900,3.0700,5449300,16853357.0000,3,0.425200,1,0.651500,0
2024-07-18,sz.002344,3.0700,3.1000,3.0400,3.0900,3.0900,5583300,17098109.0000,3,0.435700,1,0.000000,0
2024-07-19,sz.002344,3.0800,3.0900,3.0400,3.0700,3.0900,5490799,16819235.9400,3,0.428500,1,-0.647200,0
2024-07-22,sz.002344,3.0800,3.0800,3.0400,3.0500,3.0700,5278400,16121321.0000,3,0.411900,1,-0.651500,0
2024-07-23,sz.002344,3.0500,3.1000,3.0300,3.0300,3.0500,6703084,20569052.6400,3,0.523100,1,-0.655700,0
2024-07-24,sz.002344,3.0200,3.0300,2.9700,2.9900,3.0300,6303600,18876561.0000,3,0.491900,1,-1.320100,0
2024-07-25,sz.002344,2.9700,3.0300,2.9600,3.0100,2.9900,4451532,13348917.0000,3,0.347400,1,0.668900,0
2024-07-26,sz.002344,3.0100,3.0600,3.0100,3.0500,3.0100,4031784,12259841.2000,3,0.314600,1,1.328900,0
2024-07-29,sz.002344,3.0400,3.0900,3.0200,3.0700,3.0500,4095615,12530084.9000,3,0.319600,1,0.655700,0
2024-07-30,sz.002344,3.0600,3.1400,3.0600,3.1200,3.0700,6747600,20885368.0000,3,0.526600,1,1.628700,0
2024-07-31,sz.002344,3.1200,3.1900,3.1100,3.1800,3.1200,8243000,26137396.0000,3,0.643300,1,1.923100,0
2024-08-01,sz.002344,3.1800,3.2100,3.1700,3.1800,3.1800,5980465,19049069.7000,3,0.466700,1,0.000000,0
2024-08-02,sz.002344,3.1700,3.2000,3.1500,3.1700,3.1800,5477302,17405564.3200,3,0.427400,1,-0.314500,0
2024-08-05,sz.002344,3.1600,3.2000,3.1200,3.1300,3.1700,7576500,23968072.0000,3,0.591200,1,-1.261800,0
2024-08-06,sz.002344,3.1600,3.1800,3.1400,3.1800,3.1300,3896960,12298831.4000,3,0.304100,1,1.597400,0
2024-08-07,sz.002344,3.1900,3.1900,3.1400,3.1500,3.1800,3473600,10977518.0000,3,0.271100,1,-0.943400,0
2024-08-08,sz.002344,3.1500,3.2100,3.1400,3.2000,3.1500,5267412,16761949.5200,3,0.411100,1,1.587300,0
2024-08-09,sz.002344,3.2100,3.2500,3.1900,3.2000,3.2000,7019100,22592762.0000,3,0.547700,1,0.000000,0
2024-08-12,sz.002344,3.2000,3.2000,3.1500,3.1600,3.2000,5005650,15872265.0000,3,0.390600,1,-1.250000,0
2024-08-13,sz.002344,3.1500,3.1800,3.1300,3.1600,3.1600,3742000,11790313.0000,3,0.292000,1,0.000000,0
2024-08-14,sz.002344,3.1400,3.1700,3.1300,3.1300,3.1600,3417800,10744278.0000,3,0.266700,1,-0.949400,0
2024-08-15,sz.002344,3.1400,3.1800,3.1100,3.1700,3.1300,5576002,17589586.2800,3,0.435100,1,1.278000,0
2024-08-16,sz.002344,3.1800,3.1900,3.1200,3.1300,3.1700,4961400,15605819.0000,3,0.387200,1,-1.261800,0
2024-08-19,sz.002344,3.1400,3.1600,3.1100,3.1400,3.1300,4434800,13898931.0000,3,0.346100,1,0.319500,0
2024-08-20,sz.002344,3.1400,3.1500,3.0800,3.0900,3.1400,5887100,18261654.0000,3,0.459400,1,-1.592400,0
2024-08-21,sz.002344,3.0900,3.1000,3.0500,3.0600,3.0900,3961200,12143816.0000,3,0.309100,1,-0.970900,0
2024-08-22,sz.002344,3.0600,3.0800,3.0000,3.0000,3.0600,5911600,17898303.0000,3,0.461300,1,-1.960800,0
2024-08-23,sz.002344,3.0200,3.0200,2.9600,2.9800,3.0000,5375800,16052087.0000,3,0.419500,1,-0.666700,0
2024-08-26,sz.002344,2.9900,3.0500,2.9700,3.0200,2.9800,4649800,14034153.0000,3,0.362900,1,1.342300,0
2024-08-27,sz.002344,3.0300,3.0400,2.9800,2.9900,3.0200,4743500,14223622.0000,3,0.370200,1,-0.993400,0
2024-08-28,sz.002344,2.9900,3.0200,2.9600,2.9900,2.9900,5763100,17263679.0000,3,0.449700,1,0.000000,0
2024-08-29,sz.002344,2.9800,3.0100,2.9700,3.0000,2.9900,5285200,15829934.0000,3,0.412400,1,0.334400,0
2024-08-30,sz.002344,3.0000,3.1200,3.0000,3.0700,3.0000,8569564,26268523.4000,3,0.668700,1,2.333300,0
2024-09-02,sz.002344,3.0700,3.1100,3.0300,3.0400,3.0700,6477469,19908630.1400,3,0.505500,1,-0.977200,0
2024-09-03,sz.002344,3.0500,3.0800,3.0400,3.0700,3.0400,5163800,15803860.0000,3,0.403000,1,0.986800,0
2024-09-04,sz.002344,3.0600,3.0800,3.0400,3.0500,3.0700,4520800,13841562.0000,3,0.352800,1,-0.651500,0
2024-09-05,sz.002344,3.0500,3.1000,3.0500,3.0900,3.0500,4906200,15113463.0000,3,0.382900,1,1.311500,0
2024-09-06,sz.002344,3.0900,3.1200,3.0600,3.0700,3.0900,5723000,17670464.0000,3,0.446600,1,-0.647200,0
2024-09-09,sz.002344,3.0500,3.1200,3.0300,3.1000,3.0700,7071200,21812858.0000,3,0.551800,1,0.977200,0
2024-09-10,sz.002344,3.1100,3.1500,3.0500,3.0900,3.1000,6870600,21220128.0000,3,0.536200,1,-0.322600,0
2024-09-11,sz.002344,3.0800,3.0800,3.0100,3.0200,3.0900,6236800,18928782.4000,3,0.486700,1,-2.265400,0
2024-09-12,sz.002344,3.0300,3.0700,3.0200,3.0400,3.0200,5565000,16929936.0000,3,0.434300,1,0.662300,0
2024-09-13,sz.002344,3.0500,3.0900,3.0300,3.0600,3.0400,5911300,18102599.0000,3,0.461300,1,0.657900,0
2024-09-18,sz.002344,3.0600,3.0700,2.9800,3.0300,3.0600,5213100,15734851.0000,3,0.406800,1,-0.980400,0
2024-09-19,sz.002344,3.0400,3.1300,3.0300,3.1300,3.0300,7731800,23963144.0000,3,0.603400,1,3.300300,0
2024-09-20,sz.002344,3.1400,3.1600,3.1000,3.1500,3.1300,6962400,21821682.0000,3,0.543300,1,0.639000,0
2024-09-23,sz.002344,3.1500,3.1600,3.1200,3.1600,3.1500,4750716,14922122.0800,3,0.370700,1,0.317500,0
2024-09-24,sz.002344,3.1700,3.2400,3.1600,3.2400,3.1600,10142595,32539589.3500,3,0.791500,1,2.531600,0
2024-09-25,sz.002344,3.3000,3.4200,3.2900,3.3200,3.2400,15550169,52213918.0800,3,1.213500,1,2.469100,0
2024-09-26,sz.002344,3.3100,3.4900,3.3100,3.4800,3.3200,16217304,55262178.8500,3,1.265500,1,4.819300,0
2024-09-27,sz.002344,3.5400,3.6400,3.4900,3.5800,3.4800,23564800,83650922.0000,3,1.838900,1,2.873600,0
2024-09-30,sz.002344,3.7200,3.8800,3.5900,3.8600,3.5800,48445878,181755895.3100,3,3.780600,1,7.821200,0
2024-10-08,sz.002344,4.2300,4.2300,3.8100,3.9800,3.8600,52709948,211859562.9100,3,4.113300,1,3.108800,0
2024-10-09,sz.002344,3.9100,3.9200,3.6500,3.6500,3.9800,29081293,109849080.3900,3,2.269400,1,-8.291500,0
2024-10-10,sz.002344,3.6800,3.7800,3.6000,3.7200,3.6500,20079002,74351958.4400,3,1.566900,1,1.917800,0
2024-10-11,sz.002344,3.7100,3.8000,3.5900,3.6500,3.7200,18029106,66564012.0200,3,1.406900,1,-1.881700,0
2024-10-14,sz.002344,3.6800,3.7200,3.6000,3.6800,3.6500,13767310,50507146.4000,3,1.074400,1,0.821900,0
2024-10-15,sz.002344,3.6700,3.7000,3.6300,3.6300,3.6800,12206601,44738587.6700,3,0.952600,1,-1.358700,0
2024-10-16,sz.002344,3.6000,3.7100,3.5900,3.6900,3.6300,12909400,47345029.0000,3,1.007400,1,1.652900,0
2024-10-17,sz.002344,3.7000,3.7100,3.5900,3.5900,3.6900,14535400,52933726.0000,3,1.134300,1,-2.710000,0
2024-10-18,sz.002344,3.5800,3.7000,3.5400,3.6500,3.5900,17176229,62073398.8600,3,1.340400,1,1.671300,0
2024-10-21,sz.002344,3.6700,3.6700,3.6000,3.6200,3.6500,11363015,41202246.3000,3,0.886700,1,-0.821900,0
2024-10-22,sz.002344,3.6200,3.6600,3.6000,3.6600,3.6200,10313915,37545351.7500,3,0.804900,1,1.105000,0
2024-10-23,sz.002344,3.6800,3.7800,3.6700,3.7300,3.6600,19248100,71571753.0000,3,1.502100,1,1.912600,0
2024-10-24,sz.002344,3.7200,3.8200,3.7000,3.7900,3.7300,14458500,54534968.0000,3,1.128300,1,1.608600,0
2024-10-25,sz.002344,3.7900,3.8200,3.7700,3.8100,3.7900,14347162,54433918.9800,3,1.119600,1,0.527700,0
2024-10-28,sz.002344,3.8100,3.9500,3.7900,3.9400,3.8100,20115180,78276587.5000,3,1.569700,1,3.412100,0
2024-10-29,sz.002344,3.9500,3.9700,3.8200,3.8300,3.9400,14496120,56188599.8000,3,1.131200,1,-2.791900,0
2024-10-30,sz.002344,3.8200,3.8900,3.7900,3.8300,3.8300,12604600,48350335.0000,3,0.983600,1,0.000000,0
2024-10-31,sz.002344,3.8200,3.8900,3.7900,3.8600,3.8300,13246400,51121041.0000,3,1.033700,1,0.783300,0
2024-11-01,sz.002344,3.8600,3.9200,3.7700,3.7900,3.8600,17969435,68800122.8500,3,1.402300,1,-1.813500,0
2024-11-04,sz.002344,3.7800,3.8600,3.7600,3.8600,3.7900,13538029,51662101.6900,3,1.056500,1,1.847000,0
2024-11-05,sz.002344,3.8700,3.9500,3.8500,3.9500,3.8600,14990709,58633311.0600,3,1.169800,1,2.331600,0
2024-11-06,sz.002344,3.9400,4.0500,3.9000,4.0200,3.9500,23411034,93367480.4900,3,1.826900,1,1.772200,0
2024-11-07,sz.002344,3.9900,4.1600,3.9800,4.1400,4.0200,22841400,93404299.0000,3,1.782500,1,2.985100,0
2024-11-08,sz.002344,4.1600,4.2100,4.0200,4.0700,4.1400,21322906,87299976.4600,3,1.664000,1,-1.690800,0
2024-11-11,sz.002344,4.0500,4.1100,4.0200,4.0700,4.0700,16947551,68728343.5300,3,1.322500,1,0.000000,0
2024-11-12,sz.002344,4.1000,4.1700,4.0400,4.0700,4.0700,20014231,82167266.3400,3,1.561800,1,0.000000,0
2024-11-13,sz.002344,4.0700,4.1200,3.9900,4.0500,4.0700,13957700,56450353.2900,3,1.089200,1,-0.491400,0
2024-11-14,sz.002344,4.0500,4.0600,3.9300,3.9400,4.0500,12780028,50904787.1600,3,0.997300,1,-2.716000,0
2024-11-15,sz.002344,4.3300,4.3300,4.3300,4.3300,3.9400,8903021,38550080.9300,3,0.694800,1,9.898500,0
